<?xml version="1.0" encoding="utf-8"?>
<gpx xmlns="http://www.topografix.com/GPX/1/1" version="1.1" creator="https://mapy.com/">
	<trk>
		<name>den 6</name>
		<trkseg>
			<trkpt lat="46.622471" lon="12.929794">
				<ele>1200.000000</ele>
			</trkpt>
			<trkpt lat="46.622453" lon="12.929945">
				<ele>1200.000000</ele>
			</trkpt>
			<trkpt lat="46.622434" lon="12.929857">
				<ele>1199.000000</ele>
			</trkpt>
			<trkpt lat="46.622409" lon="12.929802">
				<ele>1199.000000</ele>
			</trkpt>
			<trkpt lat="46.622378" lon="12.929721">
				<ele>1198.000000</ele>
			</trkpt>
			<trkpt lat="46.622341" lon="12.929668">
				<ele>1197.000000</ele>
			</trkpt>
			<trkpt lat="46.622299" lon="12.929614">
				<ele>1197.000000</ele>
			</trkpt>
			<trkpt lat="46.622107" lon="12.929416">
				<ele>1194.000000</ele>
			</trkpt>
			<trkpt lat="46.621891" lon="12.929173">
				<ele>1191.000000</ele>
			</trkpt>
			<trkpt lat="46.621805" lon="12.929056">
				<ele>1190.000000</ele>
			</trkpt>
			<trkpt lat="46.621694" lon="12.928903">
				<ele>1189.000000</ele>
			</trkpt>
			<trkpt lat="46.621589" lon="12.928769">
				<ele>1187.000000</ele>
			</trkpt>
			<trkpt lat="46.621484" lon="12.928662">
				<ele>1186.000000</ele>
			</trkpt>
			<trkpt lat="46.621342" lon="12.928526">
				<ele>1184.000000</ele>
			</trkpt>
			<trkpt lat="46.621312" lon="12.928463">
				<ele>1184.000000</ele>
			</trkpt>
			<trkpt lat="46.621281" lon="12.928392">
				<ele>1183.000000</ele>
			</trkpt>
			<trkpt lat="46.621175" lon="12.928159">
				<ele>1181.000000</ele>
			</trkpt>
			<trkpt lat="46.620947" lon="12.928213">
				<ele>1180.000000</ele>
			</trkpt>
			<trkpt lat="46.620904" lon="12.928221">
				<ele>1180.000000</ele>
			</trkpt>
			<trkpt lat="46.620793" lon="12.928400">
				<ele>1181.000000</ele>
			</trkpt>
			<trkpt lat="46.620713" lon="12.928607">
				<ele>1182.000000</ele>
			</trkpt>
			<trkpt lat="46.620577" lon="12.928876">
				<ele>1183.000000</ele>
			</trkpt>
			<trkpt lat="46.620447" lon="12.929021">
				<ele>1184.000000</ele>
			</trkpt>
			<trkpt lat="46.620331" lon="12.929075">
				<ele>1185.000000</ele>
			</trkpt>
			<trkpt lat="46.620194" lon="12.929146">
				<ele>1186.000000</ele>
			</trkpt>
			<trkpt lat="46.620121" lon="12.929272">
				<ele>1187.000000</ele>
			</trkpt>
			<trkpt lat="46.620108" lon="12.929551">
				<ele>1188.000000</ele>
			</trkpt>
			<trkpt lat="46.620046" lon="12.929794">
				<ele>1189.000000</ele>
			</trkpt>
			<trkpt lat="46.619929" lon="12.930081">
				<ele>1190.000000</ele>
			</trkpt>
			<trkpt lat="46.619849" lon="12.930314">
				<ele>1191.000000</ele>
			</trkpt>
			<trkpt lat="46.619818" lon="12.930737">
				<ele>1193.000000</ele>
			</trkpt>
			<trkpt lat="46.619886" lon="12.930934">
				<ele>1193.000000</ele>
			</trkpt>
			<trkpt lat="46.619954" lon="12.931213">
				<ele>1194.000000</ele>
			</trkpt>
			<trkpt lat="46.619954" lon="12.931410">
				<ele>1195.000000</ele>
			</trkpt>
			<trkpt lat="46.619849" lon="12.931733">
				<ele>1196.000000</ele>
			</trkpt>
			<trkpt lat="46.619750" lon="12.932058">
				<ele>1198.000000</ele>
			</trkpt>
			<trkpt lat="46.619645" lon="12.932237">
				<ele>1198.000000</ele>
			</trkpt>
			<trkpt lat="46.619633" lon="12.932534">
				<ele>1199.000000</ele>
			</trkpt>
			<trkpt lat="46.619670" lon="12.932685">
				<ele>1200.000000</ele>
			</trkpt>
			<trkpt lat="46.619614" lon="12.932811">
				<ele>1201.000000</ele>
			</trkpt>
			<trkpt lat="46.619645" lon="12.932865">
				<ele>1201.000000</ele>
			</trkpt>
			<trkpt lat="46.619620" lon="12.932955">
				<ele>1202.000000</ele>
			</trkpt>
			<trkpt lat="46.619627" lon="12.933037">
				<ele>1202.000000</ele>
			</trkpt>
			<trkpt lat="46.619732" lon="12.933314">
				<ele>1204.000000</ele>
			</trkpt>
			<trkpt lat="46.619757" lon="12.933700">
				<ele>1207.000000</ele>
			</trkpt>
			<trkpt lat="46.619701" lon="12.934052">
				<ele>1209.000000</ele>
			</trkpt>
			<trkpt lat="46.619651" lon="12.934276">
				<ele>1211.000000</ele>
			</trkpt>
			<trkpt lat="46.619651" lon="12.934518">
				<ele>1213.000000</ele>
			</trkpt>
			<trkpt lat="46.619658" lon="12.934708">
				<ele>1215.000000</ele>
			</trkpt>
			<trkpt lat="46.619602" lon="12.934859">
				<ele>1216.000000</ele>
			</trkpt>
			<trkpt lat="46.619535" lon="12.935039">
				<ele>1218.000000</ele>
			</trkpt>
			<trkpt lat="46.619584" lon="12.935121">
				<ele>1219.000000</ele>
			</trkpt>
			<trkpt lat="46.619658" lon="12.935425">
				<ele>1228.000000</ele>
			</trkpt>
			<trkpt lat="46.619781" lon="12.935821">
				<ele>1230.000000</ele>
			</trkpt>
			<trkpt lat="46.619769" lon="12.936207">
				<ele>1230.000000</ele>
			</trkpt>
			<trkpt lat="46.619799" lon="12.936585">
				<ele>1230.000000</ele>
			</trkpt>
			<trkpt lat="46.619861" lon="12.936971">
				<ele>1233.000000</ele>
			</trkpt>
			<trkpt lat="46.619892" lon="12.937222">
				<ele>1236.000000</ele>
			</trkpt>
			<trkpt lat="46.619917" lon="12.937465">
				<ele>1239.000000</ele>
			</trkpt>
			<trkpt lat="46.619905" lon="12.937788">
				<ele>1242.000000</ele>
			</trkpt>
			<trkpt lat="46.619880" lon="12.938138">
				<ele>1246.000000</ele>
			</trkpt>
			<trkpt lat="46.619917" lon="12.938543">
				<ele>1250.000000</ele>
			</trkpt>
			<trkpt lat="46.619917" lon="12.939585">
				<ele>1260.000000</ele>
			</trkpt>
			<trkpt lat="46.619867" lon="12.939971">
				<ele>1264.000000</ele>
			</trkpt>
			<trkpt lat="46.619805" lon="12.940142">
				<ele>1265.000000</ele>
			</trkpt>
			<trkpt lat="46.619911" lon="12.940725">
				<ele>1271.000000</ele>
			</trkpt>
			<trkpt lat="46.620046" lon="12.941076">
				<ele>1278.000000</ele>
			</trkpt>
			<trkpt lat="46.620262" lon="12.941866">
				<ele>1289.000000</ele>
			</trkpt>
			<trkpt lat="46.620337" lon="12.942262">
				<ele>1290.000000</ele>
			</trkpt>
			<trkpt lat="46.620312" lon="12.942361">
				<ele>1291.000000</ele>
			</trkpt>
			<trkpt lat="46.620343" lon="12.942486">
				<ele>1293.000000</ele>
			</trkpt>
			<trkpt lat="46.620324" lon="12.942585">
				<ele>1295.000000</ele>
			</trkpt>
			<trkpt lat="46.620225" lon="12.942658">
				<ele>1298.000000</ele>
			</trkpt>
			<trkpt lat="46.620102" lon="12.942684">
				<ele>1301.000000</ele>
			</trkpt>
			<trkpt lat="46.620077" lon="12.942819">
				<ele>1302.000000</ele>
			</trkpt>
			<trkpt lat="46.620170" lon="12.943268">
				<ele>1306.000000</ele>
			</trkpt>
			<trkpt lat="46.620256" lon="12.943457">
				<ele>1308.000000</ele>
			</trkpt>
			<trkpt lat="46.620349" lon="12.943564">
				<ele>1309.000000</ele>
			</trkpt>
			<trkpt lat="46.620385" lon="12.943780">
				<ele>1310.000000</ele>
			</trkpt>
			<trkpt lat="46.620379" lon="12.944220">
				<ele>1310.000000</ele>
			</trkpt>
			<trkpt lat="46.620040" lon="12.944939">
				<ele>1310.000000</ele>
			</trkpt>
			<trkpt lat="46.619793" lon="12.945073">
				<ele>1310.000000</ele>
			</trkpt>
			<trkpt lat="46.619596" lon="12.944633">
				<ele>1310.000000</ele>
			</trkpt>
			<trkpt lat="46.619356" lon="12.944463">
				<ele>1306.000000</ele>
			</trkpt>
			<trkpt lat="46.619102" lon="12.945245">
				<ele>1283.000000</ele>
			</trkpt>
			<trkpt lat="46.619084" lon="12.945487">
				<ele>1278.000000</ele>
			</trkpt>
			<trkpt lat="46.619053" lon="12.945675">
				<ele>1274.000000</ele>
			</trkpt>
			<trkpt lat="46.619028" lon="12.946025">
				<ele>1268.000000</ele>
			</trkpt>
			<trkpt lat="46.619065" lon="12.946178">
				<ele>1265.000000</ele>
			</trkpt>
			<trkpt lat="46.618924" lon="12.946503">
				<ele>1258.000000</ele>
			</trkpt>
			<trkpt lat="46.618930" lon="12.946654">
				<ele>1255.000000</ele>
			</trkpt>
			<trkpt lat="46.618880" lon="12.946924">
				<ele>1250.000000</ele>
			</trkpt>
			<trkpt lat="46.618763" lon="12.947122">
				<ele>1247.000000</ele>
			</trkpt>
			<trkpt lat="46.618683" lon="12.947356">
				<ele>1245.000000</ele>
			</trkpt>
			<trkpt lat="46.618596" lon="12.947571">
				<ele>1243.000000</ele>
			</trkpt>
			<trkpt lat="46.618602" lon="12.947688">
				<ele>1241.000000</ele>
			</trkpt>
			<trkpt lat="46.618541" lon="12.947795">
				<ele>1240.000000</ele>
			</trkpt>
			<trkpt lat="46.618430" lon="12.947895">
				<ele>1237.000000</ele>
			</trkpt>
			<trkpt lat="46.618078" lon="12.947931">
				<ele>1229.000000</ele>
			</trkpt>
			<trkpt lat="46.618047" lon="12.948021">
				<ele>1228.000000</ele>
			</trkpt>
			<trkpt lat="46.617837" lon="12.948461">
				<ele>1222.000000</ele>
			</trkpt>
			<trkpt lat="46.617727" lon="12.948820">
				<ele>1217.000000</ele>
			</trkpt>
			<trkpt lat="46.617442" lon="12.948855">
				<ele>1210.000000</ele>
			</trkpt>
			<trkpt lat="46.617263" lon="12.949027">
				<ele>1210.000000</ele>
			</trkpt>
			<trkpt lat="46.616585" lon="12.949449">
				<ele>1210.000000</ele>
			</trkpt>
			<trkpt lat="46.616511" lon="12.949700">
				<ele>1210.000000</ele>
			</trkpt>
			<trkpt lat="46.616548" lon="12.949897">
				<ele>1210.000000</ele>
			</trkpt>
			<trkpt lat="46.616783" lon="12.950095">
				<ele>1210.000000</ele>
			</trkpt>
			<trkpt lat="46.616826" lon="12.950221">
				<ele>1210.000000</ele>
			</trkpt>
			<trkpt lat="46.616912" lon="12.950661">
				<ele>1210.000000</ele>
			</trkpt>
			<trkpt lat="46.616931" lon="12.951074">
				<ele>1210.000000</ele>
			</trkpt>
			<trkpt lat="46.616906" lon="12.951443">
				<ele>1210.000000</ele>
			</trkpt>
			<trkpt lat="46.616820" lon="12.951577">
				<ele>1210.000000</ele>
			</trkpt>
			<trkpt lat="46.616567" lon="12.951703">
				<ele>1213.000000</ele>
			</trkpt>
			<trkpt lat="46.616665" lon="12.951774">
				<ele>1214.000000</ele>
			</trkpt>
			<trkpt lat="46.616776" lon="12.951730">
				<ele>1215.000000</ele>
			</trkpt>
			<trkpt lat="46.616807" lon="12.951766">
				<ele>1215.000000</ele>
			</trkpt>
			<trkpt lat="46.616807" lon="12.951774">
				<ele>1215.000000</ele>
			</trkpt>
			<trkpt lat="46.616813" lon="12.951811">
				<ele>1215.000000</ele>
			</trkpt>
			<trkpt lat="46.616813" lon="12.951847">
				<ele>1216.000000</ele>
			</trkpt>
			<trkpt lat="46.616739" lon="12.951981">
				<ele>1216.000000</ele>
			</trkpt>
			<trkpt lat="46.616634" lon="12.952080">
				<ele>1217.000000</ele>
			</trkpt>
			<trkpt lat="46.616412" lon="12.952126">
				<ele>1218.000000</ele>
			</trkpt>
			<trkpt lat="46.616264" lon="12.952153">
				<ele>1219.000000</ele>
			</trkpt>
			<trkpt lat="46.616252" lon="12.952449">
				<ele>1220.000000</ele>
			</trkpt>
			<trkpt lat="46.616233" lon="12.952520">
				<ele>1221.000000</ele>
			</trkpt>
			<trkpt lat="46.616215" lon="12.952583">
				<ele>1222.000000</ele>
			</trkpt>
			<trkpt lat="46.616184" lon="12.952637">
				<ele>1222.000000</ele>
			</trkpt>
			<trkpt lat="46.616110" lon="12.952763">
				<ele>1224.000000</ele>
			</trkpt>
			<trkpt lat="46.616103" lon="12.952790">
				<ele>1224.000000</ele>
			</trkpt>
			<trkpt lat="46.616054" lon="12.952935">
				<ele>1226.000000</ele>
			</trkpt>
			<trkpt lat="46.615808" lon="12.953482">
				<ele>1232.000000</ele>
			</trkpt>
			<trkpt lat="46.615740" lon="12.953635">
				<ele>1233.000000</ele>
			</trkpt>
			<trkpt lat="46.615709" lon="12.953805">
				<ele>1234.000000</ele>
			</trkpt>
			<trkpt lat="46.615721" lon="12.953922">
				<ele>1235.000000</ele>
			</trkpt>
			<trkpt lat="46.615771" lon="12.954057">
				<ele>1235.000000</ele>
			</trkpt>
			<trkpt lat="46.615826" lon="12.954111">
				<ele>1236.000000</ele>
			</trkpt>
			<trkpt lat="46.615875" lon="12.954137">
				<ele>1236.000000</ele>
			</trkpt>
			<trkpt lat="46.615999" lon="12.954227">
				<ele>1238.000000</ele>
			</trkpt>
			<trkpt lat="46.616018" lon="12.954254">
				<ele>1238.000000</ele>
			</trkpt>
			<trkpt lat="46.616054" lon="12.954290">
				<ele>1238.000000</ele>
			</trkpt>
			<trkpt lat="46.616246" lon="12.954497">
				<ele>1240.000000</ele>
			</trkpt>
			<trkpt lat="46.616258" lon="12.954524">
				<ele>1240.000000</ele>
			</trkpt>
			<trkpt lat="46.616313" lon="12.954614">
				<ele>1240.000000</ele>
			</trkpt>
			<trkpt lat="46.616375" lon="12.954730">
				<ele>1241.000000</ele>
			</trkpt>
			<trkpt lat="46.616437" lon="12.954883">
				<ele>1241.000000</ele>
			</trkpt>
			<trkpt lat="46.616474" lon="12.955045">
				<ele>1241.000000</ele>
			</trkpt>
			<trkpt lat="46.616498" lon="12.955143">
				<ele>1241.000000</ele>
			</trkpt>
			<trkpt lat="46.616505" lon="12.955260">
				<ele>1242.000000</ele>
			</trkpt>
			<trkpt lat="46.616505" lon="12.955332">
				<ele>1242.000000</ele>
			</trkpt>
			<trkpt lat="46.616449" lon="12.955556">
				<ele>1242.000000</ele>
			</trkpt>
			<trkpt lat="46.616375" lon="12.955763">
				<ele>1242.000000</ele>
			</trkpt>
			<trkpt lat="46.616338" lon="12.955862">
				<ele>1243.000000</ele>
			</trkpt>
			<trkpt lat="46.616313" lon="12.955961">
				<ele>1243.000000</ele>
			</trkpt>
			<trkpt lat="46.616252" lon="12.956275">
				<ele>1243.000000</ele>
			</trkpt>
			<trkpt lat="46.616172" lon="12.956564">
				<ele>1244.000000</ele>
			</trkpt>
			<trkpt lat="46.616097" lon="12.956743">
				<ele>1244.000000</ele>
			</trkpt>
			<trkpt lat="46.615795" lon="12.957147">
				<ele>1245.000000</ele>
			</trkpt>
			<trkpt lat="46.615653" lon="12.957353">
				<ele>1246.000000</ele>
			</trkpt>
			<trkpt lat="46.615511" lon="12.957596">
				<ele>1246.000000</ele>
			</trkpt>
			<trkpt lat="46.615338" lon="12.958126">
				<ele>1247.000000</ele>
			</trkpt>
			<trkpt lat="46.615271" lon="12.958269">
				<ele>1248.000000</ele>
			</trkpt>
			<trkpt lat="46.615197" lon="12.958386">
				<ele>1248.000000</ele>
			</trkpt>
			<trkpt lat="46.615061" lon="12.958531">
				<ele>1248.000000</ele>
			</trkpt>
			<trkpt lat="46.614857" lon="12.958818">
				<ele>1249.000000</ele>
			</trkpt>
			<trkpt lat="46.614876" lon="12.959573">
				<ele>1250.000000</ele>
			</trkpt>
			<trkpt lat="46.614777" lon="12.959770">
				<ele>1250.000000</ele>
			</trkpt>
			<trkpt lat="46.614617" lon="12.959914">
				<ele>1250.000000</ele>
			</trkpt>
			<trkpt lat="46.614493" lon="12.960237">
				<ele>1250.000000</ele>
			</trkpt>
			<trkpt lat="46.614240" lon="12.961072">
				<ele>1250.000000</ele>
			</trkpt>
			<trkpt lat="46.613827" lon="12.961872">
				<ele>1250.000000</ele>
			</trkpt>
			<trkpt lat="46.613802" lon="12.961971">
				<ele>1250.000000</ele>
			</trkpt>
			<trkpt lat="46.613808" lon="12.962088">
				<ele>1250.000000</ele>
			</trkpt>
			<trkpt lat="46.613846" lon="12.962447">
				<ele>1250.000000</ele>
			</trkpt>
			<trkpt lat="46.613858" lon="12.962537">
				<ele>1250.000000</ele>
			</trkpt>
			<trkpt lat="46.613864" lon="12.962690">
				<ele>1250.000000</ele>
			</trkpt>
			<trkpt lat="46.613852" lon="12.962923">
				<ele>1250.000000</ele>
			</trkpt>
			<trkpt lat="46.613858" lon="12.963013">
				<ele>1250.000000</ele>
			</trkpt>
			<trkpt lat="46.613882" lon="12.963076">
				<ele>1251.000000</ele>
			</trkpt>
			<trkpt lat="46.613944" lon="12.963156">
				<ele>1251.000000</ele>
			</trkpt>
			<trkpt lat="46.614006" lon="12.963219">
				<ele>1252.000000</ele>
			</trkpt>
			<trkpt lat="46.614068" lon="12.963282">
				<ele>1252.000000</ele>
			</trkpt>
			<trkpt lat="46.614104" lon="12.963355">
				<ele>1253.000000</ele>
			</trkpt>
			<trkpt lat="46.614160" lon="12.963596">
				<ele>1254.000000</ele>
			</trkpt>
			<trkpt lat="46.614185" lon="12.963921">
				<ele>1256.000000</ele>
			</trkpt>
			<trkpt lat="46.614265" lon="12.964011">
				<ele>1257.000000</ele>
			</trkpt>
			<trkpt lat="46.614296" lon="12.964145">
				<ele>1258.000000</ele>
			</trkpt>
			<trkpt lat="46.614345" lon="12.964487">
				<ele>1259.000000</ele>
			</trkpt>
			<trkpt lat="46.614444" lon="12.964810">
				<ele>1262.000000</ele>
			</trkpt>
			<trkpt lat="46.614567" lon="12.965025">
				<ele>1264.000000</ele>
			</trkpt>
			<trkpt lat="46.614678" lon="12.965277">
				<ele>1266.000000</ele>
			</trkpt>
			<trkpt lat="46.614783" lon="12.965456">
				<ele>1268.000000</ele>
			</trkpt>
			<trkpt lat="46.614827" lon="12.965627">
				<ele>1270.000000</ele>
			</trkpt>
			<trkpt lat="46.614900" lon="12.965798">
				<ele>1272.000000</ele>
			</trkpt>
			<trkpt lat="46.615006" lon="12.966005">
				<ele>1275.000000</ele>
			</trkpt>
			<trkpt lat="46.615073" lon="12.966085">
				<ele>1276.000000</ele>
			</trkpt>
			<trkpt lat="46.615215" lon="12.966229">
				<ele>1279.000000</ele>
			</trkpt>
			<trkpt lat="46.615271" lon="12.966328">
				<ele>1282.000000</ele>
			</trkpt>
			<trkpt lat="46.615295" lon="12.966525">
				<ele>1286.000000</ele>
			</trkpt>
			<trkpt lat="46.615332" lon="12.966615">
				<ele>1288.000000</ele>
			</trkpt>
			<trkpt lat="46.615363" lon="12.966688">
				<ele>1290.000000</ele>
			</trkpt>
			<trkpt lat="46.615437" lon="12.966741">
				<ele>1294.000000</ele>
			</trkpt>
			<trkpt lat="46.615450" lon="12.966795">
				<ele>1296.000000</ele>
			</trkpt>
			<trkpt lat="46.615468" lon="12.966875">
				<ele>1298.000000</ele>
			</trkpt>
			<trkpt lat="46.615542" lon="12.966929">
				<ele>1301.000000</ele>
			</trkpt>
			<trkpt lat="46.615548" lon="12.966911">
				<ele>1302.000000</ele>
			</trkpt>
			<trkpt lat="46.615561" lon="12.966840">
				<ele>1304.000000</ele>
			</trkpt>
			<trkpt lat="46.615653" lon="12.966732">
				<ele>1308.000000</ele>
			</trkpt>
			<trkpt lat="46.615690" lon="12.966831">
				<ele>1310.000000</ele>
			</trkpt>
			<trkpt lat="46.615727" lon="12.966858">
				<ele>1312.000000</ele>
			</trkpt>
			<trkpt lat="46.615795" lon="12.966831">
				<ele>1316.000000</ele>
			</trkpt>
			<trkpt lat="46.615912" lon="12.966759">
				<ele>1321.000000</ele>
			</trkpt>
			<trkpt lat="46.616024" lon="12.966651">
				<ele>1326.000000</ele>
			</trkpt>
			<trkpt lat="46.616085" lon="12.966588">
				<ele>1328.000000</ele>
			</trkpt>
			<trkpt lat="46.616122" lon="12.966606">
				<ele>1329.000000</ele>
			</trkpt>
			<trkpt lat="46.616141" lon="12.966642">
				<ele>1330.000000</ele>
			</trkpt>
			<trkpt lat="46.616097" lon="12.966768">
				<ele>1334.000000</ele>
			</trkpt>
			<trkpt lat="46.616054" lon="12.966885">
				<ele>1338.000000</ele>
			</trkpt>
			<trkpt lat="46.616054" lon="12.966938">
				<ele>1339.000000</ele>
			</trkpt>
			<trkpt lat="46.616085" lon="12.966992">
				<ele>1341.000000</ele>
			</trkpt>
			<trkpt lat="46.616134" lon="12.966957">
				<ele>1344.000000</ele>
			</trkpt>
			<trkpt lat="46.616184" lon="12.966929">
				<ele>1346.000000</ele>
			</trkpt>
			<trkpt lat="46.616221" lon="12.966948">
				<ele>1348.000000</ele>
			</trkpt>
			<trkpt lat="46.616227" lon="12.967038">
				<ele>1350.000000</ele>
			</trkpt>
			<trkpt lat="46.616203" lon="12.967091">
				<ele>1351.000000</ele>
			</trkpt>
			<trkpt lat="46.616159" lon="12.967181">
				<ele>1353.000000</ele>
			</trkpt>
			<trkpt lat="46.616165" lon="12.967198">
				<ele>1354.000000</ele>
			</trkpt>
			<trkpt lat="46.616165" lon="12.967217">
				<ele>1354.000000</ele>
			</trkpt>
			<trkpt lat="46.616178" lon="12.967235">
				<ele>1355.000000</ele>
			</trkpt>
			<trkpt lat="46.616221" lon="12.967217">
				<ele>1356.000000</ele>
			</trkpt>
			<trkpt lat="46.616276" lon="12.967172">
				<ele>1357.000000</ele>
			</trkpt>
			<trkpt lat="46.616332" lon="12.967145">
				<ele>1359.000000</ele>
			</trkpt>
			<trkpt lat="46.616357" lon="12.967154">
				<ele>1360.000000</ele>
			</trkpt>
			<trkpt lat="46.616351" lon="12.967208">
				<ele>1361.000000</ele>
			</trkpt>
			<trkpt lat="46.616313" lon="12.967271">
				<ele>1364.000000</ele>
			</trkpt>
			<trkpt lat="46.616301" lon="12.967343">
				<ele>1366.000000</ele>
			</trkpt>
			<trkpt lat="46.616295" lon="12.967424">
				<ele>1369.000000</ele>
			</trkpt>
			<trkpt lat="46.616307" lon="12.967468">
				<ele>1370.000000</ele>
			</trkpt>
			<trkpt lat="46.616357" lon="12.967504">
				<ele>1373.000000</ele>
			</trkpt>
			<trkpt lat="46.616406" lon="12.967504">
				<ele>1375.000000</ele>
			</trkpt>
			<trkpt lat="46.616455" lon="12.967495">
				<ele>1377.000000</ele>
			</trkpt>
			<trkpt lat="46.616492" lon="12.967487">
				<ele>1379.000000</ele>
			</trkpt>
			<trkpt lat="46.616536" lon="12.967477">
				<ele>1380.000000</ele>
			</trkpt>
			<trkpt lat="46.616573" lon="12.967468">
				<ele>1382.000000</ele>
			</trkpt>
			<trkpt lat="46.616610" lon="12.967468">
				<ele>1383.000000</ele>
			</trkpt>
			<trkpt lat="46.616659" lon="12.967477">
				<ele>1385.000000</ele>
			</trkpt>
			<trkpt lat="46.616696" lon="12.967487">
				<ele>1387.000000</ele>
			</trkpt>
			<trkpt lat="46.616795" lon="12.967504">
				<ele>1391.000000</ele>
			</trkpt>
			<trkpt lat="46.616856" lon="12.967531">
				<ele>1393.000000</ele>
			</trkpt>
			<trkpt lat="46.616918" lon="12.967558">
				<ele>1396.000000</ele>
			</trkpt>
			<trkpt lat="46.616993" lon="12.967558">
				<ele>1399.000000</ele>
			</trkpt>
			<trkpt lat="46.617054" lon="12.967558">
				<ele>1401.000000</ele>
			</trkpt>
			<trkpt lat="46.617078" lon="12.967577">
				<ele>1403.000000</ele>
			</trkpt>
			<trkpt lat="46.617078" lon="12.967613">
				<ele>1404.000000</ele>
			</trkpt>
			<trkpt lat="46.617060" lon="12.967684">
				<ele>1406.000000</ele>
			</trkpt>
			<trkpt lat="46.617029" lon="12.967747">
				<ele>1408.000000</ele>
			</trkpt>
			<trkpt lat="46.617029" lon="12.967810">
				<ele>1409.000000</ele>
			</trkpt>
			<trkpt lat="46.617054" lon="12.967837">
				<ele>1411.000000</ele>
			</trkpt>
			<trkpt lat="46.617085" lon="12.967864">
				<ele>1413.000000</ele>
			</trkpt>
			<trkpt lat="46.617103" lon="12.967882">
				<ele>1414.000000</ele>
			</trkpt>
			<trkpt lat="46.617109" lon="12.967909">
				<ele>1415.000000</ele>
			</trkpt>
			<trkpt lat="46.617128" lon="12.967909">
				<ele>1416.000000</ele>
			</trkpt>
			<trkpt lat="46.617147" lon="12.967917">
				<ele>1417.000000</ele>
			</trkpt>
			<trkpt lat="46.617153" lon="12.967980">
				<ele>1420.000000</ele>
			</trkpt>
			<trkpt lat="46.617165" lon="12.968043">
				<ele>1421.000000</ele>
			</trkpt>
			<trkpt lat="46.617134" lon="12.968116">
				<ele>1422.000000</ele>
			</trkpt>
			<trkpt lat="46.617116" lon="12.968214">
				<ele>1424.000000</ele>
			</trkpt>
			<trkpt lat="46.617109" lon="12.968304">
				<ele>1425.000000</ele>
			</trkpt>
			<trkpt lat="46.617134" lon="12.968385">
				<ele>1426.000000</ele>
			</trkpt>
			<trkpt lat="46.617122" lon="12.968420">
				<ele>1427.000000</ele>
			</trkpt>
			<trkpt lat="46.617023" lon="12.968627">
				<ele>1431.000000</ele>
			</trkpt>
			<trkpt lat="46.616949" lon="12.968690">
				<ele>1433.000000</ele>
			</trkpt>
			<trkpt lat="46.616856" lon="12.968924">
				<ele>1437.000000</ele>
			</trkpt>
			<trkpt lat="46.616820" lon="12.969112">
				<ele>1440.000000</ele>
			</trkpt>
			<trkpt lat="46.616683" lon="12.969311">
				<ele>1443.000000</ele>
			</trkpt>
			<trkpt lat="46.616585" lon="12.969517">
				<ele>1446.000000</ele>
			</trkpt>
			<trkpt lat="46.616560" lon="12.969975">
				<ele>1451.000000</ele>
			</trkpt>
			<trkpt lat="46.616579" lon="12.970271">
				<ele>1457.000000</ele>
			</trkpt>
			<trkpt lat="46.616616" lon="12.970541">
				<ele>1462.000000</ele>
			</trkpt>
			<trkpt lat="46.616671" lon="12.970756">
				<ele>1467.000000</ele>
			</trkpt>
			<trkpt lat="46.616671" lon="12.970954">
				<ele>1471.000000</ele>
			</trkpt>
			<trkpt lat="46.616653" lon="12.971070">
				<ele>1473.000000</ele>
			</trkpt>
			<trkpt lat="46.616640" lon="12.971233">
				<ele>1476.000000</ele>
			</trkpt>
			<trkpt lat="46.616683" lon="12.971340">
				<ele>1479.000000</ele>
			</trkpt>
			<trkpt lat="46.616739" lon="12.971439">
				<ele>1480.000000</ele>
			</trkpt>
			<trkpt lat="46.616714" lon="12.971529">
				<ele>1481.000000</ele>
			</trkpt>
			<trkpt lat="46.616610" lon="12.971575">
				<ele>1484.000000</ele>
			</trkpt>
			<trkpt lat="46.616560" lon="12.971682">
				<ele>1486.000000</ele>
			</trkpt>
			<trkpt lat="46.616573" lon="12.971772">
				<ele>1488.000000</ele>
			</trkpt>
			<trkpt lat="46.616745" lon="12.971808">
				<ele>1494.000000</ele>
			</trkpt>
			<trkpt lat="46.616708" lon="12.971951">
				<ele>1499.000000</ele>
			</trkpt>
			<trkpt lat="46.616733" lon="12.971996">
				<ele>1501.000000</ele>
			</trkpt>
			<trkpt lat="46.616770" lon="12.972085">
				<ele>1504.000000</ele>
			</trkpt>
			<trkpt lat="46.616832" lon="12.972085">
				<ele>1507.000000</ele>
			</trkpt>
			<trkpt lat="46.616893" lon="12.972122">
				<ele>1509.000000</ele>
			</trkpt>
			<trkpt lat="46.616900" lon="12.972202">
				<ele>1512.000000</ele>
			</trkpt>
			<trkpt lat="46.616826" lon="12.972301">
				<ele>1517.000000</ele>
			</trkpt>
			<trkpt lat="46.616801" lon="12.972445">
				<ele>1522.000000</ele>
			</trkpt>
			<trkpt lat="46.616881" lon="12.972472">
				<ele>1526.000000</ele>
			</trkpt>
			<trkpt lat="46.616912" lon="12.972508">
				<ele>1527.000000</ele>
			</trkpt>
			<trkpt lat="46.616875" lon="12.972562">
				<ele>1530.000000</ele>
			</trkpt>
			<trkpt lat="46.616881" lon="12.972651">
				<ele>1532.000000</ele>
			</trkpt>
			<trkpt lat="46.616937" lon="12.972643">
				<ele>1535.000000</ele>
			</trkpt>
			<trkpt lat="46.616937" lon="12.972697">
				<ele>1536.000000</ele>
			</trkpt>
			<trkpt lat="46.616931" lon="12.972831">
				<ele>1540.000000</ele>
			</trkpt>
			<trkpt lat="46.616937" lon="12.972975">
				<ele>1544.000000</ele>
			</trkpt>
			<trkpt lat="46.616881" lon="12.972993">
				<ele>1547.000000</ele>
			</trkpt>
			<trkpt lat="46.616844" lon="12.972967">
				<ele>1548.000000</ele>
			</trkpt>
			<trkpt lat="46.616813" lon="12.972967">
				<ele>1549.000000</ele>
			</trkpt>
			<trkpt lat="46.616783" lon="12.972993">
				<ele>1551.000000</ele>
			</trkpt>
			<trkpt lat="46.616789" lon="12.973074">
				<ele>1553.000000</ele>
			</trkpt>
			<trkpt lat="46.616764" lon="12.973119">
				<ele>1555.000000</ele>
			</trkpt>
			<trkpt lat="46.616752" lon="12.973307">
				<ele>1560.000000</ele>
			</trkpt>
			<trkpt lat="46.616783" lon="12.973416">
				<ele>1563.000000</ele>
			</trkpt>
			<trkpt lat="46.616776" lon="12.973577">
				<ele>1568.000000</ele>
			</trkpt>
			<trkpt lat="46.616758" lon="12.973649">
				<ele>1570.000000</ele>
			</trkpt>
			<trkpt lat="46.616659" lon="12.973873">
				<ele>1576.000000</ele>
			</trkpt>
			<trkpt lat="46.616548" lon="12.974188">
				<ele>1583.000000</ele>
			</trkpt>
			<trkpt lat="46.616486" lon="12.974466">
				<ele>1590.000000</ele>
			</trkpt>
			<trkpt lat="46.616369" lon="12.974781">
				<ele>1597.000000</ele>
			</trkpt>
			<trkpt lat="46.616357" lon="12.975104">
				<ele>1603.000000</ele>
			</trkpt>
			<trkpt lat="46.616246" lon="12.975428">
				<ele>1609.000000</ele>
			</trkpt>
			<trkpt lat="46.616233" lon="12.975473">
				<ele>1610.000000</ele>
			</trkpt>
			<trkpt lat="46.616264" lon="12.975544">
				<ele>1611.000000</ele>
			</trkpt>
			<trkpt lat="46.616301" lon="12.975580">
				<ele>1612.000000</ele>
			</trkpt>
			<trkpt lat="46.616332" lon="12.975670">
				<ele>1613.000000</ele>
			</trkpt>
			<trkpt lat="46.616313" lon="12.975814">
				<ele>1615.000000</ele>
			</trkpt>
			<trkpt lat="46.616270" lon="12.975984">
				<ele>1618.000000</ele>
			</trkpt>
			<trkpt lat="46.616320" lon="12.976074">
				<ele>1619.000000</ele>
			</trkpt>
			<trkpt lat="46.616369" lon="12.976173">
				<ele>1621.000000</ele>
			</trkpt>
			<trkpt lat="46.616394" lon="12.976263">
				<ele>1623.000000</ele>
			</trkpt>
			<trkpt lat="46.616394" lon="12.976317">
				<ele>1624.000000</ele>
			</trkpt>
			<trkpt lat="46.616455" lon="12.976343">
				<ele>1625.000000</ele>
			</trkpt>
			<trkpt lat="46.616357" lon="12.976613">
				<ele>1630.000000</ele>
			</trkpt>
			<trkpt lat="46.616276" lon="12.976820">
				<ele>1634.000000</ele>
			</trkpt>
			<trkpt lat="46.616239" lon="12.976955">
				<ele>1636.000000</ele>
			</trkpt>
			<trkpt lat="46.616172" lon="12.977081">
				<ele>1639.000000</ele>
			</trkpt>
			<trkpt lat="46.616159" lon="12.977404">
				<ele>1644.000000</ele>
			</trkpt>
			<trkpt lat="46.616141" lon="12.977737">
				<ele>1650.000000</ele>
			</trkpt>
			<trkpt lat="46.616141" lon="12.978051">
				<ele>1650.000000</ele>
			</trkpt>
			<trkpt lat="46.616005" lon="12.978770">
				<ele>1650.000000</ele>
			</trkpt>
			<trkpt lat="46.615980" lon="12.978896">
				<ele>1650.000000</ele>
			</trkpt>
			<trkpt lat="46.615931" lon="12.979165">
				<ele>1650.000000</ele>
			</trkpt>
			<trkpt lat="46.615875" lon="12.979452">
				<ele>1650.000000</ele>
			</trkpt>
			<trkpt lat="46.616018" lon="12.979793">
				<ele>1650.000000</ele>
			</trkpt>
			<trkpt lat="46.615863" lon="12.980144">
				<ele>1650.000000</ele>
			</trkpt>
			<trkpt lat="46.615845" lon="12.980504">
				<ele>1650.000000</ele>
			</trkpt>
			<trkpt lat="46.615838" lon="12.980548">
				<ele>1650.000000</ele>
			</trkpt>
			<trkpt lat="46.615826" lon="12.980567">
				<ele>1650.000000</ele>
			</trkpt>
			<trkpt lat="46.615808" lon="12.980601">
				<ele>1650.000000</ele>
			</trkpt>
			<trkpt lat="46.615777" lon="12.980620">
				<ele>1651.000000</ele>
			</trkpt>
			<trkpt lat="46.615715" lon="12.980647">
				<ele>1652.000000</ele>
			</trkpt>
			<trkpt lat="46.615617" lon="12.980746">
				<ele>1654.000000</ele>
			</trkpt>
			<trkpt lat="46.615419" lon="12.980925">
				<ele>1658.000000</ele>
			</trkpt>
			<trkpt lat="46.615314" lon="12.981096">
				<ele>1662.000000</ele>
			</trkpt>
			<trkpt lat="46.615061" lon="12.981194">
				<ele>1669.000000</ele>
			</trkpt>
			<trkpt lat="46.614981" lon="12.981293">
				<ele>1672.000000</ele>
			</trkpt>
			<trkpt lat="46.614937" lon="12.981546">
				<ele>1678.000000</ele>
			</trkpt>
			<trkpt lat="46.614950" lon="12.981617">
				<ele>1680.000000</ele>
			</trkpt>
			<trkpt lat="46.614968" lon="12.981699">
				<ele>1682.000000</ele>
			</trkpt>
			<trkpt lat="46.614943" lon="12.981886">
				<ele>1688.000000</ele>
			</trkpt>
			<trkpt lat="46.614925" lon="12.982102">
				<ele>1693.000000</ele>
			</trkpt>
			<trkpt lat="46.614894" lon="12.982228">
				<ele>1695.000000</ele>
			</trkpt>
			<trkpt lat="46.614906" lon="12.982291">
				<ele>1697.000000</ele>
			</trkpt>
			<trkpt lat="46.615012" lon="12.982264">
				<ele>1700.000000</ele>
			</trkpt>
			<trkpt lat="46.615024" lon="12.982425">
				<ele>1704.000000</ele>
			</trkpt>
			<trkpt lat="46.615049" lon="12.982515">
				<ele>1707.000000</ele>
			</trkpt>
			<trkpt lat="46.615061" lon="12.982741">
				<ele>1713.000000</ele>
			</trkpt>
			<trkpt lat="46.615079" lon="12.982857">
				<ele>1716.000000</ele>
			</trkpt>
			<trkpt lat="46.615104" lon="12.982884">
				<ele>1717.000000</ele>
			</trkpt>
			<trkpt lat="46.615116" lon="12.982947">
				<ele>1719.000000</ele>
			</trkpt>
			<trkpt lat="46.615141" lon="12.983081">
				<ele>1723.000000</ele>
			</trkpt>
			<trkpt lat="46.615172" lon="12.983127">
				<ele>1724.000000</ele>
			</trkpt>
			<trkpt lat="46.615197" lon="12.983127">
				<ele>1725.000000</ele>
			</trkpt>
			<trkpt lat="46.615209" lon="12.983154">
				<ele>1726.000000</ele>
			</trkpt>
			<trkpt lat="46.615228" lon="12.983198">
				<ele>1727.000000</ele>
			</trkpt>
			<trkpt lat="46.615271" lon="12.983154">
				<ele>1729.000000</ele>
			</trkpt>
			<trkpt lat="46.615400" lon="12.983081">
				<ele>1735.000000</ele>
			</trkpt>
			<trkpt lat="46.615437" lon="12.983135">
				<ele>1736.000000</ele>
			</trkpt>
			<trkpt lat="46.615499" lon="12.983117">
				<ele>1739.000000</ele>
			</trkpt>
			<trkpt lat="46.615511" lon="12.983154">
				<ele>1740.000000</ele>
			</trkpt>
			<trkpt lat="46.615567" lon="12.983127">
				<ele>1741.000000</ele>
			</trkpt>
			<trkpt lat="46.615567" lon="12.983188">
				<ele>1743.000000</ele>
			</trkpt>
			<trkpt lat="46.615592" lon="12.983252">
				<ele>1744.000000</ele>
			</trkpt>
			<trkpt lat="46.615592" lon="12.983404">
				<ele>1747.000000</ele>
			</trkpt>
			<trkpt lat="46.615617" lon="12.983548">
				<ele>1750.000000</ele>
			</trkpt>
			<trkpt lat="46.615647" lon="12.983693">
				<ele>1753.000000</ele>
			</trkpt>
			<trkpt lat="46.615702" lon="12.983944">
				<ele>1758.000000</ele>
			</trkpt>
			<trkpt lat="46.615752" lon="12.984007">
				<ele>1760.000000</ele>
			</trkpt>
			<trkpt lat="46.615789" lon="12.984106">
				<ele>1761.000000</ele>
			</trkpt>
			<trkpt lat="46.615808" lon="12.984087">
				<ele>1761.000000</ele>
			</trkpt>
			<trkpt lat="46.615820" lon="12.984024">
				<ele>1762.000000</ele>
			</trkpt>
			<trkpt lat="46.615900" lon="12.983817">
				<ele>1764.000000</ele>
			</trkpt>
			<trkpt lat="46.615974" lon="12.983701">
				<ele>1766.000000</ele>
			</trkpt>
			<trkpt lat="46.616066" lon="12.983630">
				<ele>1767.000000</ele>
			</trkpt>
			<trkpt lat="46.616233" lon="12.983593">
				<ele>1769.000000</ele>
			</trkpt>
			<trkpt lat="46.616388" lon="12.983584">
				<ele>1773.000000</ele>
			</trkpt>
			<trkpt lat="46.616437" lon="12.983603">
				<ele>1775.000000</ele>
			</trkpt>
			<trkpt lat="46.616579" lon="12.983603">
				<ele>1779.000000</ele>
			</trkpt>
			<trkpt lat="46.616671" lon="12.983603">
				<ele>1781.000000</ele>
			</trkpt>
			<trkpt lat="46.616708" lon="12.983630">
				<ele>1782.000000</ele>
			</trkpt>
			<trkpt lat="46.616813" lon="12.983657">
				<ele>1785.000000</ele>
			</trkpt>
			<trkpt lat="46.616807" lon="12.983737">
				<ele>1787.000000</ele>
			</trkpt>
			<trkpt lat="46.616752" lon="12.983791">
				<ele>1789.000000</ele>
			</trkpt>
			<trkpt lat="46.616708" lon="12.983899">
				<ele>1791.000000</ele>
			</trkpt>
			<trkpt lat="46.616671" lon="12.984087">
				<ele>1794.000000</ele>
			</trkpt>
			<trkpt lat="46.616683" lon="12.984150">
				<ele>1795.000000</ele>
			</trkpt>
			<trkpt lat="46.616671" lon="12.984276">
				<ele>1797.000000</ele>
			</trkpt>
			<trkpt lat="46.616683" lon="12.984357">
				<ele>1799.000000</ele>
			</trkpt>
			<trkpt lat="46.616721" lon="12.984500">
				<ele>1801.000000</ele>
			</trkpt>
			<trkpt lat="46.616783" lon="12.984429">
				<ele>1803.000000</ele>
			</trkpt>
			<trkpt lat="46.616869" lon="12.984383">
				<ele>1805.000000</ele>
			</trkpt>
			<trkpt lat="46.616949" lon="12.984312">
				<ele>1807.000000</ele>
			</trkpt>
			<trkpt lat="46.616986" lon="12.984312">
				<ele>1808.000000</ele>
			</trkpt>
			<trkpt lat="46.617078" lon="12.984357">
				<ele>1810.000000</ele>
			</trkpt>
			<trkpt lat="46.617208" lon="12.984465">
				<ele>1813.000000</ele>
			</trkpt>
			<trkpt lat="46.617356" lon="12.984555">
				<ele>1816.000000</ele>
			</trkpt>
			<trkpt lat="46.617479" lon="12.984582">
				<ele>1818.000000</ele>
			</trkpt>
			<trkpt lat="46.617603" lon="12.984672">
				<ele>1820.000000</ele>
			</trkpt>
			<trkpt lat="46.617714" lon="12.984762">
				<ele>1822.000000</ele>
			</trkpt>
			<trkpt lat="46.617837" lon="12.984815">
				<ele>1823.000000</ele>
			</trkpt>
			<trkpt lat="46.617918" lon="12.984878">
				<ele>1824.000000</ele>
			</trkpt>
			<trkpt lat="46.617943" lon="12.984905">
				<ele>1824.000000</ele>
			</trkpt>
			<trkpt lat="46.617949" lon="12.985004">
				<ele>1825.000000</ele>
			</trkpt>
			<trkpt lat="46.617974" lon="12.985085">
				<ele>1826.000000</ele>
			</trkpt>
			<trkpt lat="46.617967" lon="12.985175">
				<ele>1827.000000</ele>
			</trkpt>
			<trkpt lat="46.617924" lon="12.985345">
				<ele>1828.000000</ele>
			</trkpt>
			<trkpt lat="46.617843" lon="12.985534">
				<ele>1830.000000</ele>
			</trkpt>
			<trkpt lat="46.617751" lon="12.985777">
				<ele>1832.000000</ele>
			</trkpt>
			<trkpt lat="46.617727" lon="12.985920">
				<ele>1834.000000</ele>
			</trkpt>
			<trkpt lat="46.617665" lon="12.986037">
				<ele>1835.000000</ele>
			</trkpt>
			<trkpt lat="46.617628" lon="12.986117">
				<ele>1836.000000</ele>
			</trkpt>
			<trkpt lat="46.617535" lon="12.986370">
				<ele>1839.000000</ele>
			</trkpt>
			<trkpt lat="46.617486" lon="12.986576">
				<ele>1841.000000</ele>
			</trkpt>
			<trkpt lat="46.617442" lon="12.986720">
				<ele>1841.000000</ele>
			</trkpt>
			<trkpt lat="46.617412" lon="12.986863">
				<ele>1842.000000</ele>
			</trkpt>
			<trkpt lat="46.617356" lon="12.987016">
				<ele>1843.000000</ele>
			</trkpt>
			<trkpt lat="46.617332" lon="12.987159">
				<ele>1844.000000</ele>
			</trkpt>
			<trkpt lat="46.617282" lon="12.987357">
				<ele>1845.000000</ele>
			</trkpt>
			<trkpt lat="46.617263" lon="12.987536">
				<ele>1846.000000</ele>
			</trkpt>
			<trkpt lat="46.617239" lon="12.987869">
				<ele>1848.000000</ele>
			</trkpt>
			<trkpt lat="46.617233" lon="12.988031">
				<ele>1848.000000</ele>
			</trkpt>
			<trkpt lat="46.617257" lon="12.988138">
				<ele>1849.000000</ele>
			</trkpt>
			<trkpt lat="46.617233" lon="12.988255">
				<ele>1850.000000</ele>
			</trkpt>
			<trkpt lat="46.617245" lon="12.988454">
				<ele>1851.000000</ele>
			</trkpt>
			<trkpt lat="46.617276" lon="12.988660">
				<ele>1853.000000</ele>
			</trkpt>
			<trkpt lat="46.617257" lon="12.988894">
				<ele>1855.000000</ele>
			</trkpt>
			<trkpt lat="46.617276" lon="12.989020">
				<ele>1856.000000</ele>
			</trkpt>
			<trkpt lat="46.617313" lon="12.989083">
				<ele>1857.000000</ele>
			</trkpt>
			<trkpt lat="46.617356" lon="12.989297">
				<ele>1859.000000</ele>
			</trkpt>
			<trkpt lat="46.617387" lon="12.989360">
				<ele>1860.000000</ele>
			</trkpt>
			<trkpt lat="46.617387" lon="12.989469">
				<ele>1860.000000</ele>
			</trkpt>
			<trkpt lat="46.617424" lon="12.989549">
				<ele>1861.000000</ele>
			</trkpt>
			<trkpt lat="46.617455" lon="12.989746">
				<ele>1863.000000</ele>
			</trkpt>
			<trkpt lat="46.617436" lon="12.990115">
				<ele>1866.000000</ele>
			</trkpt>
			<trkpt lat="46.617288" lon="12.990538">
				<ele>1871.000000</ele>
			</trkpt>
			<trkpt lat="46.617338" lon="12.990897">
				<ele>1874.000000</ele>
			</trkpt>
			<trkpt lat="46.617338" lon="12.990905">
				<ele>1874.000000</ele>
			</trkpt>
			<trkpt lat="46.617282" lon="12.991194">
				<ele>1877.000000</ele>
			</trkpt>
			<trkpt lat="46.617190" lon="12.991526">
				<ele>1880.000000</ele>
			</trkpt>
			<trkpt lat="46.617165" lon="12.991974">
				<ele>1882.000000</ele>
			</trkpt>
			<trkpt lat="46.617202" lon="12.992253">
				<ele>1882.000000</ele>
			</trkpt>
			<trkpt lat="46.617332" lon="12.992450">
				<ele>1883.000000</ele>
			</trkpt>
			<trkpt lat="46.617448" lon="12.992486">
				<ele>1884.000000</ele>
			</trkpt>
			<trkpt lat="46.617473" lon="12.992630">
				<ele>1884.000000</ele>
			</trkpt>
			<trkpt lat="46.617504" lon="12.992899">
				<ele>1885.000000</ele>
			</trkpt>
			<trkpt lat="46.617529" lon="12.993278">
				<ele>1886.000000</ele>
			</trkpt>
			<trkpt lat="46.617510" lon="12.993430">
				<ele>1887.000000</ele>
			</trkpt>
			<trkpt lat="46.617504" lon="12.993852">
				<ele>1888.000000</ele>
			</trkpt>
			<trkpt lat="46.617529" lon="12.994041">
				<ele>1889.000000</ele>
			</trkpt>
			<trkpt lat="46.617634" lon="12.994257">
				<ele>1890.000000</ele>
			</trkpt>
			<trkpt lat="46.617843" lon="12.994624">
				<ele>1890.000000</ele>
			</trkpt>
			<trkpt lat="46.618066" lon="12.994859">
				<ele>1890.000000</ele>
			</trkpt>
			<trkpt lat="46.618189" lon="12.995083">
				<ele>1890.000000</ele>
			</trkpt>
			<trkpt lat="46.618344" lon="12.995226">
				<ele>1890.000000</ele>
			</trkpt>
			<trkpt lat="46.618350" lon="12.995289">
				<ele>1890.000000</ele>
			</trkpt>
			<trkpt lat="46.618356" lon="12.995362">
				<ele>1890.000000</ele>
			</trkpt>
			<trkpt lat="46.618405" lon="12.995496">
				<ele>1890.000000</ele>
			</trkpt>
			<trkpt lat="46.618516" lon="12.995568">
				<ele>1890.000000</ele>
			</trkpt>
			<trkpt lat="46.618602" lon="12.995532">
				<ele>1890.000000</ele>
			</trkpt>
			<trkpt lat="46.618670" lon="12.995649">
				<ele>1890.000000</ele>
			</trkpt>
			<trkpt lat="46.618794" lon="12.995748">
				<ele>1890.000000</ele>
			</trkpt>
			<trkpt lat="46.618973" lon="12.995712">
				<ele>1890.000000</ele>
			</trkpt>
			<trkpt lat="46.618979" lon="12.995712">
				<ele>1890.000000</ele>
			</trkpt>
			<trkpt lat="46.619047" lon="12.995765">
				<ele>1890.000000</ele>
			</trkpt>
			<trkpt lat="46.619152" lon="12.996071">
				<ele>1887.000000</ele>
			</trkpt>
			<trkpt lat="46.619195" lon="12.996215">
				<ele>1886.000000</ele>
			</trkpt>
			<trkpt lat="46.619300" lon="12.996304">
				<ele>1884.000000</ele>
			</trkpt>
			<trkpt lat="46.619720" lon="12.996557">
				<ele>1879.000000</ele>
			</trkpt>
			<trkpt lat="46.619898" lon="12.996781">
				<ele>1877.000000</ele>
			</trkpt>
			<trkpt lat="46.620015" lon="12.996996">
				<ele>1875.000000</ele>
			</trkpt>
			<trkpt lat="46.620059" lon="12.997266">
				<ele>1873.000000</ele>
			</trkpt>
			<trkpt lat="46.620145" lon="12.997570">
				<ele>1870.000000</ele>
			</trkpt>
			<trkpt lat="46.620238" lon="12.997796">
				<ele>1868.000000</ele>
			</trkpt>
			<trkpt lat="46.620262" lon="12.997949">
				<ele>1866.000000</ele>
			</trkpt>
			<trkpt lat="46.620355" lon="12.998218">
				<ele>1863.000000</ele>
			</trkpt>
			<trkpt lat="46.620398" lon="12.998415">
				<ele>1861.000000</ele>
			</trkpt>
			<trkpt lat="46.620361" lon="12.998622">
				<ele>1859.000000</ele>
			</trkpt>
			<trkpt lat="46.620355" lon="12.998802">
				<ele>1857.000000</ele>
			</trkpt>
			<trkpt lat="46.620337" lon="12.998828">
				<ele>1857.000000</ele>
			</trkpt>
			<trkpt lat="46.620300" lon="12.998874">
				<ele>1856.000000</ele>
			</trkpt>
			<trkpt lat="46.620194" lon="12.998901">
				<ele>1855.000000</ele>
			</trkpt>
			<trkpt lat="46.620108" lon="12.998901">
				<ele>1853.000000</ele>
			</trkpt>
			<trkpt lat="46.619997" lon="12.998882">
				<ele>1852.000000</ele>
			</trkpt>
			<trkpt lat="46.619942" lon="12.998838">
				<ele>1851.000000</ele>
			</trkpt>
			<trkpt lat="46.619880" lon="12.998802">
				<ele>1850.000000</ele>
			</trkpt>
			<trkpt lat="46.619830" lon="12.998838">
				<ele>1849.000000</ele>
			</trkpt>
			<trkpt lat="46.619781" lon="12.998928">
				<ele>1847.000000</ele>
			</trkpt>
			<trkpt lat="46.619707" lon="12.998945">
				<ele>1845.000000</ele>
			</trkpt>
			<trkpt lat="46.619620" lon="12.998991">
				<ele>1844.000000</ele>
			</trkpt>
			<trkpt lat="46.619510" lon="12.998972">
				<ele>1841.000000</ele>
			</trkpt>
			<trkpt lat="46.619435" lon="12.998928">
				<ele>1840.000000</ele>
			</trkpt>
			<trkpt lat="46.619362" lon="12.998955">
				<ele>1839.000000</ele>
			</trkpt>
			<trkpt lat="46.619325" lon="12.999054">
				<ele>1838.000000</ele>
			</trkpt>
			<trkpt lat="46.619312" lon="12.999089">
				<ele>1837.000000</ele>
			</trkpt>
			<trkpt lat="46.619219" lon="12.999197">
				<ele>1835.000000</ele>
			</trkpt>
			<trkpt lat="46.619010" lon="12.999305">
				<ele>1832.000000</ele>
			</trkpt>
			<trkpt lat="46.618905" lon="12.999358">
				<ele>1830.000000</ele>
			</trkpt>
			<trkpt lat="46.618658" lon="12.999557">
				<ele>1826.000000</ele>
			</trkpt>
			<trkpt lat="46.618523" lon="12.999628">
				<ele>1824.000000</ele>
			</trkpt>
			<trkpt lat="46.618375" lon="12.999807">
				<ele>1821.000000</ele>
			</trkpt>
			<trkpt lat="46.618325" lon="12.999934">
				<ele>1820.000000</ele>
			</trkpt>
			<trkpt lat="46.618269" lon="12.999970">
				<ele>1819.000000</ele>
			</trkpt>
			<trkpt lat="46.618171" lon="12.999960">
				<ele>1818.000000</ele>
			</trkpt>
			<trkpt lat="46.618115" lon="13.000069">
				<ele>1817.000000</ele>
			</trkpt>
			<trkpt lat="46.618053" lon="13.000113">
				<ele>1816.000000</ele>
			</trkpt>
			<trkpt lat="46.617986" lon="13.000132">
				<ele>1815.000000</ele>
			</trkpt>
			<trkpt lat="46.617943" lon="13.000203">
				<ele>1814.000000</ele>
			</trkpt>
			<trkpt lat="46.617899" lon="13.000203">
				<ele>1814.000000</ele>
			</trkpt>
			<trkpt lat="46.617819" lon="13.000284">
				<ele>1812.000000</ele>
			</trkpt>
			<trkpt lat="46.617727" lon="13.000373">
				<ele>1811.000000</ele>
			</trkpt>
			<trkpt lat="46.617689" lon="13.000392">
				<ele>1810.000000</ele>
			</trkpt>
			<trkpt lat="46.617585" lon="13.000383">
				<ele>1810.000000</ele>
			</trkpt>
			<trkpt lat="46.617523" lon="13.000526">
				<ele>1809.000000</ele>
			</trkpt>
			<trkpt lat="46.617430" lon="13.000589">
				<ele>1808.000000</ele>
			</trkpt>
			<trkpt lat="46.617356" lon="13.000823">
				<ele>1807.000000</ele>
			</trkpt>
			<trkpt lat="46.617418" lon="13.001039">
				<ele>1810.000000</ele>
			</trkpt>
			<trkpt lat="46.617442" lon="13.001326">
				<ele>1810.000000</ele>
			</trkpt>
			<trkpt lat="46.617263" lon="13.001775">
				<ele>1810.000000</ele>
			</trkpt>
			<trkpt lat="46.617233" lon="13.002512">
				<ele>1810.000000</ele>
			</trkpt>
			<trkpt lat="46.617140" lon="13.002960">
				<ele>1810.000000</ele>
			</trkpt>
			<trkpt lat="46.617159" lon="13.003320">
				<ele>1810.000000</ele>
			</trkpt>
			<trkpt lat="46.617134" lon="13.003410">
				<ele>1810.000000</ele>
			</trkpt>
			<trkpt lat="46.617122" lon="13.003626">
				<ele>1810.000000</ele>
			</trkpt>
			<trkpt lat="46.617165" lon="13.003742">
				<ele>1812.000000</ele>
			</trkpt>
			<trkpt lat="46.617153" lon="13.003976">
				<ele>1816.000000</ele>
			</trkpt>
			<trkpt lat="46.617220" lon="13.004039">
				<ele>1818.000000</ele>
			</trkpt>
			<trkpt lat="46.617294" lon="13.004210">
				<ele>1820.000000</ele>
			</trkpt>
			<trkpt lat="46.617307" lon="13.004300">
				<ele>1821.000000</ele>
			</trkpt>
			<trkpt lat="46.617325" lon="13.004371">
				<ele>1822.000000</ele>
			</trkpt>
			<trkpt lat="46.617338" lon="13.004444">
				<ele>1823.000000</ele>
			</trkpt>
			<trkpt lat="46.617369" lon="13.004515">
				<ele>1824.000000</ele>
			</trkpt>
			<trkpt lat="46.617325" lon="13.004668">
				<ele>1825.000000</ele>
			</trkpt>
			<trkpt lat="46.617325" lon="13.004731">
				<ele>1826.000000</ele>
			</trkpt>
			<trkpt lat="46.617344" lon="13.004776">
				<ele>1826.000000</ele>
			</trkpt>
			<trkpt lat="46.617350" lon="13.005044">
				<ele>1829.000000</ele>
			</trkpt>
			<trkpt lat="46.617363" lon="13.005081">
				<ele>1829.000000</ele>
			</trkpt>
			<trkpt lat="46.617375" lon="13.005224">
				<ele>1831.000000</ele>
			</trkpt>
			<trkpt lat="46.617418" lon="13.005459">
				<ele>1833.000000</ele>
			</trkpt>
			<trkpt lat="46.617430" lon="13.005719">
				<ele>1836.000000</ele>
			</trkpt>
			<trkpt lat="46.617393" lon="13.005800">
				<ele>1837.000000</ele>
			</trkpt>
			<trkpt lat="46.617369" lon="13.005826">
				<ele>1838.000000</ele>
			</trkpt>
			<trkpt lat="46.617375" lon="13.005935">
				<ele>1839.000000</ele>
			</trkpt>
			<trkpt lat="46.617325" lon="13.006033">
				<ele>1840.000000</ele>
			</trkpt>
			<trkpt lat="46.617325" lon="13.006096">
				<ele>1841.000000</ele>
			</trkpt>
			<trkpt lat="46.617338" lon="13.006132">
				<ele>1841.000000</ele>
			</trkpt>
			<trkpt lat="46.617313" lon="13.006159">
				<ele>1842.000000</ele>
			</trkpt>
			<trkpt lat="46.617239" lon="13.006176">
				<ele>1843.000000</ele>
			</trkpt>
			<trkpt lat="46.617220" lon="13.006266">
				<ele>1844.000000</ele>
			</trkpt>
			<trkpt lat="46.617190" lon="13.006384">
				<ele>1845.000000</ele>
			</trkpt>
			<trkpt lat="46.617171" lon="13.006419">
				<ele>1846.000000</ele>
			</trkpt>
			<trkpt lat="46.617109" lon="13.006465">
				<ele>1847.000000</ele>
			</trkpt>
			<trkpt lat="46.617047" lon="13.006564">
				<ele>1848.000000</ele>
			</trkpt>
			<trkpt lat="46.616986" lon="13.006725">
				<ele>1850.000000</ele>
			</trkpt>
			<trkpt lat="46.616968" lon="13.006770">
				<ele>1850.000000</ele>
			</trkpt>
			<trkpt lat="46.616943" lon="13.006832">
				<ele>1850.000000</ele>
			</trkpt>
			<trkpt lat="46.616937" lon="13.006905">
				<ele>1850.000000</ele>
			</trkpt>
			<trkpt lat="46.616949" lon="13.006958">
				<ele>1850.000000</ele>
			</trkpt>
			<trkpt lat="46.616943" lon="13.007048">
				<ele>1850.000000</ele>
			</trkpt>
			<trkpt lat="46.616955" lon="13.007129">
				<ele>1850.000000</ele>
			</trkpt>
			<trkpt lat="46.616955" lon="13.007138">
				<ele>1850.000000</ele>
			</trkpt>
			<trkpt lat="46.616924" lon="13.007184">
				<ele>1850.000000</ele>
			</trkpt>
			<trkpt lat="46.616918" lon="13.007228">
				<ele>1850.000000</ele>
			</trkpt>
			<trkpt lat="46.616893" lon="13.007247">
				<ele>1850.000000</ele>
			</trkpt>
			<trkpt lat="46.616862" lon="13.007264">
				<ele>1850.000000</ele>
			</trkpt>
			<trkpt lat="46.616807" lon="13.007237">
				<ele>1850.000000</ele>
			</trkpt>
			<trkpt lat="46.616721" lon="13.007192">
				<ele>1850.000000</ele>
			</trkpt>
			<trkpt lat="46.616591" lon="13.007048">
				<ele>1850.000000</ele>
			</trkpt>
			<trkpt lat="46.616492" lon="13.007048">
				<ele>1850.000000</ele>
			</trkpt>
			<trkpt lat="46.616449" lon="13.007057">
				<ele>1850.000000</ele>
			</trkpt>
			<trkpt lat="46.616388" lon="13.007057">
				<ele>1850.000000</ele>
			</trkpt>
			<trkpt lat="46.616332" lon="13.007012">
				<ele>1850.000000</ele>
			</trkpt>
			<trkpt lat="46.616289" lon="13.006994">
				<ele>1850.000000</ele>
			</trkpt>
			<trkpt lat="46.616233" lon="13.006994">
				<ele>1850.000000</ele>
			</trkpt>
			<trkpt lat="46.616147" lon="13.006977">
				<ele>1850.000000</ele>
			</trkpt>
			<trkpt lat="46.616091" lon="13.006958">
				<ele>1850.000000</ele>
			</trkpt>
			<trkpt lat="46.616011" lon="13.006985">
				<ele>1850.000000</ele>
			</trkpt>
			<trkpt lat="46.615980" lon="13.007012">
				<ele>1850.000000</ele>
			</trkpt>
			<trkpt lat="46.615912" lon="13.007218">
				<ele>1850.000000</ele>
			</trkpt>
			<trkpt lat="46.615875" lon="13.007201">
				<ele>1850.000000</ele>
			</trkpt>
			<trkpt lat="46.615832" lon="13.007057">
				<ele>1850.000000</ele>
			</trkpt>
			<trkpt lat="46.615579" lon="13.006887">
				<ele>1850.000000</ele>
			</trkpt>
			<trkpt lat="46.615419" lon="13.006860">
				<ele>1850.000000</ele>
			</trkpt>
			<trkpt lat="46.615271" lon="13.006824">
				<ele>1850.000000</ele>
			</trkpt>
			<trkpt lat="46.615079" lon="13.006788">
				<ele>1850.000000</ele>
			</trkpt>
			<trkpt lat="46.614870" lon="13.006860">
				<ele>1851.000000</ele>
			</trkpt>
			<trkpt lat="46.614697" lon="13.007021">
				<ele>1854.000000</ele>
			</trkpt>
			<trkpt lat="46.614326" lon="13.006635">
				<ele>1860.000000</ele>
			</trkpt>
			<trkpt lat="46.614296" lon="13.006644">
				<ele>1860.000000</ele>
			</trkpt>
			<trkpt lat="46.614247" lon="13.006725">
				<ele>1862.000000</ele>
			</trkpt>
			<trkpt lat="46.614123" lon="13.006707">
				<ele>1865.000000</ele>
			</trkpt>
			<trkpt lat="46.613722" lon="13.006186">
				<ele>1870.000000</ele>
			</trkpt>
			<trkpt lat="46.613636" lon="13.005970">
				<ele>1870.000000</ele>
			</trkpt>
			<trkpt lat="46.613605" lon="13.005952">
				<ele>1870.000000</ele>
			</trkpt>
			<trkpt lat="46.613574" lon="13.005998">
				<ele>1870.000000</ele>
			</trkpt>
			<trkpt lat="46.613500" lon="13.006231">
				<ele>1870.000000</ele>
			</trkpt>
			<trkpt lat="46.613457" lon="13.006455">
				<ele>1870.000000</ele>
			</trkpt>
			<trkpt lat="46.613395" lon="13.006536">
				<ele>1870.000000</ele>
			</trkpt>
			<trkpt lat="46.613290" lon="13.006734">
				<ele>1869.000000</ele>
			</trkpt>
			<trkpt lat="46.613166" lon="13.006868">
				<ele>1868.000000</ele>
			</trkpt>
			<trkpt lat="46.613043" lon="13.006985">
				<ele>1867.000000</ele>
			</trkpt>
			<trkpt lat="46.612975" lon="13.007004">
				<ele>1867.000000</ele>
			</trkpt>
			<trkpt lat="46.612864" lon="13.007120">
				<ele>1867.000000</ele>
			</trkpt>
			<trkpt lat="46.612741" lon="13.007192">
				<ele>1866.000000</ele>
			</trkpt>
			<trkpt lat="46.612654" lon="13.007291">
				<ele>1865.000000</ele>
			</trkpt>
			<trkpt lat="46.612463" lon="13.007633">
				<ele>1864.000000</ele>
			</trkpt>
			<trkpt lat="46.612376" lon="13.007758">
				<ele>1864.000000</ele>
			</trkpt>
			<trkpt lat="46.612278" lon="13.007992">
				<ele>1863.000000</ele>
			</trkpt>
			<trkpt lat="46.612241" lon="13.008163">
				<ele>1862.000000</ele>
			</trkpt>
			<trkpt lat="46.612161" lon="13.008369">
				<ele>1862.000000</ele>
			</trkpt>
			<trkpt lat="46.612056" lon="13.008593">
				<ele>1861.000000</ele>
			</trkpt>
			<trkpt lat="46.612037" lon="13.008665">
				<ele>1860.000000</ele>
			</trkpt>
			<trkpt lat="46.611988" lon="13.008792">
				<ele>1860.000000</ele>
			</trkpt>
			<trkpt lat="46.611957" lon="13.008855">
				<ele>1860.000000</ele>
			</trkpt>
			<trkpt lat="46.611939" lon="13.008916">
				<ele>1860.000000</ele>
			</trkpt>
			<trkpt lat="46.611871" lon="13.009015">
				<ele>1860.000000</ele>
			</trkpt>
			<trkpt lat="46.611796" lon="13.009231">
				<ele>1860.000000</ele>
			</trkpt>
			<trkpt lat="46.611778" lon="13.009339">
				<ele>1860.000000</ele>
			</trkpt>
			<trkpt lat="46.611723" lon="13.009429">
				<ele>1860.000000</ele>
			</trkpt>
			<trkpt lat="46.611587" lon="13.009411">
				<ele>1860.000000</ele>
			</trkpt>
			<trkpt lat="46.611525" lon="13.009455">
				<ele>1859.000000</ele>
			</trkpt>
			<trkpt lat="46.611414" lon="13.009608">
				<ele>1855.000000</ele>
			</trkpt>
			<trkpt lat="46.611395" lon="13.009644">
				<ele>1854.000000</ele>
			</trkpt>
			<trkpt lat="46.611352" lon="13.009654">
				<ele>1853.000000</ele>
			</trkpt>
			<trkpt lat="46.611278" lon="13.009761">
				<ele>1850.000000</ele>
			</trkpt>
			<trkpt lat="46.611210" lon="13.009734">
				<ele>1848.000000</ele>
			</trkpt>
			<trkpt lat="46.611155" lon="13.009734">
				<ele>1847.000000</ele>
			</trkpt>
			<trkpt lat="46.611062" lon="13.009780">
				<ele>1844.000000</ele>
			</trkpt>
			<trkpt lat="46.611031" lon="13.009788">
				<ele>1843.000000</ele>
			</trkpt>
			<trkpt lat="46.611013" lon="13.009815">
				<ele>1843.000000</ele>
			</trkpt>
			<trkpt lat="46.610988" lon="13.009887">
				<ele>1841.000000</ele>
			</trkpt>
			<trkpt lat="46.610927" lon="13.009878">
				<ele>1840.000000</ele>
			</trkpt>
			<trkpt lat="46.610821" lon="13.009842">
				<ele>1840.000000</ele>
			</trkpt>
			<trkpt lat="46.610760" lon="13.009868">
				<ele>1840.000000</ele>
			</trkpt>
			<trkpt lat="46.610711" lon="13.010021">
				<ele>1840.000000</ele>
			</trkpt>
			<trkpt lat="46.610642" lon="13.010067">
				<ele>1840.000000</ele>
			</trkpt>
			<trkpt lat="46.610507" lon="13.009968">
				<ele>1840.000000</ele>
			</trkpt>
			<trkpt lat="46.610451" lon="13.010147">
				<ele>1840.000000</ele>
			</trkpt>
			<trkpt lat="46.610420" lon="13.010381">
				<ele>1851.000000</ele>
			</trkpt>
			<trkpt lat="46.610353" lon="13.010390">
				<ele>1855.000000</ele>
			</trkpt>
			<trkpt lat="46.610353" lon="13.010534">
				<ele>1861.000000</ele>
			</trkpt>
			<trkpt lat="46.610390" lon="13.010524">
				<ele>1863.000000</ele>
			</trkpt>
			<trkpt lat="46.610384" lon="13.010587">
				<ele>1866.000000</ele>
			</trkpt>
			<trkpt lat="46.610408" lon="13.010597">
				<ele>1867.000000</ele>
			</trkpt>
			<trkpt lat="46.610390" lon="13.010713">
				<ele>1872.000000</ele>
			</trkpt>
			<trkpt lat="46.610426" lon="13.010713">
				<ele>1873.000000</ele>
			</trkpt>
			<trkpt lat="46.610408" lon="13.010776">
				<ele>1875.000000</ele>
			</trkpt>
			<trkpt lat="46.610432" lon="13.010750">
				<ele>1876.000000</ele>
			</trkpt>
			<trkpt lat="46.610426" lon="13.010794">
				<ele>1878.000000</ele>
			</trkpt>
			<trkpt lat="46.610457" lon="13.010767">
				<ele>1879.000000</ele>
			</trkpt>
			<trkpt lat="46.610463" lon="13.010786">
				<ele>1880.000000</ele>
			</trkpt>
			<trkpt lat="46.610445" lon="13.010884">
				<ele>1883.000000</ele>
			</trkpt>
			<trkpt lat="46.610451" lon="13.010893">
				<ele>1883.000000</ele>
			</trkpt>
			<trkpt lat="46.610494" lon="13.010857">
				<ele>1885.000000</ele>
			</trkpt>
			<trkpt lat="46.610501" lon="13.010876">
				<ele>1886.000000</ele>
			</trkpt>
			<trkpt lat="46.610482" lon="13.010929">
				<ele>1888.000000</ele>
			</trkpt>
			<trkpt lat="46.610470" lon="13.011019">
				<ele>1891.000000</ele>
			</trkpt>
			<trkpt lat="46.610488" lon="13.011046">
				<ele>1892.000000</ele>
			</trkpt>
			<trkpt lat="46.610513" lon="13.011055">
				<ele>1893.000000</ele>
			</trkpt>
			<trkpt lat="46.610513" lon="13.011100">
				<ele>1895.000000</ele>
			</trkpt>
			<trkpt lat="46.610501" lon="13.011153">
				<ele>1896.000000</ele>
			</trkpt>
			<trkpt lat="46.610507" lon="13.011333">
				<ele>1901.000000</ele>
			</trkpt>
			<trkpt lat="46.610488" lon="13.011405">
				<ele>1903.000000</ele>
			</trkpt>
			<trkpt lat="46.610408" lon="13.011423">
				<ele>1905.000000</ele>
			</trkpt>
			<trkpt lat="46.610340" lon="13.011378">
				<ele>1907.000000</ele>
			</trkpt>
			<trkpt lat="46.610353" lon="13.011415">
				<ele>1908.000000</ele>
			</trkpt>
			<trkpt lat="46.610365" lon="13.011450">
				<ele>1909.000000</ele>
			</trkpt>
			<trkpt lat="46.610347" lon="13.011513">
				<ele>1910.000000</ele>
			</trkpt>
			<trkpt lat="46.610328" lon="13.011505">
				<ele>1911.000000</ele>
			</trkpt>
			<trkpt lat="46.610309" lon="13.011576">
				<ele>1913.000000</ele>
			</trkpt>
			<trkpt lat="46.610254" lon="13.011513">
				<ele>1915.000000</ele>
			</trkpt>
			<trkpt lat="46.610205" lon="13.011522">
				<ele>1916.000000</ele>
			</trkpt>
			<trkpt lat="46.610162" lon="13.011621">
				<ele>1919.000000</ele>
			</trkpt>
			<trkpt lat="46.610093" lon="13.011684">
				<ele>1921.000000</ele>
			</trkpt>
			<trkpt lat="46.610068" lon="13.011755">
				<ele>1922.000000</ele>
			</trkpt>
			<trkpt lat="46.610032" lon="13.011792">
				<ele>1923.000000</ele>
			</trkpt>
			<trkpt lat="46.610001" lon="13.011801">
				<ele>1923.000000</ele>
			</trkpt>
			<trkpt lat="46.609902" lon="13.011944">
				<ele>1926.000000</ele>
			</trkpt>
			<trkpt lat="46.609742" lon="13.012105">
				<ele>1930.000000</ele>
			</trkpt>
			<trkpt lat="46.609711" lon="13.012168">
				<ele>1931.000000</ele>
			</trkpt>
			<trkpt lat="46.609655" lon="13.012205">
				<ele>1932.000000</ele>
			</trkpt>
			<trkpt lat="46.609606" lon="13.012285">
				<ele>1933.000000</ele>
			</trkpt>
			<trkpt lat="46.609606" lon="13.012321">
				<ele>1934.000000</ele>
			</trkpt>
			<trkpt lat="46.609698" lon="13.012384">
				<ele>1936.000000</ele>
			</trkpt>
			<trkpt lat="46.609804" lon="13.012367">
				<ele>1938.000000</ele>
			</trkpt>
			<trkpt lat="46.609822" lon="13.012358">
				<ele>1938.000000</ele>
			</trkpt>
			<trkpt lat="46.609958" lon="13.012384">
				<ele>1941.000000</ele>
			</trkpt>
			<trkpt lat="46.609983" lon="13.012411">
				<ele>1942.000000</ele>
			</trkpt>
			<trkpt lat="46.610093" lon="13.012430">
				<ele>1947.000000</ele>
			</trkpt>
			<trkpt lat="46.610112" lon="13.012402">
				<ele>1947.000000</ele>
			</trkpt>
			<trkpt lat="46.610124" lon="13.012421">
				<ele>1948.000000</ele>
			</trkpt>
			<trkpt lat="46.610118" lon="13.012484">
				<ele>1950.000000</ele>
			</trkpt>
			<trkpt lat="46.610162" lon="13.012564">
				<ele>1952.000000</ele>
			</trkpt>
			<trkpt lat="46.610149" lon="13.012608">
				<ele>1953.000000</ele>
			</trkpt>
			<trkpt lat="46.610174" lon="13.012671">
				<ele>1955.000000</ele>
			</trkpt>
			<trkpt lat="46.610180" lon="13.012734">
				<ele>1956.000000</ele>
			</trkpt>
			<trkpt lat="46.610124" lon="13.012887">
				<ele>1960.000000</ele>
			</trkpt>
			<trkpt lat="46.610068" lon="13.013013">
				<ele>1964.000000</ele>
			</trkpt>
			<trkpt lat="46.610093" lon="13.013067">
				<ele>1965.000000</ele>
			</trkpt>
			<trkpt lat="46.610155" lon="13.013084">
				<ele>1967.000000</ele>
			</trkpt>
			<trkpt lat="46.610217" lon="13.013058">
				<ele>1969.000000</ele>
			</trkpt>
			<trkpt lat="46.610285" lon="13.013084">
				<ele>1971.000000</ele>
			</trkpt>
			<trkpt lat="46.610328" lon="13.013084">
				<ele>1973.000000</ele>
			</trkpt>
			<trkpt lat="46.610408" lon="13.013084">
				<ele>1976.000000</ele>
			</trkpt>
			<trkpt lat="46.610439" lon="13.013103">
				<ele>1977.000000</ele>
			</trkpt>
			<trkpt lat="46.610476" lon="13.013094">
				<ele>1978.000000</ele>
			</trkpt>
			<trkpt lat="46.610494" lon="13.013130">
				<ele>1979.000000</ele>
			</trkpt>
			<trkpt lat="46.610476" lon="13.013174">
				<ele>1981.000000</ele>
			</trkpt>
			<trkpt lat="46.610488" lon="13.013210">
				<ele>1982.000000</ele>
			</trkpt>
			<trkpt lat="46.610463" lon="13.013256">
				<ele>1983.000000</ele>
			</trkpt>
			<trkpt lat="46.610507" lon="13.013283">
				<ele>1985.000000</ele>
			</trkpt>
			<trkpt lat="46.610513" lon="13.013363">
				<ele>1987.000000</ele>
			</trkpt>
			<trkpt lat="46.610513" lon="13.013409">
				<ele>1988.000000</ele>
			</trkpt>
			<trkpt lat="46.610532" lon="13.013417">
				<ele>1989.000000</ele>
			</trkpt>
			<trkpt lat="46.610563" lon="13.013382">
				<ele>1991.000000</ele>
			</trkpt>
			<trkpt lat="46.610575" lon="13.013390">
				<ele>1991.000000</ele>
			</trkpt>
			<trkpt lat="46.610569" lon="13.013489">
				<ele>1994.000000</ele>
			</trkpt>
			<trkpt lat="46.610557" lon="13.013516">
				<ele>1995.000000</ele>
			</trkpt>
			<trkpt lat="46.610575" lon="13.013526">
				<ele>1995.000000</ele>
			</trkpt>
			<trkpt lat="46.610605" lon="13.013499">
				<ele>1997.000000</ele>
			</trkpt>
			<trkpt lat="46.610630" lon="13.013507">
				<ele>1998.000000</ele>
			</trkpt>
			<trkpt lat="46.610612" lon="13.013876">
				<ele>2005.000000</ele>
			</trkpt>
			<trkpt lat="46.610593" lon="13.013920">
				<ele>2006.000000</ele>
			</trkpt>
			<trkpt lat="46.610593" lon="13.014010">
				<ele>2008.000000</ele>
			</trkpt>
			<trkpt lat="46.610618" lon="13.014065">
				<ele>2009.000000</ele>
			</trkpt>
			<trkpt lat="46.610612" lon="13.014442">
				<ele>2018.000000</ele>
			</trkpt>
			<trkpt lat="46.610599" lon="13.014541">
				<ele>2020.000000</ele>
			</trkpt>
			<trkpt lat="46.610605" lon="13.014612">
				<ele>2021.000000</ele>
			</trkpt>
			<trkpt lat="46.610587" lon="13.014837">
				<ele>2025.000000</ele>
			</trkpt>
			<trkpt lat="46.610587" lon="13.014954">
				<ele>2027.000000</ele>
			</trkpt>
			<trkpt lat="46.610569" lon="13.015168">
				<ele>2030.000000</ele>
			</trkpt>
			<trkpt lat="46.610557" lon="13.015484">
				<ele>2036.000000</ele>
			</trkpt>
			<trkpt lat="46.610538" lon="13.015537">
				<ele>2037.000000</ele>
			</trkpt>
			<trkpt lat="46.610550" lon="13.015573">
				<ele>2038.000000</ele>
			</trkpt>
			<trkpt lat="46.610501" lon="13.015654">
				<ele>2040.000000</ele>
			</trkpt>
			<trkpt lat="46.610507" lon="13.015681">
				<ele>2040.000000</ele>
			</trkpt>
			<trkpt lat="46.610550" lon="13.015646">
				<ele>2041.000000</ele>
			</trkpt>
			<trkpt lat="46.610618" lon="13.015618">
				<ele>2043.000000</ele>
			</trkpt>
			<trkpt lat="46.610655" lon="13.015583">
				<ele>2044.000000</ele>
			</trkpt>
			<trkpt lat="46.610680" lon="13.015583">
				<ele>2045.000000</ele>
			</trkpt>
			<trkpt lat="46.610673" lon="13.015600">
				<ele>2045.000000</ele>
			</trkpt>
			<trkpt lat="46.610636" lon="13.015646">
				<ele>2047.000000</ele>
			</trkpt>
			<trkpt lat="46.610642" lon="13.015681">
				<ele>2047.000000</ele>
			</trkpt>
			<trkpt lat="46.610612" lon="13.015771">
				<ele>2049.000000</ele>
			</trkpt>
			<trkpt lat="46.610593" lon="13.016040">
				<ele>2054.000000</ele>
			</trkpt>
			<trkpt lat="46.610457" lon="13.016480">
				<ele>2063.000000</ele>
			</trkpt>
			<trkpt lat="46.610414" lon="13.016526">
				<ele>2065.000000</ele>
			</trkpt>
			<trkpt lat="46.610378" lon="13.016616">
				<ele>2067.000000</ele>
			</trkpt>
			<trkpt lat="46.610384" lon="13.016822">
				<ele>2072.000000</ele>
			</trkpt>
			<trkpt lat="46.610347" lon="13.016858">
				<ele>2074.000000</ele>
			</trkpt>
			<trkpt lat="46.610266" lon="13.016975">
				<ele>2078.000000</ele>
			</trkpt>
			<trkpt lat="46.610254" lon="13.017055">
				<ele>2080.000000</ele>
			</trkpt>
			<trkpt lat="46.610272" lon="13.017136">
				<ele>2082.000000</ele>
			</trkpt>
			<trkpt lat="46.610198" lon="13.017397">
				<ele>2089.000000</ele>
			</trkpt>
			<trkpt lat="46.610032" lon="13.017612">
				<ele>2093.000000</ele>
			</trkpt>
			<trkpt lat="46.609952" lon="13.017810">
				<ele>2095.000000</ele>
			</trkpt>
			<trkpt lat="46.609852" lon="13.017891">
				<ele>2097.000000</ele>
			</trkpt>
			<trkpt lat="46.609736" lon="13.017945">
				<ele>2100.000000</ele>
			</trkpt>
			<trkpt lat="46.609661" lon="13.018008">
				<ele>2102.000000</ele>
			</trkpt>
			<trkpt lat="46.609673" lon="13.018026">
				<ele>2103.000000</ele>
			</trkpt>
			<trkpt lat="46.609767" lon="13.018034">
				<ele>2106.000000</ele>
			</trkpt>
			<trkpt lat="46.609773" lon="13.018061">
				<ele>2106.000000</ele>
			</trkpt>
			<trkpt lat="46.609717" lon="13.018116">
				<ele>2108.000000</ele>
			</trkpt>
			<trkpt lat="46.609661" lon="13.018260">
				<ele>2112.000000</ele>
			</trkpt>
			<trkpt lat="46.609631" lon="13.018457">
				<ele>2117.000000</ele>
			</trkpt>
			<trkpt lat="46.609655" lon="13.018682">
				<ele>2122.000000</ele>
			</trkpt>
			<trkpt lat="46.609692" lon="13.018960">
				<ele>2128.000000</ele>
			</trkpt>
			<trkpt lat="46.609711" lon="13.018960">
				<ele>2129.000000</ele>
			</trkpt>
			<trkpt lat="46.609804" lon="13.018763">
				<ele>2134.000000</ele>
			</trkpt>
			<trkpt lat="46.609883" lon="13.018690">
				<ele>2137.000000</ele>
			</trkpt>
			<trkpt lat="46.610001" lon="13.018690">
				<ele>2141.000000</ele>
			</trkpt>
			<trkpt lat="46.610050" lon="13.018654">
				<ele>2143.000000</ele>
			</trkpt>
			<trkpt lat="46.610081" lon="13.018682">
				<ele>2144.000000</ele>
			</trkpt>
			<trkpt lat="46.610162" lon="13.018663">
				<ele>2147.000000</ele>
			</trkpt>
			<trkpt lat="46.610180" lon="13.018709">
				<ele>2148.000000</ele>
			</trkpt>
			<trkpt lat="46.610235" lon="13.018816">
				<ele>2150.000000</ele>
			</trkpt>
			<trkpt lat="46.610278" lon="13.018807">
				<ele>2150.000000</ele>
			</trkpt>
			<trkpt lat="46.610278" lon="13.018870">
				<ele>2150.000000</ele>
			</trkpt>
			<trkpt lat="46.610272" lon="13.018897">
				<ele>2150.000000</ele>
			</trkpt>
			<trkpt lat="46.610285" lon="13.018916">
				<ele>2150.000000</ele>
			</trkpt>
			<trkpt lat="46.610291" lon="13.018979">
				<ele>2150.000000</ele>
			</trkpt>
			<trkpt lat="46.610291" lon="13.019005">
				<ele>2150.000000</ele>
			</trkpt>
			<trkpt lat="46.610186" lon="13.019203">
				<ele>2150.000000</ele>
			</trkpt>
			<trkpt lat="46.610162" lon="13.019266">
				<ele>2150.000000</ele>
			</trkpt>
			<trkpt lat="46.610124" lon="13.019346">
				<ele>2150.000000</ele>
			</trkpt>
			<trkpt lat="46.610143" lon="13.019463">
				<ele>2150.000000</ele>
			</trkpt>
			<trkpt lat="46.610149" lon="13.019499">
				<ele>2150.000000</ele>
			</trkpt>
			<trkpt lat="46.610174" lon="13.019553">
				<ele>2150.000000</ele>
			</trkpt>
			<trkpt lat="46.610211" lon="13.019606">
				<ele>2150.000000</ele>
			</trkpt>
			<trkpt lat="46.610241" lon="13.019679">
				<ele>2150.000000</ele>
			</trkpt>
			<trkpt lat="46.610266" lon="13.019696">
				<ele>2150.000000</ele>
			</trkpt>
			<trkpt lat="46.610316" lon="13.019768">
				<ele>2150.000000</ele>
			</trkpt>
			<trkpt lat="46.610334" lon="13.019795">
				<ele>2150.000000</ele>
			</trkpt>
			<trkpt lat="46.610365" lon="13.019822">
				<ele>2150.000000</ele>
			</trkpt>
			<trkpt lat="46.610378" lon="13.019931">
				<ele>2150.000000</ele>
			</trkpt>
			<trkpt lat="46.610384" lon="13.020029">
				<ele>2150.000000</ele>
			</trkpt>
			<trkpt lat="46.610408" lon="13.020082">
				<ele>2150.000000</ele>
			</trkpt>
			<trkpt lat="46.610420" lon="13.020164">
				<ele>2150.000000</ele>
			</trkpt>
			<trkpt lat="46.610414" lon="13.020235">
				<ele>2150.000000</ele>
			</trkpt>
			<trkpt lat="46.610402" lon="13.020317">
				<ele>2150.000000</ele>
			</trkpt>
			<trkpt lat="46.610402" lon="13.020380">
				<ele>2150.000000</ele>
			</trkpt>
			<trkpt lat="46.610390" lon="13.020407">
				<ele>2150.000000</ele>
			</trkpt>
			<trkpt lat="46.610390" lon="13.020434">
				<ele>2150.000000</ele>
			</trkpt>
			<trkpt lat="46.610390" lon="13.020541">
				<ele>2150.000000</ele>
			</trkpt>
			<trkpt lat="46.610402" lon="13.020587">
				<ele>2150.000000</ele>
			</trkpt>
			<trkpt lat="46.610402" lon="13.020684">
				<ele>2150.000000</ele>
			</trkpt>
			<trkpt lat="46.610390" lon="13.020757">
				<ele>2150.000000</ele>
			</trkpt>
			<trkpt lat="46.610396" lon="13.020801">
				<ele>2150.000000</ele>
			</trkpt>
			<trkpt lat="46.610408" lon="13.020837">
				<ele>2150.000000</ele>
			</trkpt>
			<trkpt lat="46.610414" lon="13.020891">
				<ele>2150.000000</ele>
			</trkpt>
			<trkpt lat="46.610426" lon="13.020937">
				<ele>2150.000000</ele>
			</trkpt>
			<trkpt lat="46.610445" lon="13.020981">
				<ele>2150.000000</ele>
			</trkpt>
			<trkpt lat="46.610457" lon="13.021036">
				<ele>2150.000000</ele>
			</trkpt>
			<trkpt lat="46.610451" lon="13.021080">
				<ele>2150.000000</ele>
			</trkpt>
			<trkpt lat="46.610451" lon="13.021107">
				<ele>2150.000000</ele>
			</trkpt>
			<trkpt lat="46.610457" lon="13.021197">
				<ele>2150.000000</ele>
			</trkpt>
			<trkpt lat="46.610451" lon="13.021242">
				<ele>2150.000000</ele>
			</trkpt>
			<trkpt lat="46.610426" lon="13.021269">
				<ele>2150.000000</ele>
			</trkpt>
			<trkpt lat="46.610402" lon="13.021296">
				<ele>2150.000000</ele>
			</trkpt>
			<trkpt lat="46.610353" lon="13.021323">
				<ele>2150.000000</ele>
			</trkpt>
			<trkpt lat="46.610309" lon="13.021367">
				<ele>2150.000000</ele>
			</trkpt>
			<trkpt lat="46.610278" lon="13.021422">
				<ele>2148.000000</ele>
			</trkpt>
			<trkpt lat="46.610266" lon="13.021430">
				<ele>2147.000000</ele>
			</trkpt>
			<trkpt lat="46.610254" lon="13.021430">
				<ele>2147.000000</ele>
			</trkpt>
			<trkpt lat="46.610254" lon="13.021449">
				<ele>2146.000000</ele>
			</trkpt>
			<trkpt lat="46.610241" lon="13.021466">
				<ele>2145.000000</ele>
			</trkpt>
			<trkpt lat="46.610235" lon="13.021502">
				<ele>2144.000000</ele>
			</trkpt>
			<trkpt lat="46.610217" lon="13.021556">
				<ele>2142.000000</ele>
			</trkpt>
			<trkpt lat="46.610198" lon="13.021574">
				<ele>2141.000000</ele>
			</trkpt>
			<trkpt lat="46.610186" lon="13.021629">
				<ele>2140.000000</ele>
			</trkpt>
			<trkpt lat="46.610162" lon="13.021673">
				<ele>2138.000000</ele>
			</trkpt>
			<trkpt lat="46.610137" lon="13.021682">
				<ele>2138.000000</ele>
			</trkpt>
			<trkpt lat="46.610100" lon="13.021673">
				<ele>2136.000000</ele>
			</trkpt>
			<trkpt lat="46.610068" lon="13.021655">
				<ele>2135.000000</ele>
			</trkpt>
			<trkpt lat="46.610044" lon="13.021637">
				<ele>2135.000000</ele>
			</trkpt>
			<trkpt lat="46.610019" lon="13.021602">
				<ele>2133.000000</ele>
			</trkpt>
			<trkpt lat="46.609983" lon="13.021583">
				<ele>2132.000000</ele>
			</trkpt>
			<trkpt lat="46.609970" lon="13.021583">
				<ele>2132.000000</ele>
			</trkpt>
			<trkpt lat="46.609939" lon="13.021610">
				<ele>2131.000000</ele>
			</trkpt>
			<trkpt lat="46.609927" lon="13.021619">
				<ele>2130.000000</ele>
			</trkpt>
			<trkpt lat="46.609890" lon="13.021592">
				<ele>2129.000000</ele>
			</trkpt>
			<trkpt lat="46.609859" lon="13.021566">
				<ele>2128.000000</ele>
			</trkpt>
			<trkpt lat="46.609773" lon="13.021539">
				<ele>2125.000000</ele>
			</trkpt>
			<trkpt lat="46.609760" lon="13.021547">
				<ele>2125.000000</ele>
			</trkpt>
			<trkpt lat="46.609736" lon="13.021539">
				<ele>2124.000000</ele>
			</trkpt>
			<trkpt lat="46.609717" lon="13.021547">
				<ele>2123.000000</ele>
			</trkpt>
			<trkpt lat="46.609692" lon="13.021539">
				<ele>2123.000000</ele>
			</trkpt>
			<trkpt lat="46.609680" lon="13.021547">
				<ele>2122.000000</ele>
			</trkpt>
			<trkpt lat="46.609655" lon="13.021529">
				<ele>2121.000000</ele>
			</trkpt>
			<trkpt lat="46.609624" lon="13.021539">
				<ele>2120.000000</ele>
			</trkpt>
			<trkpt lat="46.609600" lon="13.021574">
				<ele>2119.000000</ele>
			</trkpt>
			<trkpt lat="46.609581" lon="13.021566">
				<ele>2118.000000</ele>
			</trkpt>
			<trkpt lat="46.609569" lon="13.021556">
				<ele>2118.000000</ele>
			</trkpt>
			<trkpt lat="46.609526" lon="13.021556">
				<ele>2116.000000</ele>
			</trkpt>
			<trkpt lat="46.609482" lon="13.021539">
				<ele>2114.000000</ele>
			</trkpt>
			<trkpt lat="46.609451" lon="13.021539">
				<ele>2113.000000</ele>
			</trkpt>
			<trkpt lat="46.609439" lon="13.021566">
				<ele>2112.000000</ele>
			</trkpt>
			<trkpt lat="46.609390" lon="13.021583">
				<ele>2109.000000</ele>
			</trkpt>
			<trkpt lat="46.609365" lon="13.021602">
				<ele>2108.000000</ele>
			</trkpt>
			<trkpt lat="46.609384" lon="13.021646">
				<ele>2107.000000</ele>
			</trkpt>
			<trkpt lat="46.609409" lon="13.021709">
				<ele>2104.000000</ele>
			</trkpt>
			<trkpt lat="46.609427" lon="13.021780">
				<ele>2102.000000</ele>
			</trkpt>
			<trkpt lat="46.609328" lon="13.021816">
				<ele>2097.000000</ele>
			</trkpt>
			<trkpt lat="46.609347" lon="13.021952">
				<ele>2092.000000</ele>
			</trkpt>
			<trkpt lat="46.609328" lon="13.022023">
				<ele>2089.000000</ele>
			</trkpt>
			<trkpt lat="46.609223" lon="13.022059">
				<ele>2083.000000</ele>
			</trkpt>
			<trkpt lat="46.609180" lon="13.022078">
				<ele>2081.000000</ele>
			</trkpt>
			<trkpt lat="46.609137" lon="13.022122">
				<ele>2079.000000</ele>
			</trkpt>
			<trkpt lat="46.608952" lon="13.022203">
				<ele>2071.000000</ele>
			</trkpt>
			<trkpt lat="46.608853" lon="13.022212">
				<ele>2067.000000</ele>
			</trkpt>
			<trkpt lat="46.608816" lon="13.022248">
				<ele>2066.000000</ele>
			</trkpt>
			<trkpt lat="46.608760" lon="13.022266">
				<ele>2064.000000</ele>
			</trkpt>
			<trkpt lat="46.608705" lon="13.022319">
				<ele>2062.000000</ele>
			</trkpt>
			<trkpt lat="46.608613" lon="13.022436">
				<ele>2059.000000</ele>
			</trkpt>
			<trkpt lat="46.608551" lon="13.022482">
				<ele>2058.000000</ele>
			</trkpt>
			<trkpt lat="46.608446" lon="13.022644">
				<ele>2055.000000</ele>
			</trkpt>
			<trkpt lat="46.608390" lon="13.022688">
				<ele>2053.000000</ele>
			</trkpt>
			<trkpt lat="46.608359" lon="13.022688">
				<ele>2053.000000</ele>
			</trkpt>
			<trkpt lat="46.608187" lon="13.022822">
				<ele>2048.000000</ele>
			</trkpt>
			<trkpt lat="46.608168" lon="13.022868">
				<ele>2047.000000</ele>
			</trkpt>
			<trkpt lat="46.608118" lon="13.022904">
				<ele>2045.000000</ele>
			</trkpt>
			<trkpt lat="46.608014" lon="13.023057">
				<ele>2041.000000</ele>
			</trkpt>
			<trkpt lat="46.607927" lon="13.023174">
				<ele>2037.000000</ele>
			</trkpt>
			<trkpt lat="46.607872" lon="13.023290">
				<ele>2033.000000</ele>
			</trkpt>
			<trkpt lat="46.607816" lon="13.023334">
				<ele>2031.000000</ele>
			</trkpt>
			<trkpt lat="46.607767" lon="13.023451">
				<ele>2027.000000</ele>
			</trkpt>
			<trkpt lat="46.607723" lon="13.023497">
				<ele>2025.000000</ele>
			</trkpt>
			<trkpt lat="46.607681" lon="13.023604">
				<ele>2021.000000</ele>
			</trkpt>
			<trkpt lat="46.607668" lon="13.023721">
				<ele>2017.000000</ele>
			</trkpt>
			<trkpt lat="46.607502" lon="13.024072">
				<ele>2006.000000</ele>
			</trkpt>
			<trkpt lat="46.607365" lon="13.024287">
				<ele>1999.000000</ele>
			</trkpt>
			<trkpt lat="46.607310" lon="13.024350">
				<ele>1997.000000</ele>
			</trkpt>
			<trkpt lat="46.607335" lon="13.024359">
				<ele>1996.000000</ele>
			</trkpt>
			<trkpt lat="46.607403" lon="13.024313">
				<ele>1994.000000</ele>
			</trkpt>
			<trkpt lat="46.607489" lon="13.024323">
				<ele>1992.000000</ele>
			</trkpt>
			<trkpt lat="46.607520" lon="13.024350">
				<ele>1991.000000</ele>
			</trkpt>
			<trkpt lat="46.607662" lon="13.024350">
				<ele>1987.000000</ele>
			</trkpt>
			<trkpt lat="46.607693" lon="13.024376">
				<ele>1986.000000</ele>
			</trkpt>
			<trkpt lat="46.607767" lon="13.024359">
				<ele>1983.000000</ele>
			</trkpt>
			<trkpt lat="46.607804" lon="13.024376">
				<ele>1982.000000</ele>
			</trkpt>
			<trkpt lat="46.607952" lon="13.024413">
				<ele>1977.000000</ele>
			</trkpt>
			<trkpt lat="46.607989" lon="13.024449">
				<ele>1975.000000</ele>
			</trkpt>
			<trkpt lat="46.608045" lon="13.024458">
				<ele>1973.000000</ele>
			</trkpt>
			<trkpt lat="46.608069" lon="13.024449">
				<ele>1973.000000</ele>
			</trkpt>
			<trkpt lat="46.608094" lon="13.024440">
				<ele>1971.000000</ele>
			</trkpt>
			<trkpt lat="46.608168" lon="13.024476">
				<ele>1968.000000</ele>
			</trkpt>
			<trkpt lat="46.608187" lon="13.024548">
				<ele>1966.000000</ele>
			</trkpt>
			<trkpt lat="46.608279" lon="13.024566">
				<ele>1962.000000</ele>
			</trkpt>
			<trkpt lat="46.608440" lon="13.024673">
				<ele>1956.000000</ele>
			</trkpt>
			<trkpt lat="46.608409" lon="13.024745">
				<ele>1954.000000</ele>
			</trkpt>
			<trkpt lat="46.608415" lon="13.024808">
				<ele>1952.000000</ele>
			</trkpt>
			<trkpt lat="46.608390" lon="13.024871">
				<ele>1951.000000</ele>
			</trkpt>
			<trkpt lat="46.608390" lon="13.024988">
				<ele>1948.000000</ele>
			</trkpt>
			<trkpt lat="46.608378" lon="13.025059">
				<ele>1946.000000</ele>
			</trkpt>
			<trkpt lat="46.608291" lon="13.025141">
				<ele>1942.000000</ele>
			</trkpt>
			<trkpt lat="46.608193" lon="13.025185">
				<ele>1939.000000</ele>
			</trkpt>
			<trkpt lat="46.608069" lon="13.025392">
				<ele>1934.000000</ele>
			</trkpt>
			<trkpt lat="46.607995" lon="13.025392">
				<ele>1932.000000</ele>
			</trkpt>
			<trkpt lat="46.607933" lon="13.025437">
				<ele>1930.000000</ele>
			</trkpt>
			<trkpt lat="46.607933" lon="13.025472">
				<ele>1929.000000</ele>
			</trkpt>
			<trkpt lat="46.608075" lon="13.025581">
				<ele>1924.000000</ele>
			</trkpt>
			<trkpt lat="46.608100" lon="13.025634">
				<ele>1922.000000</ele>
			</trkpt>
			<trkpt lat="46.608162" lon="13.025634">
				<ele>1920.000000</ele>
			</trkpt>
			<trkpt lat="46.608174" lon="13.025715">
				<ele>1918.000000</ele>
			</trkpt>
			<trkpt lat="46.608267" lon="13.025868">
				<ele>1911.000000</ele>
			</trkpt>
			<trkpt lat="46.608261" lon="13.025904">
				<ele>1910.000000</ele>
			</trkpt>
			<trkpt lat="46.608303" lon="13.025984">
				<ele>1908.000000</ele>
			</trkpt>
			<trkpt lat="46.608242" lon="13.026047">
				<ele>1906.000000</ele>
			</trkpt>
			<trkpt lat="46.608310" lon="13.026137">
				<ele>1903.000000</ele>
			</trkpt>
			<trkpt lat="46.608267" lon="13.026254">
				<ele>1900.000000</ele>
			</trkpt>
			<trkpt lat="46.608249" lon="13.026336">
				<ele>1898.000000</ele>
			</trkpt>
			<trkpt lat="46.608218" lon="13.026344">
				<ele>1897.000000</ele>
			</trkpt>
			<trkpt lat="46.608211" lon="13.026398">
				<ele>1896.000000</ele>
			</trkpt>
			<trkpt lat="46.608156" lon="13.026416">
				<ele>1894.000000</ele>
			</trkpt>
			<trkpt lat="46.608149" lon="13.026461">
				<ele>1892.000000</ele>
			</trkpt>
			<trkpt lat="46.608125" lon="13.026479">
				<ele>1891.000000</ele>
			</trkpt>
			<trkpt lat="46.608125" lon="13.026524">
				<ele>1890.000000</ele>
			</trkpt>
			<trkpt lat="46.608106" lon="13.026569">
				<ele>1889.000000</ele>
			</trkpt>
			<trkpt lat="46.608100" lon="13.026596">
				<ele>1889.000000</ele>
			</trkpt>
			<trkpt lat="46.608057" lon="13.026604">
				<ele>1887.000000</ele>
			</trkpt>
			<trkpt lat="46.608032" lon="13.026686">
				<ele>1886.000000</ele>
			</trkpt>
			<trkpt lat="46.607995" lon="13.026650">
				<ele>1884.000000</ele>
			</trkpt>
			<trkpt lat="46.607958" lon="13.026533">
				<ele>1882.000000</ele>
			</trkpt>
			<trkpt lat="46.607909" lon="13.026550">
				<ele>1880.000000</ele>
			</trkpt>
			<trkpt lat="46.607847" lon="13.026623">
				<ele>1880.000000</ele>
			</trkpt>
			<trkpt lat="46.607773" lon="13.026623">
				<ele>1879.000000</ele>
			</trkpt>
			<trkpt lat="46.607699" lon="13.026667">
				<ele>1878.000000</ele>
			</trkpt>
			<trkpt lat="46.607625" lon="13.026694">
				<ele>1878.000000</ele>
			</trkpt>
			<trkpt lat="46.607538" lon="13.026757">
				<ele>1877.000000</ele>
			</trkpt>
			<trkpt lat="46.607465" lon="13.026757">
				<ele>1877.000000</ele>
			</trkpt>
			<trkpt lat="46.607341" lon="13.026937">
				<ele>1876.000000</ele>
			</trkpt>
			<trkpt lat="46.607292" lon="13.027036">
				<ele>1875.000000</ele>
			</trkpt>
			<trkpt lat="46.607242" lon="13.027063">
				<ele>1875.000000</ele>
			</trkpt>
			<trkpt lat="46.607119" lon="13.027296">
				<ele>1873.000000</ele>
			</trkpt>
			<trkpt lat="46.607020" lon="13.027422">
				<ele>1872.000000</ele>
			</trkpt>
			<trkpt lat="46.606934" lon="13.027556">
				<ele>1871.000000</ele>
			</trkpt>
			<trkpt lat="46.606897" lon="13.027655">
				<ele>1871.000000</ele>
			</trkpt>
			<trkpt lat="46.606841" lon="13.027709">
				<ele>1870.000000</ele>
			</trkpt>
			<trkpt lat="46.606693" lon="13.027799">
				<ele>1870.000000</ele>
			</trkpt>
			<trkpt lat="46.606613" lon="13.027925">
				<ele>1869.000000</ele>
			</trkpt>
			<trkpt lat="46.606545" lon="13.027971">
				<ele>1869.000000</ele>
			</trkpt>
			<trkpt lat="46.606471" lon="13.028132">
				<ele>1868.000000</ele>
			</trkpt>
			<trkpt lat="46.606360" lon="13.028204">
				<ele>1868.000000</ele>
			</trkpt>
			<trkpt lat="46.606249" lon="13.028374">
				<ele>1867.000000</ele>
			</trkpt>
			<trkpt lat="46.606168" lon="13.028571">
				<ele>1866.000000</ele>
			</trkpt>
			<trkpt lat="46.606126" lon="13.028661">
				<ele>1866.000000</ele>
			</trkpt>
			<trkpt lat="46.606033" lon="13.028734">
				<ele>1865.000000</ele>
			</trkpt>
			<trkpt lat="46.605977" lon="13.028868">
				<ele>1865.000000</ele>
			</trkpt>
			<trkpt lat="46.605804" lon="13.029111">
				<ele>1864.000000</ele>
			</trkpt>
			<trkpt lat="46.605656" lon="13.029237">
				<ele>1863.000000</ele>
			</trkpt>
			<trkpt lat="46.605533" lon="13.029407">
				<ele>1862.000000</ele>
			</trkpt>
			<trkpt lat="46.605434" lon="13.029506">
				<ele>1862.000000</ele>
			</trkpt>
			<trkpt lat="46.605218" lon="13.029317">
				<ele>1860.000000</ele>
			</trkpt>
			<trkpt lat="46.605144" lon="13.029237">
				<ele>1860.000000</ele>
			</trkpt>
			<trkpt lat="46.605107" lon="13.029210">
				<ele>1859.000000</ele>
			</trkpt>
			<trkpt lat="46.605088" lon="13.029137">
				<ele>1858.000000</ele>
			</trkpt>
			<trkpt lat="46.605076" lon="13.029120">
				<ele>1858.000000</ele>
			</trkpt>
			<trkpt lat="46.605051" lon="13.029129">
				<ele>1857.000000</ele>
			</trkpt>
			<trkpt lat="46.605020" lon="13.029164">
				<ele>1856.000000</ele>
			</trkpt>
			<trkpt lat="46.605008" lon="13.029200">
				<ele>1856.000000</ele>
			</trkpt>
			<trkpt lat="46.604990" lon="13.029192">
				<ele>1855.000000</ele>
			</trkpt>
			<trkpt lat="46.604897" lon="13.029093">
				<ele>1852.000000</ele>
			</trkpt>
			<trkpt lat="46.604854" lon="13.029057">
				<ele>1851.000000</ele>
			</trkpt>
			<trkpt lat="46.604829" lon="13.029048">
				<ele>1851.000000</ele>
			</trkpt>
			<trkpt lat="46.604829" lon="13.029021">
				<ele>1850.000000</ele>
			</trkpt>
			<trkpt lat="46.604792" lon="13.029013">
				<ele>1849.000000</ele>
			</trkpt>
			<trkpt lat="46.604768" lon="13.028976">
				<ele>1849.000000</ele>
			</trkpt>
			<trkpt lat="46.604749" lon="13.028976">
				<ele>1848.000000</ele>
			</trkpt>
			<trkpt lat="46.604737" lon="13.028950">
				<ele>1848.000000</ele>
			</trkpt>
			<trkpt lat="46.604724" lon="13.028967">
				<ele>1847.000000</ele>
			</trkpt>
			<trkpt lat="46.604675" lon="13.028986">
				<ele>1846.000000</ele>
			</trkpt>
			<trkpt lat="46.604662" lon="13.029003">
				<ele>1846.000000</ele>
			</trkpt>
			<trkpt lat="46.604650" lon="13.029013">
				<ele>1845.000000</ele>
			</trkpt>
			<trkpt lat="46.604632" lon="13.029013">
				<ele>1845.000000</ele>
			</trkpt>
			<trkpt lat="46.604589" lon="13.029040">
				<ele>1844.000000</ele>
			</trkpt>
			<trkpt lat="46.604583" lon="13.029147">
				<ele>1842.000000</ele>
			</trkpt>
			<trkpt lat="46.604564" lon="13.029164">
				<ele>1842.000000</ele>
			</trkpt>
			<trkpt lat="46.604564" lon="13.029210">
				<ele>1841.000000</ele>
			</trkpt>
			<trkpt lat="46.604539" lon="13.029290">
				<ele>1839.000000</ele>
			</trkpt>
			<trkpt lat="46.604539" lon="13.029363">
				<ele>1838.000000</ele>
			</trkpt>
			<trkpt lat="46.604490" lon="13.029434">
				<ele>1837.000000</ele>
			</trkpt>
			<trkpt lat="46.604440" lon="13.029462">
				<ele>1835.000000</ele>
			</trkpt>
			<trkpt lat="46.604416" lon="13.029524">
				<ele>1834.000000</ele>
			</trkpt>
			<trkpt lat="46.604379" lon="13.029533">
				<ele>1833.000000</ele>
			</trkpt>
			<trkpt lat="46.604292" lon="13.029695">
				<ele>1830.000000</ele>
			</trkpt>
			<trkpt lat="46.604273" lon="13.029785">
				<ele>1827.000000</ele>
			</trkpt>
			<trkpt lat="46.604243" lon="13.029856">
				<ele>1825.000000</ele>
			</trkpt>
			<trkpt lat="46.604212" lon="13.029883">
				<ele>1824.000000</ele>
			</trkpt>
			<trkpt lat="46.604188" lon="13.029892">
				<ele>1823.000000</ele>
			</trkpt>
			<trkpt lat="46.604144" lon="13.030009">
				<ele>1820.000000</ele>
			</trkpt>
			<trkpt lat="46.604119" lon="13.030028">
				<ele>1820.000000</ele>
			</trkpt>
			<trkpt lat="46.604107" lon="13.030090">
				<ele>1820.000000</ele>
			</trkpt>
			<trkpt lat="46.604076" lon="13.030135">
				<ele>1819.000000</ele>
			</trkpt>
			<trkpt lat="46.604058" lon="13.030135">
				<ele>1819.000000</ele>
			</trkpt>
			<trkpt lat="46.604039" lon="13.030162">
				<ele>1819.000000</ele>
			</trkpt>
			<trkpt lat="46.604033" lon="13.030189">
				<ele>1819.000000</ele>
			</trkpt>
			<trkpt lat="46.604021" lon="13.030234">
				<ele>1819.000000</ele>
			</trkpt>
			<trkpt lat="46.604021" lon="13.030269">
				<ele>1819.000000</ele>
			</trkpt>
			<trkpt lat="46.604009" lon="13.030296">
				<ele>1819.000000</ele>
			</trkpt>
			<trkpt lat="46.603996" lon="13.030306">
				<ele>1818.000000</ele>
			</trkpt>
			<trkpt lat="46.603959" lon="13.030269">
				<ele>1818.000000</ele>
			</trkpt>
			<trkpt lat="46.603940" lon="13.030189">
				<ele>1818.000000</ele>
			</trkpt>
			<trkpt lat="46.603928" lon="13.030063">
				<ele>1817.000000</ele>
			</trkpt>
			<trkpt lat="46.603934" lon="13.030019">
				<ele>1817.000000</ele>
			</trkpt>
			<trkpt lat="46.603922" lon="13.029965">
				<ele>1817.000000</ele>
			</trkpt>
			<trkpt lat="46.603922" lon="13.029875">
				<ele>1817.000000</ele>
			</trkpt>
			<trkpt lat="46.603916" lon="13.029820">
				<ele>1816.000000</ele>
			</trkpt>
			<trkpt lat="46.603922" lon="13.029740">
				<ele>1816.000000</ele>
			</trkpt>
			<trkpt lat="46.603940" lon="13.029686">
				<ele>1816.000000</ele>
			</trkpt>
			<trkpt lat="46.603947" lon="13.029623">
				<ele>1816.000000</ele>
			</trkpt>
			<trkpt lat="46.603903" lon="13.029497">
				<ele>1815.000000</ele>
			</trkpt>
			<trkpt lat="46.603891" lon="13.029416">
				<ele>1815.000000</ele>
			</trkpt>
			<trkpt lat="46.603866" lon="13.029309">
				<ele>1814.000000</ele>
			</trkpt>
			<trkpt lat="46.603872" lon="13.029227">
				<ele>1814.000000</ele>
			</trkpt>
			<trkpt lat="46.603891" lon="13.029147">
				<ele>1814.000000</ele>
			</trkpt>
			<trkpt lat="46.603928" lon="13.029093">
				<ele>1813.000000</ele>
			</trkpt>
			<trkpt lat="46.603947" lon="13.029048">
				<ele>1813.000000</ele>
			</trkpt>
			<trkpt lat="46.603934" lon="13.028994">
				<ele>1813.000000</ele>
			</trkpt>
			<trkpt lat="46.603934" lon="13.028967">
				<ele>1813.000000</ele>
			</trkpt>
			<trkpt lat="46.603934" lon="13.028940">
				<ele>1813.000000</ele>
			</trkpt>
			<trkpt lat="46.603940" lon="13.028904">
				<ele>1813.000000</ele>
			</trkpt>
			<trkpt lat="46.603934" lon="13.028814">
				<ele>1812.000000</ele>
			</trkpt>
			<trkpt lat="46.603922" lon="13.028761">
				<ele>1812.000000</ele>
			</trkpt>
			<trkpt lat="46.603897" lon="13.028761">
				<ele>1812.000000</ele>
			</trkpt>
			<trkpt lat="46.603872" lon="13.028761">
				<ele>1812.000000</ele>
			</trkpt>
			<trkpt lat="46.603842" lon="13.028778">
				<ele>1812.000000</ele>
			</trkpt>
			<trkpt lat="46.603799" lon="13.028770">
				<ele>1811.000000</ele>
			</trkpt>
			<trkpt lat="46.603762" lon="13.028724">
				<ele>1811.000000</ele>
			</trkpt>
			<trkpt lat="46.603724" lon="13.028743">
				<ele>1811.000000</ele>
			</trkpt>
			<trkpt lat="46.603669" lon="13.028761">
				<ele>1811.000000</ele>
			</trkpt>
			<trkpt lat="46.603657" lon="13.028778">
				<ele>1810.000000</ele>
			</trkpt>
			<trkpt lat="46.603614" lon="13.028860">
				<ele>1810.000000</ele>
			</trkpt>
			<trkpt lat="46.603533" lon="13.028923">
				<ele>1810.000000</ele>
			</trkpt>
			<trkpt lat="46.603490" lon="13.028931">
				<ele>1810.000000</ele>
			</trkpt>
			<trkpt lat="46.603416" lon="13.029013">
				<ele>1810.000000</ele>
			</trkpt>
			<trkpt lat="46.603397" lon="13.029040">
				<ele>1810.000000</ele>
			</trkpt>
			<trkpt lat="46.603305" lon="13.029111">
				<ele>1810.000000</ele>
			</trkpt>
			<trkpt lat="46.603262" lon="13.029174">
				<ele>1810.000000</ele>
			</trkpt>
			<trkpt lat="46.603169" lon="13.029237">
				<ele>1810.000000</ele>
			</trkpt>
			<trkpt lat="46.603132" lon="13.029254">
				<ele>1810.000000</ele>
			</trkpt>
			<trkpt lat="46.603058" lon="13.029317">
				<ele>1810.000000</ele>
			</trkpt>
			<trkpt lat="46.602990" lon="13.029407">
				<ele>1810.000000</ele>
			</trkpt>
			<trkpt lat="46.602934" lon="13.029516">
				<ele>1810.000000</ele>
			</trkpt>
			<trkpt lat="46.602855" lon="13.029632">
				<ele>1810.000000</ele>
			</trkpt>
			<trkpt lat="46.602761" lon="13.029713">
				<ele>1810.000000</ele>
			</trkpt>
			<trkpt lat="46.602731" lon="13.029766">
				<ele>1810.000000</ele>
			</trkpt>
			<trkpt lat="46.602688" lon="13.029866">
				<ele>1810.000000</ele>
			</trkpt>
			<trkpt lat="46.602632" lon="13.029955">
				<ele>1810.000000</ele>
			</trkpt>
			<trkpt lat="46.602570" lon="13.030036">
				<ele>1810.000000</ele>
			</trkpt>
			<trkpt lat="46.602317" lon="13.030135">
				<ele>1810.000000</ele>
			</trkpt>
			<trkpt lat="46.602243" lon="13.030234">
				<ele>1810.000000</ele>
			</trkpt>
			<trkpt lat="46.602150" lon="13.030252">
				<ele>1810.000000</ele>
			</trkpt>
			<trkpt lat="46.602138" lon="13.030288">
				<ele>1810.000000</ele>
			</trkpt>
			<trkpt lat="46.602064" lon="13.030306">
				<ele>1810.000000</ele>
			</trkpt>
			<trkpt lat="46.601916" lon="13.030296">
				<ele>1807.000000</ele>
			</trkpt>
			<trkpt lat="46.601885" lon="13.030242">
				<ele>1806.000000</ele>
			</trkpt>
			<trkpt lat="46.601842" lon="13.030171">
				<ele>1804.000000</ele>
			</trkpt>
			<trkpt lat="46.601836" lon="13.030055">
				<ele>1802.000000</ele>
			</trkpt>
			<trkpt lat="46.601811" lon="13.029929">
				<ele>1800.000000</ele>
			</trkpt>
			<trkpt lat="46.601823" lon="13.029812">
				<ele>1799.000000</ele>
			</trkpt>
			<trkpt lat="46.601823" lon="13.029722">
				<ele>1799.000000</ele>
			</trkpt>
			<trkpt lat="46.601792" lon="13.029659">
				<ele>1798.000000</ele>
			</trkpt>
			<trkpt lat="46.601725" lon="13.029569">
				<ele>1797.000000</ele>
			</trkpt>
			<trkpt lat="46.601743" lon="13.029470">
				<ele>1796.000000</ele>
			</trkpt>
			<trkpt lat="46.601750" lon="13.029407">
				<ele>1796.000000</ele>
			</trkpt>
			<trkpt lat="46.601719" lon="13.029309">
				<ele>1795.000000</ele>
			</trkpt>
			<trkpt lat="46.601688" lon="13.029210">
				<ele>1794.000000</ele>
			</trkpt>
			<trkpt lat="46.601663" lon="13.029200">
				<ele>1793.000000</ele>
			</trkpt>
			<trkpt lat="46.601620" lon="13.029227">
				<ele>1793.000000</ele>
			</trkpt>
			<trkpt lat="46.601607" lon="13.029282">
				<ele>1792.000000</ele>
			</trkpt>
			<trkpt lat="46.601564" lon="13.029363">
				<ele>1791.000000</ele>
			</trkpt>
			<trkpt lat="46.601497" lon="13.029479">
				<ele>1790.000000</ele>
			</trkpt>
			<trkpt lat="46.601478" lon="13.029560">
				<ele>1789.000000</ele>
			</trkpt>
			<trkpt lat="46.601441" lon="13.029613">
				<ele>1787.000000</ele>
			</trkpt>
			<trkpt lat="46.601435" lon="13.029659">
				<ele>1786.000000</ele>
			</trkpt>
			<trkpt lat="46.601361" lon="13.029686">
				<ele>1784.000000</ele>
			</trkpt>
			<trkpt lat="46.601324" lon="13.029686">
				<ele>1783.000000</ele>
			</trkpt>
			<trkpt lat="46.601293" lon="13.029730">
				<ele>1781.000000</ele>
			</trkpt>
			<trkpt lat="46.601268" lon="13.029722">
				<ele>1781.000000</ele>
			</trkpt>
			<trkpt lat="46.601237" lon="13.029749">
				<ele>1780.000000</ele>
			</trkpt>
			<trkpt lat="46.601200" lon="13.029766">
				<ele>1778.000000</ele>
			</trkpt>
			<trkpt lat="46.601176" lon="13.029793">
				<ele>1777.000000</ele>
			</trkpt>
			<trkpt lat="46.601126" lon="13.029829">
				<ele>1776.000000</ele>
			</trkpt>
			<trkpt lat="46.601033" lon="13.029866">
				<ele>1772.000000</ele>
			</trkpt>
			<trkpt lat="46.601009" lon="13.029892">
				<ele>1772.000000</ele>
			</trkpt>
			<trkpt lat="46.600954" lon="13.029929">
				<ele>1770.000000</ele>
			</trkpt>
			<trkpt lat="46.600947" lon="13.029955">
				<ele>1769.000000</ele>
			</trkpt>
			<trkpt lat="46.600885" lon="13.029955">
				<ele>1767.000000</ele>
			</trkpt>
			<trkpt lat="46.600842" lon="13.030000">
				<ele>1765.000000</ele>
			</trkpt>
			<trkpt lat="46.600706" lon="13.030036">
				<ele>1761.000000</ele>
			</trkpt>
			<trkpt lat="46.600682" lon="13.030055">
				<ele>1760.000000</ele>
			</trkpt>
			<trkpt lat="46.600675" lon="13.030082">
				<ele>1760.000000</ele>
			</trkpt>
			<trkpt lat="46.600626" lon="13.030099">
				<ele>1758.000000</ele>
			</trkpt>
			<trkpt lat="46.600589" lon="13.030126">
				<ele>1757.000000</ele>
			</trkpt>
			<trkpt lat="46.600398" lon="13.030171">
				<ele>1752.000000</ele>
			</trkpt>
			<trkpt lat="46.600367" lon="13.030198">
				<ele>1751.000000</ele>
			</trkpt>
			<trkpt lat="46.600219" lon="13.030198">
				<ele>1747.000000</ele>
			</trkpt>
			<trkpt lat="46.600188" lon="13.030279">
				<ele>1745.000000</ele>
			</trkpt>
			<trkpt lat="46.600101" lon="13.030342">
				<ele>1741.000000</ele>
			</trkpt>
			<trkpt lat="46.599978" lon="13.030332">
				<ele>1740.000000</ele>
			</trkpt>
			<trkpt lat="46.599879" lon="13.030242">
				<ele>1740.000000</ele>
			</trkpt>
			<trkpt lat="46.599855" lon="13.030242">
				<ele>1740.000000</ele>
			</trkpt>
			<trkpt lat="46.599848" lon="13.030324">
				<ele>1738.000000</ele>
			</trkpt>
			<trkpt lat="46.599830" lon="13.030359">
				<ele>1736.000000</ele>
			</trkpt>
			<trkpt lat="46.599799" lon="13.030395">
				<ele>1734.000000</ele>
			</trkpt>
			<trkpt lat="46.599762" lon="13.030476">
				<ele>1731.000000</ele>
			</trkpt>
			<trkpt lat="46.599620" lon="13.030611">
				<ele>1728.000000</ele>
			</trkpt>
			<trkpt lat="46.599589" lon="13.030594">
				<ele>1728.000000</ele>
			</trkpt>
			<trkpt lat="46.599558" lon="13.030621">
				<ele>1727.000000</ele>
			</trkpt>
			<trkpt lat="46.599466" lon="13.030594">
				<ele>1726.000000</ele>
			</trkpt>
			<trkpt lat="46.599386" lon="13.030711">
				<ele>1725.000000</ele>
			</trkpt>
			<trkpt lat="46.599132" lon="13.030881">
				<ele>1722.000000</ele>
			</trkpt>
			<trkpt lat="46.599022" lon="13.030934">
				<ele>1720.000000</ele>
			</trkpt>
			<trkpt lat="46.598972" lon="13.030934">
				<ele>1720.000000</ele>
			</trkpt>
			<trkpt lat="46.598886" lon="13.030862">
				<ele>1718.000000</ele>
			</trkpt>
			<trkpt lat="46.598818" lon="13.030934">
				<ele>1717.000000</ele>
			</trkpt>
			<trkpt lat="46.598787" lon="13.031042">
				<ele>1716.000000</ele>
			</trkpt>
			<trkpt lat="46.598670" lon="13.031168">
				<ele>1714.000000</ele>
			</trkpt>
			<trkpt lat="46.598373" lon="13.031401">
				<ele>1709.000000</ele>
			</trkpt>
			<trkpt lat="46.598256" lon="13.031500">
				<ele>1708.000000</ele>
			</trkpt>
			<trkpt lat="46.598139" lon="13.031563">
				<ele>1706.000000</ele>
			</trkpt>
			<trkpt lat="46.598059" lon="13.031663">
				<ele>1705.000000</ele>
			</trkpt>
			<trkpt lat="46.598009" lon="13.031716">
				<ele>1704.000000</ele>
			</trkpt>
			<trkpt lat="46.597990" lon="13.031787">
				<ele>1704.000000</ele>
			</trkpt>
			<trkpt lat="46.597929" lon="13.031932">
				<ele>1702.000000</ele>
			</trkpt>
			<trkpt lat="46.597898" lon="13.032013">
				<ele>1702.000000</ele>
			</trkpt>
			<trkpt lat="46.597842" lon="13.032129">
				<ele>1701.000000</ele>
			</trkpt>
			<trkpt lat="46.597818" lon="13.032219">
				<ele>1700.000000</ele>
			</trkpt>
			<trkpt lat="46.597713" lon="13.032443">
				<ele>1698.000000</ele>
			</trkpt>
			<trkpt lat="46.597713" lon="13.032470">
				<ele>1698.000000</ele>
			</trkpt>
			<trkpt lat="46.597694" lon="13.032650">
				<ele>1696.000000</ele>
			</trkpt>
			<trkpt lat="46.597713" lon="13.032938">
				<ele>1694.000000</ele>
			</trkpt>
			<trkpt lat="46.597732" lon="13.033082">
				<ele>1693.000000</ele>
			</trkpt>
			<trkpt lat="46.597762" lon="13.033162">
				<ele>1692.000000</ele>
			</trkpt>
			<trkpt lat="46.597774" lon="13.033252">
				<ele>1692.000000</ele>
			</trkpt>
			<trkpt lat="46.597929" lon="13.033594">
				<ele>1689.000000</ele>
			</trkpt>
			<trkpt lat="46.598108" lon="13.033944">
				<ele>1685.000000</ele>
			</trkpt>
			<trkpt lat="46.598213" lon="13.033818">
				<ele>1684.000000</ele>
			</trkpt>
			<trkpt lat="46.598293" lon="13.033837">
				<ele>1683.000000</ele>
			</trkpt>
			<trkpt lat="46.598367" lon="13.033917">
				<ele>1682.000000</ele>
			</trkpt>
			<trkpt lat="46.598472" lon="13.034114">
				<ele>1680.000000</ele>
			</trkpt>
			<trkpt lat="46.598515" lon="13.034187">
				<ele>1679.000000</ele>
			</trkpt>
			<trkpt lat="46.598589" lon="13.034303">
				<ele>1678.000000</ele>
			</trkpt>
			<trkpt lat="46.598707" lon="13.034411">
				<ele>1676.000000</ele>
			</trkpt>
			<trkpt lat="46.598713" lon="13.034420">
				<ele>1676.000000</ele>
			</trkpt>
			<trkpt lat="46.598737" lon="13.034519">
				<ele>1676.000000</ele>
			</trkpt>
			<trkpt lat="46.599089" lon="13.035030">
				<ele>1670.000000</ele>
			</trkpt>
			<trkpt lat="46.599108" lon="13.035066">
				<ele>1670.000000</ele>
			</trkpt>
			<trkpt lat="46.599188" lon="13.034959">
				<ele>1668.000000</ele>
			</trkpt>
			<trkpt lat="46.599429" lon="13.035175">
				<ele>1660.000000</ele>
			</trkpt>
			<trkpt lat="46.599565" lon="13.035229">
				<ele>1657.000000</ele>
			</trkpt>
			<trkpt lat="46.599706" lon="13.035273">
				<ele>1654.000000</ele>
			</trkpt>
			<trkpt lat="46.599922" lon="13.035435">
				<ele>1650.000000</ele>
			</trkpt>
			<trkpt lat="46.599972" lon="13.035525">
				<ele>1648.000000</ele>
			</trkpt>
			<trkpt lat="46.600219" lon="13.035588">
				<ele>1645.000000</ele>
			</trkpt>
			<trkpt lat="46.600583" lon="13.035804">
				<ele>1639.000000</ele>
			</trkpt>
			<trkpt lat="46.600960" lon="13.036154">
				<ele>1632.000000</ele>
			</trkpt>
			<trkpt lat="46.601021" lon="13.036288">
				<ele>1630.000000</ele>
			</trkpt>
			<trkpt lat="46.601033" lon="13.036460">
				<ele>1628.000000</ele>
			</trkpt>
			<trkpt lat="46.602287" lon="13.037519">
				<ele>1604.000000</ele>
			</trkpt>
			<trkpt lat="46.602397" lon="13.037483">
				<ele>1603.000000</ele>
			</trkpt>
			<trkpt lat="46.602811" lon="13.037762">
				<ele>1597.000000</ele>
			</trkpt>
			<trkpt lat="46.603175" lon="13.037743">
				<ele>1592.000000</ele>
			</trkpt>
			<trkpt lat="46.603188" lon="13.037743">
				<ele>1592.000000</ele>
			</trkpt>
			<trkpt lat="46.603206" lon="13.037753">
				<ele>1591.000000</ele>
			</trkpt>
			<trkpt lat="46.603323" lon="13.038336">
				<ele>1586.000000</ele>
			</trkpt>
			<trkpt lat="46.603527" lon="13.038867">
				<ele>1582.000000</ele>
			</trkpt>
			<trkpt lat="46.603496" lon="13.039307">
				<ele>1574.000000</ele>
			</trkpt>
			<trkpt lat="46.603583" lon="13.039523">
				<ele>1569.000000</ele>
			</trkpt>
			<trkpt lat="46.603595" lon="13.039837">
				<ele>1564.000000</ele>
			</trkpt>
			<trkpt lat="46.603527" lon="13.040062">
				<ele>1561.000000</ele>
			</trkpt>
			<trkpt lat="46.603644" lon="13.040789">
				<ele>1550.000000</ele>
			</trkpt>
			<trkpt lat="46.603644" lon="13.041032">
				<ele>1547.000000</ele>
			</trkpt>
			<trkpt lat="46.603620" lon="13.041185">
				<ele>1545.000000</ele>
			</trkpt>
			<trkpt lat="46.603693" lon="13.041490">
				<ele>1542.000000</ele>
			</trkpt>
			<trkpt lat="46.603749" lon="13.041911">
				<ele>1530.000000</ele>
			</trkpt>
			<trkpt lat="46.603718" lon="13.042774">
				<ele>1522.000000</ele>
			</trkpt>
			<trkpt lat="46.603706" lon="13.042810">
				<ele>1521.000000</ele>
			</trkpt>
			<trkpt lat="46.603669" lon="13.042999">
				<ele>1520.000000</ele>
			</trkpt>
			<trkpt lat="46.603632" lon="13.043053">
				<ele>1520.000000</ele>
			</trkpt>
			<trkpt lat="46.603669" lon="13.043196">
				<ele>1519.000000</ele>
			</trkpt>
			<trkpt lat="46.603657" lon="13.043332">
				<ele>1518.000000</ele>
			</trkpt>
			<trkpt lat="46.603675" lon="13.043592">
				<ele>1517.000000</ele>
			</trkpt>
			<trkpt lat="46.603570" lon="13.043762">
				<ele>1516.000000</ele>
			</trkpt>
			<trkpt lat="46.603558" lon="13.043781">
				<ele>1516.000000</ele>
			</trkpt>
			<trkpt lat="46.603663" lon="13.043915">
				<ele>1514.000000</ele>
			</trkpt>
			<trkpt lat="46.603730" lon="13.044024">
				<ele>1514.000000</ele>
			</trkpt>
			<trkpt lat="46.603866" lon="13.044490">
				<ele>1511.000000</ele>
			</trkpt>
			<trkpt lat="46.603978" lon="13.044724">
				<ele>1510.000000</ele>
			</trkpt>
			<trkpt lat="46.604088" lon="13.045047">
				<ele>1510.000000</ele>
			</trkpt>
			<trkpt lat="46.604138" lon="13.045370">
				<ele>1510.000000</ele>
			</trkpt>
			<trkpt lat="46.604088" lon="13.045667">
				<ele>1512.000000</ele>
			</trkpt>
			<trkpt lat="46.603990" lon="13.045990">
				<ele>1514.000000</ele>
			</trkpt>
			<trkpt lat="46.603872" lon="13.046286">
				<ele>1516.000000</ele>
			</trkpt>
			<trkpt lat="46.603897" lon="13.046970">
				<ele>1520.000000</ele>
			</trkpt>
			<trkpt lat="46.603824" lon="13.047194">
				<ele>1525.000000</ele>
			</trkpt>
			<trkpt lat="46.603780" lon="13.047347">
				<ele>1528.000000</ele>
			</trkpt>
			<trkpt lat="46.603762" lon="13.047473">
				<ele>1530.000000</ele>
			</trkpt>
			<trkpt lat="46.603872" lon="13.047777">
				<ele>1530.000000</ele>
			</trkpt>
			<trkpt lat="46.603903" lon="13.047894">
				<ele>1530.000000</ele>
			</trkpt>
			<trkpt lat="46.603903" lon="13.048102">
				<ele>1530.000000</ele>
			</trkpt>
			<trkpt lat="46.603947" lon="13.048236">
				<ele>1532.000000</ele>
			</trkpt>
			<trkpt lat="46.603940" lon="13.048380">
				<ele>1533.000000</ele>
			</trkpt>
			<trkpt lat="46.603978" lon="13.048416">
				<ele>1533.000000</ele>
			</trkpt>
			<trkpt lat="46.604009" lon="13.048443">
				<ele>1533.000000</ele>
			</trkpt>
			<trkpt lat="46.604095" lon="13.048703">
				<ele>1536.000000</ele>
			</trkpt>
			<trkpt lat="46.604280" lon="13.048999">
				<ele>1538.000000</ele>
			</trkpt>
			<trkpt lat="46.604391" lon="13.049332">
				<ele>1541.000000</ele>
			</trkpt>
			<trkpt lat="46.604490" lon="13.049655">
				<ele>1544.000000</ele>
			</trkpt>
			<trkpt lat="46.604292" lon="13.049431">
				<ele>1547.000000</ele>
			</trkpt>
			<trkpt lat="46.604138" lon="13.049251">
				<ele>1549.000000</ele>
			</trkpt>
			<trkpt lat="46.604052" lon="13.049135">
				<ele>1550.000000</ele>
			</trkpt>
			<trkpt lat="46.604015" lon="13.049081">
				<ele>1551.000000</ele>
			</trkpt>
			<trkpt lat="46.603971" lon="13.049026">
				<ele>1551.000000</ele>
			</trkpt>
			<trkpt lat="46.603953" lon="13.049018">
				<ele>1552.000000</ele>
			</trkpt>
			<trkpt lat="46.603928" lon="13.049026">
				<ele>1552.000000</ele>
			</trkpt>
			<trkpt lat="46.603916" lon="13.049054">
				<ele>1552.000000</ele>
			</trkpt>
			<trkpt lat="46.603922" lon="13.049098">
				<ele>1553.000000</ele>
			</trkpt>
			<trkpt lat="46.603965" lon="13.049179">
				<ele>1553.000000</ele>
			</trkpt>
			<trkpt lat="46.604052" lon="13.049404">
				<ele>1555.000000</ele>
			</trkpt>
			<trkpt lat="46.604107" lon="13.049521">
				<ele>1556.000000</ele>
			</trkpt>
			<trkpt lat="46.604138" lon="13.049620">
				<ele>1557.000000</ele>
			</trkpt>
			<trkpt lat="46.604218" lon="13.049890">
				<ele>1559.000000</ele>
			</trkpt>
			<trkpt lat="46.604298" lon="13.050123">
				<ele>1561.000000</ele>
			</trkpt>
			<trkpt lat="46.604416" lon="13.050554">
				<ele>1565.000000</ele>
			</trkpt>
			<trkpt lat="46.604428" lon="13.050626">
				<ele>1565.000000</ele>
			</trkpt>
			<trkpt lat="46.604459" lon="13.050760">
				<ele>1566.000000</ele>
			</trkpt>
			<trkpt lat="46.604471" lon="13.050886">
				<ele>1567.000000</ele>
			</trkpt>
			<trkpt lat="46.604477" lon="13.050959">
				<ele>1568.000000</ele>
			</trkpt>
			<trkpt lat="46.604471" lon="13.051022">
				<ele>1568.000000</ele>
			</trkpt>
			<trkpt lat="46.604459" lon="13.051093">
				<ele>1569.000000</ele>
			</trkpt>
			<trkpt lat="46.604440" lon="13.051156">
				<ele>1569.000000</ele>
			</trkpt>
			<trkpt lat="46.604398" lon="13.051263">
				<ele>1570.000000</ele>
			</trkpt>
			<trkpt lat="46.604398" lon="13.051326">
				<ele>1571.000000</ele>
			</trkpt>
			<trkpt lat="46.604446" lon="13.051524">
				<ele>1572.000000</ele>
			</trkpt>
			<trkpt lat="46.604502" lon="13.051712">
				<ele>1573.000000</ele>
			</trkpt>
			<trkpt lat="46.604570" lon="13.051884">
				<ele>1575.000000</ele>
			</trkpt>
			<trkpt lat="46.604644" lon="13.052001">
				<ele>1576.000000</ele>
			</trkpt>
			<trkpt lat="46.604712" lon="13.052117">
				<ele>1577.000000</ele>
			</trkpt>
			<trkpt lat="46.604780" lon="13.052261">
				<ele>1578.000000</ele>
			</trkpt>
			<trkpt lat="46.604811" lon="13.052341">
				<ele>1578.000000</ele>
			</trkpt>
			<trkpt lat="46.604841" lon="13.052422">
				<ele>1579.000000</ele>
			</trkpt>
			<trkpt lat="46.604866" lon="13.052512">
				<ele>1580.000000</ele>
			</trkpt>
			<trkpt lat="46.604885" lon="13.052601">
				<ele>1580.000000</ele>
			</trkpt>
			<trkpt lat="46.604909" lon="13.052754">
				<ele>1581.000000</ele>
			</trkpt>
			<trkpt lat="46.604928" lon="13.052808">
				<ele>1581.000000</ele>
			</trkpt>
			<trkpt lat="46.604953" lon="13.052844">
				<ele>1582.000000</ele>
			</trkpt>
			<trkpt lat="46.605008" lon="13.052863">
				<ele>1582.000000</ele>
			</trkpt>
			<trkpt lat="46.605064" lon="13.052863">
				<ele>1583.000000</ele>
			</trkpt>
			<trkpt lat="46.605113" lon="13.052871">
				<ele>1583.000000</ele>
			</trkpt>
			<trkpt lat="46.605181" lon="13.052880">
				<ele>1584.000000</ele>
			</trkpt>
			<trkpt lat="46.605236" lon="13.052880">
				<ele>1584.000000</ele>
			</trkpt>
			<trkpt lat="46.605292" lon="13.052863">
				<ele>1585.000000</ele>
			</trkpt>
			<trkpt lat="46.605336" lon="13.052827">
				<ele>1585.000000</ele>
			</trkpt>
			<trkpt lat="46.605434" lon="13.052737">
				<ele>1586.000000</ele>
			</trkpt>
			<trkpt lat="46.605552" lon="13.052548">
				<ele>1587.000000</ele>
			</trkpt>
			<trkpt lat="46.605594" lon="13.052458">
				<ele>1588.000000</ele>
			</trkpt>
			<trkpt lat="46.605613" lon="13.052440">
				<ele>1588.000000</ele>
			</trkpt>
			<trkpt lat="46.605631" lon="13.052440">
				<ele>1588.000000</ele>
			</trkpt>
			<trkpt lat="46.605650" lon="13.052477">
				<ele>1589.000000</ele>
			</trkpt>
			<trkpt lat="46.605644" lon="13.052521">
				<ele>1589.000000</ele>
			</trkpt>
			<trkpt lat="46.605600" lon="13.052575">
				<ele>1589.000000</ele>
			</trkpt>
			<trkpt lat="46.605539" lon="13.052718">
				<ele>1590.000000</ele>
			</trkpt>
			<trkpt lat="46.605514" lon="13.052817">
				<ele>1591.000000</ele>
			</trkpt>
			<trkpt lat="46.605490" lon="13.052863">
				<ele>1591.000000</ele>
			</trkpt>
			<trkpt lat="46.605471" lon="13.052907">
				<ele>1592.000000</ele>
			</trkpt>
			<trkpt lat="46.605329" lon="13.053123">
				<ele>1593.000000</ele>
			</trkpt>
			<trkpt lat="46.605286" lon="13.053204">
				<ele>1594.000000</ele>
			</trkpt>
			<trkpt lat="46.605218" lon="13.053284">
				<ele>1595.000000</ele>
			</trkpt>
			<trkpt lat="46.605138" lon="13.053330">
				<ele>1596.000000</ele>
			</trkpt>
			<trkpt lat="46.605051" lon="13.053356">
				<ele>1596.000000</ele>
			</trkpt>
			<trkpt lat="46.604959" lon="13.053356">
				<ele>1597.000000</ele>
			</trkpt>
			<trkpt lat="46.604922" lon="13.053320">
				<ele>1598.000000</ele>
			</trkpt>
			<trkpt lat="46.604860" lon="13.053195">
				<ele>1599.000000</ele>
			</trkpt>
			<trkpt lat="46.604792" lon="13.053123">
				<ele>1599.000000</ele>
			</trkpt>
			<trkpt lat="46.604668" lon="13.053060">
				<ele>1601.000000</ele>
			</trkpt>
			<trkpt lat="46.604440" lon="13.052997">
				<ele>1603.000000</ele>
			</trkpt>
			<trkpt lat="46.604373" lon="13.052970">
				<ele>1604.000000</ele>
			</trkpt>
			<trkpt lat="46.604304" lon="13.052917">
				<ele>1604.000000</ele>
			</trkpt>
			<trkpt lat="46.604188" lon="13.052836">
				<ele>1606.000000</ele>
			</trkpt>
			<trkpt lat="46.604150" lon="13.052790">
				<ele>1606.000000</ele>
			</trkpt>
			<trkpt lat="46.604132" lon="13.052754">
				<ele>1607.000000</ele>
			</trkpt>
			<trkpt lat="46.604101" lon="13.052727">
				<ele>1607.000000</ele>
			</trkpt>
			<trkpt lat="46.604082" lon="13.052746">
				<ele>1607.000000</ele>
			</trkpt>
			<trkpt lat="46.604082" lon="13.052781">
				<ele>1607.000000</ele>
			</trkpt>
			<trkpt lat="46.604119" lon="13.052863">
				<ele>1608.000000</ele>
			</trkpt>
			<trkpt lat="46.604188" lon="13.052980">
				<ele>1609.000000</ele>
			</trkpt>
			<trkpt lat="46.604261" lon="13.053106">
				<ele>1610.000000</ele>
			</trkpt>
			<trkpt lat="46.604317" lon="13.053167">
				<ele>1611.000000</ele>
			</trkpt>
			<trkpt lat="46.604428" lon="13.053240">
				<ele>1612.000000</ele>
			</trkpt>
			<trkpt lat="46.604490" lon="13.053293">
				<ele>1613.000000</ele>
			</trkpt>
			<trkpt lat="46.604533" lon="13.053339">
				<ele>1614.000000</ele>
			</trkpt>
			<trkpt lat="46.604564" lon="13.053393">
				<ele>1614.000000</ele>
			</trkpt>
			<trkpt lat="46.604613" lon="13.053473">
				<ele>1615.000000</ele>
			</trkpt>
			<trkpt lat="46.604626" lon="13.053509">
				<ele>1615.000000</ele>
			</trkpt>
			<trkpt lat="46.604632" lon="13.053554">
				<ele>1616.000000</ele>
			</trkpt>
			<trkpt lat="46.604644" lon="13.053643">
				<ele>1616.000000</ele>
			</trkpt>
			<trkpt lat="46.604644" lon="13.053769">
				<ele>1617.000000</ele>
			</trkpt>
			<trkpt lat="46.604656" lon="13.053815">
				<ele>1618.000000</ele>
			</trkpt>
			<trkpt lat="46.604675" lon="13.053850">
				<ele>1618.000000</ele>
			</trkpt>
			<trkpt lat="46.604762" lon="13.053940">
				<ele>1619.000000</ele>
			</trkpt>
			<trkpt lat="46.604922" lon="13.054129">
				<ele>1621.000000</ele>
			</trkpt>
			<trkpt lat="46.604984" lon="13.054174">
				<ele>1622.000000</ele>
			</trkpt>
			<trkpt lat="46.605026" lon="13.054183">
				<ele>1622.000000</ele>
			</trkpt>
			<trkpt lat="46.605076" lon="13.054174">
				<ele>1622.000000</ele>
			</trkpt>
			<trkpt lat="46.605169" lon="13.054111">
				<ele>1623.000000</ele>
			</trkpt>
			<trkpt lat="46.605354" lon="13.053985">
				<ele>1625.000000</ele>
			</trkpt>
			<trkpt lat="46.605465" lon="13.053878">
				<ele>1626.000000</ele>
			</trkpt>
			<trkpt lat="46.605564" lon="13.053761">
				<ele>1627.000000</ele>
			</trkpt>
			<trkpt lat="46.605712" lon="13.053599">
				<ele>1629.000000</ele>
			</trkpt>
			<trkpt lat="46.605829" lon="13.053437">
				<ele>1630.000000</ele>
			</trkpt>
			<trkpt lat="46.605872" lon="13.053402">
				<ele>1630.000000</ele>
			</trkpt>
			<trkpt lat="46.605965" lon="13.053303">
				<ele>1630.000000</ele>
			</trkpt>
			<trkpt lat="46.606101" lon="13.053159">
				<ele>1630.000000</ele>
			</trkpt>
			<trkpt lat="46.606168" lon="13.053033">
				<ele>1630.000000</ele>
			</trkpt>
			<trkpt lat="46.606230" lon="13.052917">
				<ele>1630.000000</ele>
			</trkpt>
			<trkpt lat="46.606255" lon="13.052836">
				<ele>1630.000000</ele>
			</trkpt>
			<trkpt lat="46.606280" lon="13.052737">
				<ele>1630.000000</ele>
			</trkpt>
			<trkpt lat="46.606335" lon="13.052521">
				<ele>1630.000000</ele>
			</trkpt>
			<trkpt lat="46.606372" lon="13.052414">
				<ele>1630.000000</ele>
			</trkpt>
			<trkpt lat="46.606403" lon="13.052332">
				<ele>1630.000000</ele>
			</trkpt>
			<trkpt lat="46.606452" lon="13.052278">
				<ele>1630.000000</ele>
			</trkpt>
			<trkpt lat="46.606563" lon="13.052234">
				<ele>1630.000000</ele>
			</trkpt>
			<trkpt lat="46.606897" lon="13.052144">
				<ele>1625.000000</ele>
			</trkpt>
			<trkpt lat="46.607514" lon="13.052404">
				<ele>1617.000000</ele>
			</trkpt>
			<trkpt lat="46.607927" lon="13.052530">
				<ele>1613.000000</ele>
			</trkpt>
			<trkpt lat="46.608489" lon="13.053087">
				<ele>1610.000000</ele>
			</trkpt>
			<trkpt lat="46.608674" lon="13.053123">
				<ele>1610.000000</ele>
			</trkpt>
			<trkpt lat="46.608859" lon="13.053186">
				<ele>1610.000000</ele>
			</trkpt>
			<trkpt lat="46.608890" lon="13.053240">
				<ele>1610.000000</ele>
			</trkpt>
			<trkpt lat="46.608890" lon="13.053303">
				<ele>1610.000000</ele>
			</trkpt>
			<trkpt lat="46.608896" lon="13.053635">
				<ele>1608.000000</ele>
			</trkpt>
			<trkpt lat="46.608908" lon="13.053752">
				<ele>1607.000000</ele>
			</trkpt>
			<trkpt lat="46.608915" lon="13.053823">
				<ele>1606.000000</ele>
			</trkpt>
			<trkpt lat="46.608908" lon="13.053886">
				<ele>1605.000000</ele>
			</trkpt>
			<trkpt lat="46.608871" lon="13.054039">
				<ele>1604.000000</ele>
			</trkpt>
			<trkpt lat="46.608871" lon="13.054156">
				<ele>1603.000000</ele>
			</trkpt>
			<trkpt lat="46.608902" lon="13.054238">
				<ele>1602.000000</ele>
			</trkpt>
			<trkpt lat="46.608939" lon="13.054219">
				<ele>1601.000000</ele>
			</trkpt>
			<trkpt lat="46.608964" lon="13.054165">
				<ele>1601.000000</ele>
			</trkpt>
			<trkpt lat="46.609020" lon="13.053896">
				<ele>1598.000000</ele>
			</trkpt>
			<trkpt lat="46.609044" lon="13.053815">
				<ele>1598.000000</ele>
			</trkpt>
			<trkpt lat="46.609124" lon="13.053617">
				<ele>1596.000000</ele>
			</trkpt>
			<trkpt lat="46.609174" lon="13.053546">
				<ele>1595.000000</ele>
			</trkpt>
			<trkpt lat="46.609248" lon="13.053500">
				<ele>1594.000000</ele>
			</trkpt>
			<trkpt lat="46.609291" lon="13.053482">
				<ele>1593.000000</ele>
			</trkpt>
			<trkpt lat="46.609328" lon="13.053527">
				<ele>1592.000000</ele>
			</trkpt>
			<trkpt lat="46.609341" lon="13.053609">
				<ele>1592.000000</ele>
			</trkpt>
			<trkpt lat="46.609149" lon="13.054272">
				<ele>1587.000000</ele>
			</trkpt>
			<trkpt lat="46.609149" lon="13.054641">
				<ele>1584.000000</ele>
			</trkpt>
			<trkpt lat="46.609155" lon="13.054722">
				<ele>1584.000000</ele>
			</trkpt>
			<trkpt lat="46.609143" lon="13.054812">
				<ele>1583.000000</ele>
			</trkpt>
			<trkpt lat="46.609032" lon="13.055135">
				<ele>1581.000000</ele>
			</trkpt>
			<trkpt lat="46.608964" lon="13.055324">
				<ele>1579.000000</ele>
			</trkpt>
			<trkpt lat="46.608946" lon="13.055440">
				<ele>1578.000000</ele>
			</trkpt>
			<trkpt lat="46.608958" lon="13.055548">
				<ele>1577.000000</ele>
			</trkpt>
			<trkpt lat="46.608970" lon="13.055603">
				<ele>1577.000000</ele>
			</trkpt>
			<trkpt lat="46.608970" lon="13.055666">
				<ele>1577.000000</ele>
			</trkpt>
			<trkpt lat="46.608989" lon="13.055836">
				<ele>1575.000000</ele>
			</trkpt>
			<trkpt lat="46.609014" lon="13.055989">
				<ele>1574.000000</ele>
			</trkpt>
			<trkpt lat="46.609057" lon="13.056060">
				<ele>1573.000000</ele>
			</trkpt>
			<trkpt lat="46.609162" lon="13.056150">
				<ele>1572.000000</ele>
			</trkpt>
			<trkpt lat="46.609193" lon="13.056196">
				<ele>1572.000000</ele>
			</trkpt>
			<trkpt lat="46.609199" lon="13.056249">
				<ele>1571.000000</ele>
			</trkpt>
			<trkpt lat="46.609186" lon="13.056330">
				<ele>1571.000000</ele>
			</trkpt>
			<trkpt lat="46.609118" lon="13.056519">
				<ele>1570.000000</ele>
			</trkpt>
			<trkpt lat="46.609087" lon="13.056590">
				<ele>1570.000000</ele>
			</trkpt>
			<trkpt lat="46.609038" lon="13.056672">
				<ele>1570.000000</ele>
			</trkpt>
			<trkpt lat="46.608921" lon="13.056842">
				<ele>1570.000000</ele>
			</trkpt>
			<trkpt lat="46.608890" lon="13.056922">
				<ele>1570.000000</ele>
			</trkpt>
			<trkpt lat="46.608896" lon="13.056995">
				<ele>1570.000000</ele>
			</trkpt>
			<trkpt lat="46.608939" lon="13.057102">
				<ele>1570.000000</ele>
			</trkpt>
			<trkpt lat="46.608970" lon="13.057175">
				<ele>1570.000000</ele>
			</trkpt>
			<trkpt lat="46.609001" lon="13.057381">
				<ele>1570.000000</ele>
			</trkpt>
			<trkpt lat="46.609026" lon="13.057417">
				<ele>1570.000000</ele>
			</trkpt>
			<trkpt lat="46.609069" lon="13.057425">
				<ele>1570.000000</ele>
			</trkpt>
			<trkpt lat="46.609118" lon="13.057318">
				<ele>1570.000000</ele>
			</trkpt>
			<trkpt lat="46.609174" lon="13.057274">
				<ele>1570.000000</ele>
			</trkpt>
			<trkpt lat="46.609248" lon="13.057246">
				<ele>1570.000000</ele>
			</trkpt>
			<trkpt lat="46.609390" lon="13.057238">
				<ele>1571.000000</ele>
			</trkpt>
			<trkpt lat="46.609476" lon="13.057264">
				<ele>1571.000000</ele>
			</trkpt>
			<trkpt lat="46.609507" lon="13.057291">
				<ele>1571.000000</ele>
			</trkpt>
			<trkpt lat="46.609544" lon="13.057327">
				<ele>1572.000000</ele>
			</trkpt>
			<trkpt lat="46.609655" lon="13.057542">
				<ele>1573.000000</ele>
			</trkpt>
			<trkpt lat="46.609624" lon="13.057624">
				<ele>1573.000000</ele>
			</trkpt>
			<trkpt lat="46.609637" lon="13.057840">
				<ele>1574.000000</ele>
			</trkpt>
			<trkpt lat="46.609637" lon="13.058064">
				<ele>1575.000000</ele>
			</trkpt>
			<trkpt lat="46.609581" lon="13.058226">
				<ele>1576.000000</ele>
			</trkpt>
			<trkpt lat="46.609476" lon="13.058396">
				<ele>1577.000000</ele>
			</trkpt>
			<trkpt lat="46.609396" lon="13.058540">
				<ele>1578.000000</ele>
			</trkpt>
			<trkpt lat="46.609347" lon="13.058666">
				<ele>1579.000000</ele>
			</trkpt>
			<trkpt lat="46.609297" lon="13.058819">
				<ele>1580.000000</ele>
			</trkpt>
			<trkpt lat="46.609248" lon="13.058962">
				<ele>1580.000000</ele>
			</trkpt>
			<trkpt lat="46.609168" lon="13.059133">
				<ele>1582.000000</ele>
			</trkpt>
			<trkpt lat="46.609106" lon="13.059232">
				<ele>1583.000000</ele>
			</trkpt>
			<trkpt lat="46.609050" lon="13.059295">
				<ele>1584.000000</ele>
			</trkpt>
			<trkpt lat="46.608989" lon="13.059366">
				<ele>1585.000000</ele>
			</trkpt>
			<trkpt lat="46.608946" lon="13.059429">
				<ele>1586.000000</ele>
			</trkpt>
			<trkpt lat="46.608871" lon="13.059599">
				<ele>1588.000000</ele>
			</trkpt>
			<trkpt lat="46.608785" lon="13.059752">
				<ele>1589.000000</ele>
			</trkpt>
			<trkpt lat="46.608736" lon="13.059914">
				<ele>1591.000000</ele>
			</trkpt>
			<trkpt lat="46.608698" lon="13.059995">
				<ele>1592.000000</ele>
			</trkpt>
			<trkpt lat="46.608637" lon="13.060075">
				<ele>1594.000000</ele>
			</trkpt>
			<trkpt lat="46.608544" lon="13.060157">
				<ele>1595.000000</ele>
			</trkpt>
			<trkpt lat="46.608316" lon="13.060454">
				<ele>1601.000000</ele>
			</trkpt>
			<trkpt lat="46.608180" lon="13.060651">
				<ele>1604.000000</ele>
			</trkpt>
			<trkpt lat="46.608051" lon="13.060813">
				<ele>1607.000000</ele>
			</trkpt>
			<trkpt lat="46.608001" lon="13.060884">
				<ele>1608.000000</ele>
			</trkpt>
			<trkpt lat="46.607927" lon="13.061028">
				<ele>1610.000000</ele>
			</trkpt>
			<trkpt lat="46.607847" lon="13.061127">
				<ele>1611.000000</ele>
			</trkpt>
			<trkpt lat="46.607779" lon="13.061199">
				<ele>1612.000000</ele>
			</trkpt>
			<trkpt lat="46.607761" lon="13.061235">
				<ele>1613.000000</ele>
			</trkpt>
			<trkpt lat="46.607761" lon="13.061270">
				<ele>1613.000000</ele>
			</trkpt>
			<trkpt lat="46.607687" lon="13.061324">
				<ele>1614.000000</ele>
			</trkpt>
			<trkpt lat="46.607606" lon="13.061423">
				<ele>1615.000000</ele>
			</trkpt>
			<trkpt lat="46.607575" lon="13.061442">
				<ele>1615.000000</ele>
			</trkpt>
			<trkpt lat="46.607544" lon="13.061504">
				<ele>1616.000000</ele>
			</trkpt>
			<trkpt lat="46.607526" lon="13.061567">
				<ele>1616.000000</ele>
			</trkpt>
			<trkpt lat="46.607520" lon="13.061630">
				<ele>1617.000000</ele>
			</trkpt>
			<trkpt lat="46.607508" lon="13.061711">
				<ele>1617.000000</ele>
			</trkpt>
			<trkpt lat="46.607477" lon="13.061738">
				<ele>1618.000000</ele>
			</trkpt>
			<trkpt lat="46.607446" lon="13.061729">
				<ele>1618.000000</ele>
			</trkpt>
			<trkpt lat="46.607397" lon="13.061622">
				<ele>1619.000000</ele>
			</trkpt>
			<trkpt lat="46.607372" lon="13.061593">
				<ele>1619.000000</ele>
			</trkpt>
			<trkpt lat="46.607341" lon="13.061612">
				<ele>1620.000000</ele>
			</trkpt>
			<trkpt lat="46.607322" lon="13.061639">
				<ele>1620.000000</ele>
			</trkpt>
			<trkpt lat="46.607310" lon="13.061675">
				<ele>1621.000000</ele>
			</trkpt>
			<trkpt lat="46.607286" lon="13.061801">
				<ele>1624.000000</ele>
			</trkpt>
			<trkpt lat="46.607286" lon="13.061882">
				<ele>1625.000000</ele>
			</trkpt>
			<trkpt lat="46.607273" lon="13.061918">
				<ele>1626.000000</ele>
			</trkpt>
			<trkpt lat="46.607255" lon="13.061953">
				<ele>1627.000000</ele>
			</trkpt>
			<trkpt lat="46.607242" lon="13.061998">
				<ele>1628.000000</ele>
			</trkpt>
			<trkpt lat="46.607224" lon="13.062025">
				<ele>1629.000000</ele>
			</trkpt>
			<trkpt lat="46.607224" lon="13.062062">
				<ele>1630.000000</ele>
			</trkpt>
			<trkpt lat="46.607199" lon="13.062106">
				<ele>1631.000000</ele>
			</trkpt>
			<trkpt lat="46.607162" lon="13.062151">
				<ele>1632.000000</ele>
			</trkpt>
			<trkpt lat="46.607119" lon="13.062241">
				<ele>1635.000000</ele>
			</trkpt>
			<trkpt lat="46.607088" lon="13.062331">
				<ele>1637.000000</ele>
			</trkpt>
			<trkpt lat="46.607107" lon="13.062358">
				<ele>1638.000000</ele>
			</trkpt>
			<trkpt lat="46.607149" lon="13.062385">
				<ele>1639.000000</ele>
			</trkpt>
			<trkpt lat="46.607242" lon="13.062385">
				<ele>1642.000000</ele>
			</trkpt>
			<trkpt lat="46.607298" lon="13.062394">
				<ele>1644.000000</ele>
			</trkpt>
			<trkpt lat="46.607329" lon="13.062412">
				<ele>1645.000000</ele>
			</trkpt>
			<trkpt lat="46.607329" lon="13.062456">
				<ele>1646.000000</ele>
			</trkpt>
			<trkpt lat="46.607310" lon="13.062511">
				<ele>1647.000000</ele>
			</trkpt>
			<trkpt lat="46.607280" lon="13.062528">
				<ele>1648.000000</ele>
			</trkpt>
			<trkpt lat="46.607236" lon="13.062546">
				<ele>1649.000000</ele>
			</trkpt>
			<trkpt lat="46.607205" lon="13.062582">
				<ele>1650.000000</ele>
			</trkpt>
			<trkpt lat="46.607168" lon="13.062618">
				<ele>1652.000000</ele>
			</trkpt>
			<trkpt lat="46.607094" lon="13.062744">
				<ele>1655.000000</ele>
			</trkpt>
			<trkpt lat="46.607076" lon="13.062798">
				<ele>1657.000000</ele>
			</trkpt>
			<trkpt lat="46.607051" lon="13.062834">
				<ele>1658.000000</ele>
			</trkpt>
			<trkpt lat="46.607026" lon="13.062870">
				<ele>1659.000000</ele>
			</trkpt>
			<trkpt lat="46.606989" lon="13.062960">
				<ele>1661.000000</ele>
			</trkpt>
			<trkpt lat="46.606946" lon="13.063031">
				<ele>1663.000000</ele>
			</trkpt>
			<trkpt lat="46.606921" lon="13.063112">
				<ele>1666.000000</ele>
			</trkpt>
			<trkpt lat="46.606897" lon="13.063167">
				<ele>1667.000000</ele>
			</trkpt>
			<trkpt lat="46.606860" lon="13.063211">
				<ele>1669.000000</ele>
			</trkpt>
			<trkpt lat="46.606835" lon="13.063238">
				<ele>1670.000000</ele>
			</trkpt>
			<trkpt lat="46.606823" lon="13.063256">
				<ele>1671.000000</ele>
			</trkpt>
			<trkpt lat="46.606829" lon="13.063274">
				<ele>1671.000000</ele>
			</trkpt>
			<trkpt lat="46.606847" lon="13.063291">
				<ele>1672.000000</ele>
			</trkpt>
			<trkpt lat="46.606854" lon="13.063301">
				<ele>1672.000000</ele>
			</trkpt>
			<trkpt lat="46.606841" lon="13.063319">
				<ele>1672.000000</ele>
			</trkpt>
			<trkpt lat="46.606835" lon="13.063337">
				<ele>1673.000000</ele>
			</trkpt>
			<trkpt lat="46.606841" lon="13.063354">
				<ele>1673.000000</ele>
			</trkpt>
			<trkpt lat="46.606823" lon="13.063391">
				<ele>1674.000000</ele>
			</trkpt>
			<trkpt lat="46.606761" lon="13.063543">
				<ele>1677.000000</ele>
			</trkpt>
			<trkpt lat="46.606730" lon="13.063588">
				<ele>1679.000000</ele>
			</trkpt>
			<trkpt lat="46.606693" lon="13.063597">
				<ele>1680.000000</ele>
			</trkpt>
			<trkpt lat="46.606662" lon="13.063580">
				<ele>1680.000000</ele>
			</trkpt>
			<trkpt lat="46.606588" lon="13.063526">
				<ele>1683.000000</ele>
			</trkpt>
			<trkpt lat="46.606569" lon="13.063526">
				<ele>1683.000000</ele>
			</trkpt>
			<trkpt lat="46.606557" lon="13.063534">
				<ele>1684.000000</ele>
			</trkpt>
			<trkpt lat="46.606551" lon="13.063553">
				<ele>1684.000000</ele>
			</trkpt>
			<trkpt lat="46.606551" lon="13.063570">
				<ele>1684.000000</ele>
			</trkpt>
			<trkpt lat="46.606563" lon="13.063597">
				<ele>1685.000000</ele>
			</trkpt>
			<trkpt lat="46.606569" lon="13.063624">
				<ele>1685.000000</ele>
			</trkpt>
			<trkpt lat="46.606569" lon="13.063633">
				<ele>1686.000000</ele>
			</trkpt>
			<trkpt lat="46.606569" lon="13.063643">
				<ele>1686.000000</ele>
			</trkpt>
			<trkpt lat="46.606563" lon="13.063670">
				<ele>1686.000000</ele>
			</trkpt>
			<trkpt lat="46.606551" lon="13.063678">
				<ele>1687.000000</ele>
			</trkpt>
			<trkpt lat="46.606533" lon="13.063678">
				<ele>1687.000000</ele>
			</trkpt>
			<trkpt lat="46.606508" lon="13.063651">
				<ele>1688.000000</ele>
			</trkpt>
			<trkpt lat="46.606483" lon="13.063651">
				<ele>1689.000000</ele>
			</trkpt>
			<trkpt lat="46.606465" lon="13.063670">
				<ele>1689.000000</ele>
			</trkpt>
			<trkpt lat="46.606459" lon="13.063696">
				<ele>1690.000000</ele>
			</trkpt>
			<trkpt lat="46.606452" lon="13.063733">
				<ele>1691.000000</ele>
			</trkpt>
			<trkpt lat="46.606465" lon="13.063777">
				<ele>1693.000000</ele>
			</trkpt>
			<trkpt lat="46.606477" lon="13.063813">
				<ele>1694.000000</ele>
			</trkpt>
			<trkpt lat="46.606496" lon="13.063840">
				<ele>1695.000000</ele>
			</trkpt>
			<trkpt lat="46.606514" lon="13.063857">
				<ele>1696.000000</ele>
			</trkpt>
			<trkpt lat="46.606508" lon="13.063893">
				<ele>1698.000000</ele>
			</trkpt>
			<trkpt lat="46.606483" lon="13.063912">
				<ele>1699.000000</ele>
			</trkpt>
			<trkpt lat="46.606471" lon="13.063930">
				<ele>1700.000000</ele>
			</trkpt>
			<trkpt lat="46.606446" lon="13.063920">
				<ele>1700.000000</ele>
			</trkpt>
			<trkpt lat="46.606440" lon="13.063903">
				<ele>1700.000000</ele>
			</trkpt>
			<trkpt lat="46.606415" lon="13.063903">
				<ele>1701.000000</ele>
			</trkpt>
			<trkpt lat="46.606403" lon="13.063956">
				<ele>1703.000000</ele>
			</trkpt>
			<trkpt lat="46.606390" lon="13.063974">
				<ele>1704.000000</ele>
			</trkpt>
			<trkpt lat="46.606390" lon="13.064029">
				<ele>1705.000000</ele>
			</trkpt>
			<trkpt lat="46.606347" lon="13.064037">
				<ele>1707.000000</ele>
			</trkpt>
			<trkpt lat="46.606304" lon="13.064037">
				<ele>1709.000000</ele>
			</trkpt>
			<trkpt lat="46.606298" lon="13.064083">
				<ele>1710.000000</ele>
			</trkpt>
			<trkpt lat="46.606298" lon="13.064100">
				<ele>1711.000000</ele>
			</trkpt>
			<trkpt lat="46.606304" lon="13.064119">
				<ele>1711.000000</ele>
			</trkpt>
			<trkpt lat="46.606298" lon="13.064154">
				<ele>1712.000000</ele>
			</trkpt>
			<trkpt lat="46.606292" lon="13.064172">
				<ele>1713.000000</ele>
			</trkpt>
			<trkpt lat="46.606286" lon="13.064199">
				<ele>1714.000000</ele>
			</trkpt>
			<trkpt lat="46.606267" lon="13.064190">
				<ele>1715.000000</ele>
			</trkpt>
			<trkpt lat="46.606255" lon="13.064163">
				<ele>1715.000000</ele>
			</trkpt>
			<trkpt lat="46.606249" lon="13.064172">
				<ele>1716.000000</ele>
			</trkpt>
			<trkpt lat="46.606236" lon="13.064209">
				<ele>1717.000000</ele>
			</trkpt>
			<trkpt lat="46.606205" lon="13.064217">
				<ele>1718.000000</ele>
			</trkpt>
			<trkpt lat="46.606181" lon="13.064226">
				<ele>1719.000000</ele>
			</trkpt>
			<trkpt lat="46.606181" lon="13.064243">
				<ele>1720.000000</ele>
			</trkpt>
			<trkpt lat="46.606199" lon="13.064333">
				<ele>1721.000000</ele>
			</trkpt>
			<trkpt lat="46.606119" lon="13.064289">
				<ele>1724.000000</ele>
			</trkpt>
			<trkpt lat="46.606119" lon="13.064352">
				<ele>1725.000000</ele>
			</trkpt>
			<trkpt lat="46.606113" lon="13.064362">
				<ele>1725.000000</ele>
			</trkpt>
			<trkpt lat="46.606088" lon="13.064352">
				<ele>1725.000000</ele>
			</trkpt>
			<trkpt lat="46.606057" lon="13.064343">
				<ele>1726.000000</ele>
			</trkpt>
			<trkpt lat="46.606020" lon="13.064362">
				<ele>1727.000000</ele>
			</trkpt>
			<trkpt lat="46.606002" lon="13.064423">
				<ele>1728.000000</ele>
			</trkpt>
			<trkpt lat="46.605971" lon="13.064433">
				<ele>1729.000000</ele>
			</trkpt>
			<trkpt lat="46.605934" lon="13.064469">
				<ele>1730.000000</ele>
			</trkpt>
			<trkpt lat="46.605903" lon="13.064505">
				<ele>1731.000000</ele>
			</trkpt>
			<trkpt lat="46.605854" lon="13.064576">
				<ele>1733.000000</ele>
			</trkpt>
			<trkpt lat="46.605798" lon="13.064639">
				<ele>1734.000000</ele>
			</trkpt>
			<trkpt lat="46.605761" lon="13.064649">
				<ele>1735.000000</ele>
			</trkpt>
			<trkpt lat="46.605743" lon="13.064693">
				<ele>1736.000000</ele>
			</trkpt>
			<trkpt lat="46.605706" lon="13.064720">
				<ele>1737.000000</ele>
			</trkpt>
			<trkpt lat="46.605675" lon="13.064765">
				<ele>1738.000000</ele>
			</trkpt>
			<trkpt lat="46.605650" lon="13.064801">
				<ele>1739.000000</ele>
			</trkpt>
			<trkpt lat="46.605625" lon="13.064838">
				<ele>1740.000000</ele>
			</trkpt>
			<trkpt lat="46.605570" lon="13.064918">
				<ele>1742.000000</ele>
			</trkpt>
			<trkpt lat="46.605502" lon="13.065008">
				<ele>1744.000000</ele>
			</trkpt>
			<trkpt lat="46.605471" lon="13.065052">
				<ele>1745.000000</ele>
			</trkpt>
			<trkpt lat="46.605459" lon="13.065088">
				<ele>1746.000000</ele>
			</trkpt>
			<trkpt lat="46.605421" lon="13.065134">
				<ele>1747.000000</ele>
			</trkpt>
			<trkpt lat="46.605409" lon="13.065169">
				<ele>1748.000000</ele>
			</trkpt>
			<trkpt lat="46.605366" lon="13.065224">
				<ele>1749.000000</ele>
			</trkpt>
			<trkpt lat="46.605286" lon="13.065385">
				<ele>1750.000000</ele>
			</trkpt>
			<trkpt lat="46.605242" lon="13.065501">
				<ele>1751.000000</ele>
			</trkpt>
			<trkpt lat="46.605193" lon="13.065555">
				<ele>1751.000000</ele>
			</trkpt>
			<trkpt lat="46.605126" lon="13.065628">
				<ele>1751.000000</ele>
			</trkpt>
			<trkpt lat="46.605082" lon="13.065771">
				<ele>1752.000000</ele>
			</trkpt>
			<trkpt lat="46.605045" lon="13.065888">
				<ele>1752.000000</ele>
			</trkpt>
			<trkpt lat="46.604681" lon="13.066616">
				<ele>1754.000000</ele>
			</trkpt>
			<trkpt lat="46.604601" lon="13.066723">
				<ele>1754.000000</ele>
			</trkpt>
			<trkpt lat="46.604465" lon="13.066840">
				<ele>1755.000000</ele>
			</trkpt>
			<trkpt lat="46.604373" lon="13.066949">
				<ele>1755.000000</ele>
			</trkpt>
			<trkpt lat="46.604218" lon="13.067128">
				<ele>1756.000000</ele>
			</trkpt>
			<trkpt lat="46.604200" lon="13.067182">
				<ele>1756.000000</ele>
			</trkpt>
			<trkpt lat="46.604243" lon="13.067172">
				<ele>1756.000000</ele>
			</trkpt>
			<trkpt lat="46.604348" lon="13.067199">
				<ele>1757.000000</ele>
			</trkpt>
			<trkpt lat="46.604379" lon="13.067280">
				<ele>1757.000000</ele>
			</trkpt>
			<trkpt lat="46.604391" lon="13.067325">
				<ele>1757.000000</ele>
			</trkpt>
			<trkpt lat="46.604440" lon="13.067379">
				<ele>1757.000000</ele>
			</trkpt>
			<trkpt lat="46.604477" lon="13.067469">
				<ele>1757.000000</ele>
			</trkpt>
			<trkpt lat="46.604496" lon="13.067577">
				<ele>1758.000000</ele>
			</trkpt>
			<trkpt lat="46.604502" lon="13.067765">
				<ele>1758.000000</ele>
			</trkpt>
			<trkpt lat="46.604533" lon="13.067855">
				<ele>1758.000000</ele>
			</trkpt>
			<trkpt lat="46.604545" lon="13.067918">
				<ele>1758.000000</ele>
			</trkpt>
			<trkpt lat="46.604632" lon="13.068080">
				<ele>1759.000000</ele>
			</trkpt>
			<trkpt lat="46.604656" lon="13.068161">
				<ele>1759.000000</ele>
			</trkpt>
			<trkpt lat="46.604681" lon="13.068224">
				<ele>1759.000000</ele>
			</trkpt>
			<trkpt lat="46.604700" lon="13.068287">
				<ele>1760.000000</ele>
			</trkpt>
			<trkpt lat="46.604768" lon="13.068358">
				<ele>1760.000000</ele>
			</trkpt>
			<trkpt lat="46.604860" lon="13.068341">
				<ele>1760.000000</ele>
			</trkpt>
			<trkpt lat="46.604953" lon="13.068394">
				<ele>1759.000000</ele>
			</trkpt>
			<trkpt lat="46.605014" lon="13.068511">
				<ele>1757.000000</ele>
			</trkpt>
			<trkpt lat="46.605045" lon="13.068565">
				<ele>1757.000000</ele>
			</trkpt>
			<trkpt lat="46.605082" lon="13.068601">
				<ele>1756.000000</ele>
			</trkpt>
			<trkpt lat="46.605101" lon="13.068681">
				<ele>1756.000000</ele>
			</trkpt>
			<trkpt lat="46.605101" lon="13.068763">
				<ele>1755.000000</ele>
			</trkpt>
			<trkpt lat="46.605113" lon="13.068916">
				<ele>1754.000000</ele>
			</trkpt>
			<trkpt lat="46.605101" lon="13.068970">
				<ele>1754.000000</ele>
			</trkpt>
			<trkpt lat="46.605157" lon="13.069356">
				<ele>1751.000000</ele>
			</trkpt>
			<trkpt lat="46.605181" lon="13.069517">
				<ele>1749.000000</ele>
			</trkpt>
			<trkpt lat="46.605187" lon="13.069553">
				<ele>1749.000000</ele>
			</trkpt>
			<trkpt lat="46.605206" lon="13.069662">
				<ele>1747.000000</ele>
			</trkpt>
			<trkpt lat="46.605187" lon="13.069723">
				<ele>1747.000000</ele>
			</trkpt>
			<trkpt lat="46.605206" lon="13.069859">
				<ele>1745.000000</ele>
			</trkpt>
			<trkpt lat="46.605212" lon="13.069922">
				<ele>1744.000000</ele>
			</trkpt>
			<trkpt lat="46.605200" lon="13.069975">
				<ele>1743.000000</ele>
			</trkpt>
			<trkpt lat="46.605206" lon="13.070038">
				<ele>1743.000000</ele>
			</trkpt>
			<trkpt lat="46.605212" lon="13.070075">
				<ele>1742.000000</ele>
			</trkpt>
			<trkpt lat="46.605206" lon="13.070138">
				<ele>1741.000000</ele>
			</trkpt>
			<trkpt lat="46.605224" lon="13.070164">
				<ele>1741.000000</ele>
			</trkpt>
			<trkpt lat="46.605212" lon="13.070262">
				<ele>1740.000000</ele>
			</trkpt>
			<trkpt lat="46.605218" lon="13.070371">
				<ele>1739.000000</ele>
			</trkpt>
			<trkpt lat="46.605181" lon="13.070641">
				<ele>1737.000000</ele>
			</trkpt>
			<trkpt lat="46.605311" lon="13.070775">
				<ele>1735.000000</ele>
			</trkpt>
			<trkpt lat="46.605342" lon="13.070730">
				<ele>1736.000000</ele>
			</trkpt>
			<trkpt lat="46.605385" lon="13.070658">
				<ele>1738.000000</ele>
			</trkpt>
		</trkseg>
	</trk>
</gpx>

