<?xml version="1.0" encoding="utf-8"?>
<gpx xmlns="http://www.topografix.com/GPX/1/1" version="1.1" creator="https://mapy.com/">
	<trk>
		<name>den 2</name>
		<trkseg>
			<trkpt lat="46.706049" lon="12.406273">
				<ele>2449.000000</ele>
			</trkpt>
			<trkpt lat="46.705999" lon="12.406264">
				<ele>2449.000000</ele>
			</trkpt>
			<trkpt lat="46.705962" lon="12.406228">
				<ele>2449.000000</ele>
			</trkpt>
			<trkpt lat="46.705950" lon="12.406237">
				<ele>2445.000000</ele>
			</trkpt>
			<trkpt lat="46.705907" lon="12.406308">
				<ele>2447.000000</ele>
			</trkpt>
			<trkpt lat="46.705845" lon="12.406507">
				<ele>2450.000000</ele>
			</trkpt>
			<trkpt lat="46.705821" lon="12.406578">
				<ele>2452.000000</ele>
			</trkpt>
			<trkpt lat="46.705784" lon="12.406696">
				<ele>2457.000000</ele>
			</trkpt>
			<trkpt lat="46.705759" lon="12.406767">
				<ele>2459.000000</ele>
			</trkpt>
			<trkpt lat="46.705734" lon="12.406803">
				<ele>2457.000000</ele>
			</trkpt>
			<trkpt lat="46.705642" lon="12.406920">
				<ele>2459.000000</ele>
			</trkpt>
			<trkpt lat="46.705500" lon="12.407189">
				<ele>2465.000000</ele>
			</trkpt>
			<trkpt lat="46.705438" lon="12.407333">
				<ele>2468.000000</ele>
			</trkpt>
			<trkpt lat="46.705365" lon="12.407423">
				<ele>2470.000000</ele>
			</trkpt>
			<trkpt lat="46.705303" lon="12.407513">
				<ele>2470.000000</ele>
			</trkpt>
			<trkpt lat="46.705303" lon="12.407629">
				<ele>2470.000000</ele>
			</trkpt>
			<trkpt lat="46.705241" lon="12.407755">
				<ele>2470.000000</ele>
			</trkpt>
			<trkpt lat="46.705143" lon="12.407855">
				<ele>2470.000000</ele>
			</trkpt>
			<trkpt lat="46.704989" lon="12.407953">
				<ele>2470.000000</ele>
			</trkpt>
			<trkpt lat="46.704810" lon="12.408105">
				<ele>2470.000000</ele>
			</trkpt>
			<trkpt lat="46.704798" lon="12.408151">
				<ele>2470.000000</ele>
			</trkpt>
			<trkpt lat="46.704663" lon="12.408421">
				<ele>2474.000000</ele>
			</trkpt>
			<trkpt lat="46.704589" lon="12.408492">
				<ele>2475.000000</ele>
			</trkpt>
			<trkpt lat="46.704552" lon="12.408528">
				<ele>2476.000000</ele>
			</trkpt>
			<trkpt lat="46.704483" lon="12.408681">
				<ele>2478.000000</ele>
			</trkpt>
			<trkpt lat="46.704453" lon="12.408851">
				<ele>2480.000000</ele>
			</trkpt>
			<trkpt lat="46.704422" lon="12.408932">
				<ele>2480.000000</ele>
			</trkpt>
			<trkpt lat="46.704379" lon="12.409004">
				<ele>2480.000000</ele>
			</trkpt>
			<trkpt lat="46.704348" lon="12.409094">
				<ele>2480.000000</ele>
			</trkpt>
			<trkpt lat="46.704330" lon="12.409201">
				<ele>2480.000000</ele>
			</trkpt>
			<trkpt lat="46.704330" lon="12.409310">
				<ele>2480.000000</ele>
			</trkpt>
			<trkpt lat="46.704324" lon="12.409400">
				<ele>2480.000000</ele>
			</trkpt>
			<trkpt lat="46.704280" lon="12.409552">
				<ele>2480.000000</ele>
			</trkpt>
			<trkpt lat="46.704268" lon="12.409633">
				<ele>2480.000000</ele>
			</trkpt>
			<trkpt lat="46.704207" lon="12.409822">
				<ele>2481.000000</ele>
			</trkpt>
			<trkpt lat="46.704170" lon="12.410019">
				<ele>2481.000000</ele>
			</trkpt>
			<trkpt lat="46.704139" lon="12.410226">
				<ele>2481.000000</ele>
			</trkpt>
			<trkpt lat="46.704102" lon="12.410298">
				<ele>2481.000000</ele>
			</trkpt>
			<trkpt lat="46.703997" lon="12.410342">
				<ele>2481.000000</ele>
			</trkpt>
			<trkpt lat="46.703899" lon="12.410415">
				<ele>2481.000000</ele>
			</trkpt>
			<trkpt lat="46.703868" lon="12.410442">
				<ele>2481.000000</ele>
			</trkpt>
			<trkpt lat="46.703812" lon="12.410495">
				<ele>2481.000000</ele>
			</trkpt>
			<trkpt lat="46.703794" lon="12.410513">
				<ele>2481.000000</ele>
			</trkpt>
			<trkpt lat="46.703769" lon="12.410531">
				<ele>2482.000000</ele>
			</trkpt>
			<trkpt lat="46.703702" lon="12.410612">
				<ele>2485.000000</ele>
			</trkpt>
			<trkpt lat="46.703683" lon="12.410629">
				<ele>2485.000000</ele>
			</trkpt>
			<trkpt lat="46.703578" lon="12.410746">
				<ele>2484.000000</ele>
			</trkpt>
			<trkpt lat="46.703406" lon="12.410962">
				<ele>2482.000000</ele>
			</trkpt>
			<trkpt lat="46.703325" lon="12.411025">
				<ele>2481.000000</ele>
			</trkpt>
			<trkpt lat="46.703079" lon="12.411105">
				<ele>2478.000000</ele>
			</trkpt>
			<trkpt lat="46.702894" lon="12.411241">
				<ele>2475.000000</ele>
			</trkpt>
			<trkpt lat="46.702753" lon="12.411358">
				<ele>2473.000000</ele>
			</trkpt>
			<trkpt lat="46.702679" lon="12.411474">
				<ele>2472.000000</ele>
			</trkpt>
			<trkpt lat="46.702605" lon="12.411608">
				<ele>2470.000000</ele>
			</trkpt>
			<trkpt lat="46.702550" lon="12.411637">
				<ele>2470.000000</ele>
			</trkpt>
			<trkpt lat="46.702445" lon="12.411681">
				<ele>2470.000000</ele>
			</trkpt>
			<trkpt lat="46.702432" lon="12.411681">
				<ele>2470.000000</ele>
			</trkpt>
			<trkpt lat="46.702407" lon="12.411797">
				<ele>2470.000000</ele>
			</trkpt>
			<trkpt lat="46.702358" lon="12.411987">
				<ele>2470.000000</ele>
			</trkpt>
			<trkpt lat="46.702352" lon="12.412148">
				<ele>2470.000000</ele>
			</trkpt>
			<trkpt lat="46.702297" lon="12.412400">
				<ele>2471.000000</ele>
			</trkpt>
			<trkpt lat="46.702241" lon="12.412553">
				<ele>2473.000000</ele>
			</trkpt>
			<trkpt lat="46.702229" lon="12.412669">
				<ele>2475.000000</ele>
			</trkpt>
			<trkpt lat="46.702223" lon="12.412866">
				<ele>2477.000000</ele>
			</trkpt>
			<trkpt lat="46.702186" lon="12.413073">
				<ele>2480.000000</ele>
			</trkpt>
			<trkpt lat="46.702100" lon="12.413245">
				<ele>2480.000000</ele>
			</trkpt>
			<trkpt lat="46.702044" lon="12.413388">
				<ele>2480.000000</ele>
			</trkpt>
			<trkpt lat="46.702026" lon="12.413549">
				<ele>2480.000000</ele>
			</trkpt>
			<trkpt lat="46.701995" lon="12.413756">
				<ele>2481.000000</ele>
			</trkpt>
			<trkpt lat="46.701933" lon="12.413908">
				<ele>2481.000000</ele>
			</trkpt>
			<trkpt lat="46.701878" lon="12.414107">
				<ele>2482.000000</ele>
			</trkpt>
			<trkpt lat="46.701847" lon="12.414178">
				<ele>2482.000000</ele>
			</trkpt>
			<trkpt lat="46.701816" lon="12.414438">
				<ele>2482.000000</ele>
			</trkpt>
			<trkpt lat="46.701767" lon="12.414600">
				<ele>2483.000000</ele>
			</trkpt>
			<trkpt lat="46.701730" lon="12.414763">
				<ele>2483.000000</ele>
			</trkpt>
			<trkpt lat="46.701687" lon="12.414853">
				<ele>2483.000000</ele>
			</trkpt>
			<trkpt lat="46.701619" lon="12.414977">
				<ele>2483.000000</ele>
			</trkpt>
			<trkpt lat="46.701533" lon="12.415122">
				<ele>2484.000000</ele>
			</trkpt>
			<trkpt lat="46.701459" lon="12.415239">
				<ele>2484.000000</ele>
			</trkpt>
			<trkpt lat="46.701354" lon="12.415346">
				<ele>2484.000000</ele>
			</trkpt>
			<trkpt lat="46.701268" lon="12.415418">
				<ele>2485.000000</ele>
			</trkpt>
			<trkpt lat="46.701164" lon="12.415480">
				<ele>2485.000000</ele>
			</trkpt>
			<trkpt lat="46.701065" lon="12.415553">
				<ele>2485.000000</ele>
			</trkpt>
			<trkpt lat="46.700954" lon="12.415625">
				<ele>2486.000000</ele>
			</trkpt>
			<trkpt lat="46.700880" lon="12.415696">
				<ele>2486.000000</ele>
			</trkpt>
			<trkpt lat="46.700781" lon="12.415786">
				<ele>2486.000000</ele>
			</trkpt>
			<trkpt lat="46.700708" lon="12.415795">
				<ele>2486.000000</ele>
			</trkpt>
			<trkpt lat="46.700615" lon="12.415858">
				<ele>2487.000000</ele>
			</trkpt>
			<trkpt lat="46.700474" lon="12.415939">
				<ele>2487.000000</ele>
			</trkpt>
			<trkpt lat="46.700412" lon="12.416011">
				<ele>2487.000000</ele>
			</trkpt>
			<trkpt lat="46.700344" lon="12.416074">
				<ele>2487.000000</ele>
			</trkpt>
			<trkpt lat="46.700313" lon="12.416119">
				<ele>2488.000000</ele>
			</trkpt>
			<trkpt lat="46.700221" lon="12.416226">
				<ele>2488.000000</ele>
			</trkpt>
			<trkpt lat="46.700202" lon="12.416254">
				<ele>2488.000000</ele>
			</trkpt>
			<trkpt lat="46.700159" lon="12.416371">
				<ele>2488.000000</ele>
			</trkpt>
			<trkpt lat="46.700171" lon="12.416451">
				<ele>2488.000000</ele>
			</trkpt>
			<trkpt lat="46.700147" lon="12.416541">
				<ele>2489.000000</ele>
			</trkpt>
			<trkpt lat="46.700116" lon="12.416631">
				<ele>2489.000000</ele>
			</trkpt>
			<trkpt lat="46.700042" lon="12.416891">
				<ele>2489.000000</ele>
			</trkpt>
			<trkpt lat="46.700018" lon="12.416981">
				<ele>2489.000000</ele>
			</trkpt>
			<trkpt lat="46.699974" lon="12.417026">
				<ele>2490.000000</ele>
			</trkpt>
			<trkpt lat="46.699894" lon="12.417107">
				<ele>2490.000000</ele>
			</trkpt>
			<trkpt lat="46.699845" lon="12.417178">
				<ele>2490.000000</ele>
			</trkpt>
			<trkpt lat="46.699808" lon="12.417260">
				<ele>2490.000000</ele>
			</trkpt>
			<trkpt lat="46.699784" lon="12.417376">
				<ele>2490.000000</ele>
			</trkpt>
			<trkpt lat="46.699765" lon="12.417511">
				<ele>2490.000000</ele>
			</trkpt>
			<trkpt lat="46.699753" lon="12.417600">
				<ele>2490.000000</ele>
			</trkpt>
			<trkpt lat="46.699734" lon="12.417654">
				<ele>2490.000000</ele>
			</trkpt>
			<trkpt lat="46.699715" lon="12.417753">
				<ele>2490.000000</ele>
			</trkpt>
			<trkpt lat="46.699685" lon="12.417826">
				<ele>2490.000000</ele>
			</trkpt>
			<trkpt lat="46.699678" lon="12.417969">
				<ele>2490.000000</ele>
			</trkpt>
			<trkpt lat="46.699641" lon="12.418122">
				<ele>2490.000000</ele>
			</trkpt>
			<trkpt lat="46.699599" lon="12.418329">
				<ele>2490.000000</ele>
			</trkpt>
			<trkpt lat="46.699599" lon="12.418472">
				<ele>2490.000000</ele>
			</trkpt>
			<trkpt lat="46.699562" lon="12.418625">
				<ele>2491.000000</ele>
			</trkpt>
			<trkpt lat="46.699531" lon="12.418732">
				<ele>2492.000000</ele>
			</trkpt>
			<trkpt lat="46.699518" lon="12.418786">
				<ele>2492.000000</ele>
			</trkpt>
			<trkpt lat="46.699488" lon="12.418876">
				<ele>2492.000000</ele>
			</trkpt>
			<trkpt lat="46.699457" lon="12.418994">
				<ele>2493.000000</ele>
			</trkpt>
			<trkpt lat="46.699432" lon="12.419074">
				<ele>2493.000000</ele>
			</trkpt>
			<trkpt lat="46.699395" lon="12.419128">
				<ele>2493.000000</ele>
			</trkpt>
			<trkpt lat="46.699377" lon="12.419208">
				<ele>2494.000000</ele>
			</trkpt>
			<trkpt lat="46.699426" lon="12.419398">
				<ele>2495.000000</ele>
			</trkpt>
			<trkpt lat="46.699463" lon="12.419604">
				<ele>2495.000000</ele>
			</trkpt>
			<trkpt lat="46.699463" lon="12.419711">
				<ele>2496.000000</ele>
			</trkpt>
			<trkpt lat="46.699481" lon="12.419811">
				<ele>2496.000000</ele>
			</trkpt>
			<trkpt lat="46.699518" lon="12.419891">
				<ele>2497.000000</ele>
			</trkpt>
			<trkpt lat="46.699580" lon="12.420036">
				<ele>2497.000000</ele>
			</trkpt>
			<trkpt lat="46.699629" lon="12.420126">
				<ele>2498.000000</ele>
			</trkpt>
			<trkpt lat="46.699635" lon="12.420242">
				<ele>2498.000000</ele>
			</trkpt>
			<trkpt lat="46.699654" lon="12.420367">
				<ele>2499.000000</ele>
			</trkpt>
			<trkpt lat="46.699641" lon="12.420556">
				<ele>2499.000000</ele>
			</trkpt>
			<trkpt lat="46.699623" lon="12.420619">
				<ele>2500.000000</ele>
			</trkpt>
			<trkpt lat="46.699586" lon="12.420763">
				<ele>2500.000000</ele>
			</trkpt>
			<trkpt lat="46.699592" lon="12.420843">
				<ele>2500.000000</ele>
			</trkpt>
			<trkpt lat="46.699629" lon="12.420988">
				<ele>2500.000000</ele>
			</trkpt>
			<trkpt lat="46.699629" lon="12.421086">
				<ele>2501.000000</ele>
			</trkpt>
			<trkpt lat="46.699611" lon="12.421195">
				<ele>2501.000000</ele>
			</trkpt>
			<trkpt lat="46.699611" lon="12.421293">
				<ele>2502.000000</ele>
			</trkpt>
			<trkpt lat="46.699666" lon="12.421526">
				<ele>2503.000000</ele>
			</trkpt>
			<trkpt lat="46.699691" lon="12.421644">
				<ele>2504.000000</ele>
			</trkpt>
			<trkpt lat="46.699722" lon="12.421761">
				<ele>2505.000000</ele>
			</trkpt>
			<trkpt lat="46.699746" lon="12.421850">
				<ele>2505.000000</ele>
			</trkpt>
			<trkpt lat="46.699759" lon="12.421940">
				<ele>2506.000000</ele>
			</trkpt>
			<trkpt lat="46.699771" lon="12.422021">
				<ele>2506.000000</ele>
			</trkpt>
			<trkpt lat="46.699790" lon="12.422128">
				<ele>2507.000000</ele>
			</trkpt>
			<trkpt lat="46.699802" lon="12.422218">
				<ele>2507.000000</ele>
			</trkpt>
			<trkpt lat="46.699845" lon="12.422308">
				<ele>2508.000000</ele>
			</trkpt>
			<trkpt lat="46.699869" lon="12.422398">
				<ele>2508.000000</ele>
			</trkpt>
			<trkpt lat="46.699875" lon="12.422461">
				<ele>2509.000000</ele>
			</trkpt>
			<trkpt lat="46.699875" lon="12.422533">
				<ele>2509.000000</ele>
			</trkpt>
			<trkpt lat="46.699851" lon="12.422604">
				<ele>2509.000000</ele>
			</trkpt>
			<trkpt lat="46.699857" lon="12.422667">
				<ele>2510.000000</ele>
			</trkpt>
			<trkpt lat="46.699869" lon="12.422721">
				<ele>2510.000000</ele>
			</trkpt>
			<trkpt lat="46.699875" lon="12.422757">
				<ele>2510.000000</ele>
			</trkpt>
			<trkpt lat="46.699882" lon="12.422793">
				<ele>2510.000000</ele>
			</trkpt>
			<trkpt lat="46.699875" lon="12.422837">
				<ele>2510.000000</ele>
			</trkpt>
			<trkpt lat="46.699869" lon="12.422874">
				<ele>2510.000000</ele>
			</trkpt>
			<trkpt lat="46.699863" lon="12.422927">
				<ele>2510.000000</ele>
			</trkpt>
			<trkpt lat="46.699845" lon="12.422973">
				<ele>2510.000000</ele>
			</trkpt>
			<trkpt lat="46.699833" lon="12.423017">
				<ele>2510.000000</ele>
			</trkpt>
			<trkpt lat="46.699826" lon="12.423053">
				<ele>2510.000000</ele>
			</trkpt>
			<trkpt lat="46.699826" lon="12.423099">
				<ele>2510.000000</ele>
			</trkpt>
			<trkpt lat="46.699820" lon="12.423143">
				<ele>2510.000000</ele>
			</trkpt>
			<trkpt lat="46.699802" lon="12.423189">
				<ele>2510.000000</ele>
			</trkpt>
			<trkpt lat="46.699802" lon="12.423206">
				<ele>2510.000000</ele>
			</trkpt>
			<trkpt lat="46.699808" lon="12.423216">
				<ele>2510.000000</ele>
			</trkpt>
			<trkpt lat="46.699826" lon="12.423242">
				<ele>2510.000000</ele>
			</trkpt>
			<trkpt lat="46.699814" lon="12.423287">
				<ele>2510.000000</ele>
			</trkpt>
			<trkpt lat="46.699802" lon="12.423323">
				<ele>2510.000000</ele>
			</trkpt>
			<trkpt lat="46.699802" lon="12.423350">
				<ele>2510.000000</ele>
			</trkpt>
			<trkpt lat="46.699802" lon="12.423359">
				<ele>2510.000000</ele>
			</trkpt>
			<trkpt lat="46.699833" lon="12.423377">
				<ele>2510.000000</ele>
			</trkpt>
			<trkpt lat="46.699845" lon="12.423395">
				<ele>2510.000000</ele>
			</trkpt>
			<trkpt lat="46.699839" lon="12.423422">
				<ele>2510.000000</ele>
			</trkpt>
			<trkpt lat="46.699808" lon="12.423449">
				<ele>2510.000000</ele>
			</trkpt>
			<trkpt lat="46.699777" lon="12.423466">
				<ele>2510.000000</ele>
			</trkpt>
			<trkpt lat="46.699759" lon="12.423512">
				<ele>2510.000000</ele>
			</trkpt>
			<trkpt lat="46.699746" lon="12.423593">
				<ele>2511.000000</ele>
			</trkpt>
			<trkpt lat="46.699759" lon="12.423656">
				<ele>2511.000000</ele>
			</trkpt>
			<trkpt lat="46.699759" lon="12.423719">
				<ele>2511.000000</ele>
			</trkpt>
			<trkpt lat="46.699728" lon="12.423790">
				<ele>2512.000000</ele>
			</trkpt>
			<trkpt lat="46.699697" lon="12.423845">
				<ele>2512.000000</ele>
			</trkpt>
			<trkpt lat="46.699672" lon="12.423906">
				<ele>2512.000000</ele>
			</trkpt>
			<trkpt lat="46.699666" lon="12.423961">
				<ele>2512.000000</ele>
			</trkpt>
			<trkpt lat="46.699697" lon="12.424024">
				<ele>2513.000000</ele>
			</trkpt>
			<trkpt lat="46.699715" lon="12.424078">
				<ele>2510.000000</ele>
			</trkpt>
			<trkpt lat="46.699715" lon="12.424149">
				<ele>2510.000000</ele>
			</trkpt>
			<trkpt lat="46.699703" lon="12.424212">
				<ele>2511.000000</ele>
			</trkpt>
			<trkpt lat="46.699685" lon="12.424302">
				<ele>2512.000000</ele>
			</trkpt>
			<trkpt lat="46.699654" lon="12.424311">
				<ele>2513.000000</ele>
			</trkpt>
			<trkpt lat="46.699660" lon="12.424401">
				<ele>2514.000000</ele>
			</trkpt>
			<trkpt lat="46.699635" lon="12.424428">
				<ele>2514.000000</ele>
			</trkpt>
			<trkpt lat="46.699605" lon="12.424445">
				<ele>2515.000000</ele>
			</trkpt>
			<trkpt lat="46.699574" lon="12.424491">
				<ele>2516.000000</ele>
			</trkpt>
			<trkpt lat="46.699580" lon="12.424535">
				<ele>2516.000000</ele>
			</trkpt>
			<trkpt lat="46.699562" lon="12.424617">
				<ele>2517.000000</ele>
			</trkpt>
			<trkpt lat="46.699562" lon="12.424661">
				<ele>2518.000000</ele>
			</trkpt>
			<trkpt lat="46.699531" lon="12.424724">
				<ele>2519.000000</ele>
			</trkpt>
			<trkpt lat="46.699525" lon="12.424895">
				<ele>2520.000000</ele>
			</trkpt>
			<trkpt lat="46.699481" lon="12.424977">
				<ele>2520.000000</ele>
			</trkpt>
			<trkpt lat="46.699426" lon="12.425048">
				<ele>2520.000000</ele>
			</trkpt>
			<trkpt lat="46.699413" lon="12.425128">
				<ele>2520.000000</ele>
			</trkpt>
			<trkpt lat="46.699395" lon="12.425227">
				<ele>2520.000000</ele>
			</trkpt>
			<trkpt lat="46.699352" lon="12.425254">
				<ele>2520.000000</ele>
			</trkpt>
			<trkpt lat="46.699371" lon="12.425353">
				<ele>2520.000000</ele>
			</trkpt>
			<trkpt lat="46.699352" lon="12.425390">
				<ele>2520.000000</ele>
			</trkpt>
			<trkpt lat="46.699315" lon="12.425390">
				<ele>2520.000000</ele>
			</trkpt>
			<trkpt lat="46.699272" lon="12.425470">
				<ele>2520.000000</ele>
			</trkpt>
			<trkpt lat="46.699278" lon="12.425533">
				<ele>2520.000000</ele>
			</trkpt>
			<trkpt lat="46.699272" lon="12.425614">
				<ele>2520.000000</ele>
			</trkpt>
			<trkpt lat="46.699204" lon="12.425640">
				<ele>2520.000000</ele>
			</trkpt>
			<trkpt lat="46.699161" lon="12.425703">
				<ele>2520.000000</ele>
			</trkpt>
			<trkpt lat="46.699118" lon="12.425749">
				<ele>2520.000000</ele>
			</trkpt>
			<trkpt lat="46.699106" lon="12.425820">
				<ele>2520.000000</ele>
			</trkpt>
			<trkpt lat="46.699106" lon="12.425883">
				<ele>2520.000000</ele>
			</trkpt>
			<trkpt lat="46.699100" lon="12.425946">
				<ele>2520.000000</ele>
			</trkpt>
			<trkpt lat="46.699094" lon="12.426027">
				<ele>2520.000000</ele>
			</trkpt>
			<trkpt lat="46.699038" lon="12.426080">
				<ele>2520.000000</ele>
			</trkpt>
			<trkpt lat="46.699007" lon="12.426126">
				<ele>2520.000000</ele>
			</trkpt>
			<trkpt lat="46.698976" lon="12.426143">
				<ele>2520.000000</ele>
			</trkpt>
			<trkpt lat="46.698951" lon="12.426170">
				<ele>2520.000000</ele>
			</trkpt>
			<trkpt lat="46.698927" lon="12.426189">
				<ele>2520.000000</ele>
			</trkpt>
			<trkpt lat="46.698872" lon="12.426225">
				<ele>2520.000000</ele>
			</trkpt>
			<trkpt lat="46.698828" lon="12.426288">
				<ele>2520.000000</ele>
			</trkpt>
			<trkpt lat="46.698742" lon="12.426386">
				<ele>2520.000000</ele>
			</trkpt>
			<trkpt lat="46.698717" lon="12.426449">
				<ele>2520.000000</ele>
			</trkpt>
			<trkpt lat="46.698705" lon="12.426629">
				<ele>2520.000000</ele>
			</trkpt>
			<trkpt lat="46.698594" lon="12.426719">
				<ele>2520.000000</ele>
			</trkpt>
			<trkpt lat="46.698539" lon="12.426799">
				<ele>2520.000000</ele>
			</trkpt>
			<trkpt lat="46.698495" lon="12.426916">
				<ele>2520.000000</ele>
			</trkpt>
			<trkpt lat="46.698434" lon="12.427069">
				<ele>2522.000000</ele>
			</trkpt>
			<trkpt lat="46.698348" lon="12.427168">
				<ele>2524.000000</ele>
			</trkpt>
			<trkpt lat="46.698311" lon="12.427204">
				<ele>2525.000000</ele>
			</trkpt>
			<trkpt lat="46.698267" lon="12.427231">
				<ele>2525.000000</ele>
			</trkpt>
			<trkpt lat="46.698243" lon="12.427248">
				<ele>2526.000000</ele>
			</trkpt>
			<trkpt lat="46.698212" lon="12.427275">
				<ele>2526.000000</ele>
			</trkpt>
			<trkpt lat="46.698194" lon="12.427285">
				<ele>2527.000000</ele>
			</trkpt>
			<trkpt lat="46.698188" lon="12.427311">
				<ele>2527.000000</ele>
			</trkpt>
			<trkpt lat="46.698212" lon="12.427321">
				<ele>2527.000000</ele>
			</trkpt>
			<trkpt lat="46.698243" lon="12.427321">
				<ele>2528.000000</ele>
			</trkpt>
			<trkpt lat="46.698298" lon="12.427294">
				<ele>2529.000000</ele>
			</trkpt>
			<trkpt lat="46.698292" lon="12.427338">
				<ele>2529.000000</ele>
			</trkpt>
			<trkpt lat="46.698261" lon="12.427411">
				<ele>2530.000000</ele>
			</trkpt>
			<trkpt lat="46.698243" lon="12.427500">
				<ele>2532.000000</ele>
			</trkpt>
			<trkpt lat="46.698188" lon="12.427635">
				<ele>2536.000000</ele>
			</trkpt>
			<trkpt lat="46.698070" lon="12.427860">
				<ele>2543.000000</ele>
			</trkpt>
			<trkpt lat="46.698064" lon="12.427958">
				<ele>2541.000000</ele>
			</trkpt>
			<trkpt lat="46.698021" lon="12.428057">
				<ele>2539.000000</ele>
			</trkpt>
			<trkpt lat="46.697972" lon="12.428111">
				<ele>2537.000000</ele>
			</trkpt>
			<trkpt lat="46.697923" lon="12.428210">
				<ele>2535.000000</ele>
			</trkpt>
			<trkpt lat="46.697886" lon="12.428327">
				<ele>2532.000000</ele>
			</trkpt>
			<trkpt lat="46.697873" lon="12.428470">
				<ele>2529.000000</ele>
			</trkpt>
			<trkpt lat="46.697849" lon="12.428560">
				<ele>2528.000000</ele>
			</trkpt>
			<trkpt lat="46.697793" lon="12.428623">
				<ele>2527.000000</ele>
			</trkpt>
			<trkpt lat="46.697689" lon="12.428722">
				<ele>2525.000000</ele>
			</trkpt>
			<trkpt lat="46.697596" lon="12.428820">
				<ele>2523.000000</ele>
			</trkpt>
			<trkpt lat="46.697510" lon="12.428893">
				<ele>2521.000000</ele>
			</trkpt>
			<trkpt lat="46.697473" lon="12.428929">
				<ele>2521.000000</ele>
			</trkpt>
			<trkpt lat="46.697405" lon="12.428929">
				<ele>2520.000000</ele>
			</trkpt>
			<trkpt lat="46.697374" lon="12.428946">
				<ele>2519.000000</ele>
			</trkpt>
			<trkpt lat="46.697331" lon="12.428956">
				<ele>2519.000000</ele>
			</trkpt>
			<trkpt lat="46.697288" lon="12.428992">
				<ele>2519.000000</ele>
			</trkpt>
			<trkpt lat="46.697214" lon="12.429055">
				<ele>2518.000000</ele>
			</trkpt>
			<trkpt lat="46.697146" lon="12.429108">
				<ele>2517.000000</ele>
			</trkpt>
			<trkpt lat="46.697017" lon="12.429216">
				<ele>2516.000000</ele>
			</trkpt>
			<trkpt lat="46.696949" lon="12.429225">
				<ele>2515.000000</ele>
			</trkpt>
			<trkpt lat="46.696814" lon="12.429279">
				<ele>2514.000000</ele>
			</trkpt>
			<trkpt lat="46.696709" lon="12.429296">
				<ele>2513.000000</ele>
			</trkpt>
			<trkpt lat="46.696666" lon="12.429315">
				<ele>2513.000000</ele>
			</trkpt>
			<trkpt lat="46.696604" lon="12.429332">
				<ele>2512.000000</ele>
			</trkpt>
			<trkpt lat="46.696518" lon="12.429342">
				<ele>2511.000000</ele>
			</trkpt>
			<trkpt lat="46.696407" lon="12.429369">
				<ele>2510.000000</ele>
			</trkpt>
			<trkpt lat="46.696315" lon="12.429405">
				<ele>2509.000000</ele>
			</trkpt>
			<trkpt lat="46.696247" lon="12.429449">
				<ele>2508.000000</ele>
			</trkpt>
			<trkpt lat="46.696161" lon="12.429522">
				<ele>2507.000000</ele>
			</trkpt>
			<trkpt lat="46.696062" lon="12.429656">
				<ele>2505.000000</ele>
			</trkpt>
			<trkpt lat="46.696012" lon="12.429737">
				<ele>2504.000000</ele>
			</trkpt>
			<trkpt lat="46.695945" lon="12.429835">
				<ele>2503.000000</ele>
			</trkpt>
			<trkpt lat="46.695853" lon="12.429917">
				<ele>2501.000000</ele>
			</trkpt>
			<trkpt lat="46.695772" lon="12.430024">
				<ele>2500.000000</ele>
			</trkpt>
			<trkpt lat="46.695643" lon="12.430160">
				<ele>2498.000000</ele>
			</trkpt>
			<trkpt lat="46.695581" lon="12.430250">
				<ele>2497.000000</ele>
			</trkpt>
			<trkpt lat="46.695501" lon="12.430393">
				<ele>2495.000000</ele>
			</trkpt>
			<trkpt lat="46.695421" lon="12.430527">
				<ele>2494.000000</ele>
			</trkpt>
			<trkpt lat="46.695403" lon="12.430581">
				<ele>2493.000000</ele>
			</trkpt>
			<trkpt lat="46.695366" lon="12.430671">
				<ele>2492.000000</ele>
			</trkpt>
			<trkpt lat="46.695292" lon="12.430896">
				<ele>2490.000000</ele>
			</trkpt>
			<trkpt lat="46.695181" lon="12.431166">
				<ele>2490.000000</ele>
			</trkpt>
			<trkpt lat="46.695082" lon="12.431382">
				<ele>2489.000000</ele>
			</trkpt>
			<trkpt lat="46.694965" lon="12.431938">
				<ele>2487.000000</ele>
			</trkpt>
			<trkpt lat="46.694916" lon="12.432225">
				<ele>2486.000000</ele>
			</trkpt>
			<trkpt lat="46.694866" lon="12.432414">
				<ele>2485.000000</ele>
			</trkpt>
			<trkpt lat="46.694799" lon="12.432648">
				<ele>2485.000000</ele>
			</trkpt>
			<trkpt lat="46.694713" lon="12.432845">
				<ele>2484.000000</ele>
			</trkpt>
			<trkpt lat="46.694651" lon="12.433016">
				<ele>2483.000000</ele>
			</trkpt>
			<trkpt lat="46.694596" lon="12.433088">
				<ele>2483.000000</ele>
			</trkpt>
			<trkpt lat="46.694528" lon="12.433177">
				<ele>2483.000000</ele>
			</trkpt>
			<trkpt lat="46.694429" lon="12.433240">
				<ele>2482.000000</ele>
			</trkpt>
			<trkpt lat="46.694127" lon="12.433672">
				<ele>2480.000000</ele>
			</trkpt>
			<trkpt lat="46.694004" lon="12.433914">
				<ele>2479.000000</ele>
			</trkpt>
			<trkpt lat="46.693893" lon="12.434130">
				<ele>2478.000000</ele>
			</trkpt>
			<trkpt lat="46.693844" lon="12.434238">
				<ele>2477.000000</ele>
			</trkpt>
			<trkpt lat="46.693838" lon="12.434409">
				<ele>2477.000000</ele>
			</trkpt>
			<trkpt lat="46.693819" lon="12.434732">
				<ele>2475.000000</ele>
			</trkpt>
			<trkpt lat="46.693757" lon="12.434938">
				<ele>2474.000000</ele>
			</trkpt>
			<trkpt lat="46.693684" lon="12.435154">
				<ele>2473.000000</ele>
			</trkpt>
			<trkpt lat="46.693622" lon="12.435235">
				<ele>2473.000000</ele>
			</trkpt>
			<trkpt lat="46.693530" lon="12.435351">
				<ele>2472.000000</ele>
			</trkpt>
			<trkpt lat="46.693444" lon="12.435451">
				<ele>2471.000000</ele>
			</trkpt>
			<trkpt lat="46.693382" lon="12.435540">
				<ele>2471.000000</ele>
			</trkpt>
			<trkpt lat="46.693289" lon="12.435611">
				<ele>2470.000000</ele>
			</trkpt>
			<trkpt lat="46.693191" lon="12.435747">
				<ele>2469.000000</ele>
			</trkpt>
			<trkpt lat="46.693117" lon="12.435854">
				<ele>2469.000000</ele>
			</trkpt>
			<trkpt lat="46.693030" lon="12.435944">
				<ele>2468.000000</ele>
			</trkpt>
			<trkpt lat="46.692907" lon="12.436026">
				<ele>2467.000000</ele>
			</trkpt>
			<trkpt lat="46.692833" lon="12.436097">
				<ele>2467.000000</ele>
			</trkpt>
			<trkpt lat="46.692766" lon="12.436169">
				<ele>2466.000000</ele>
			</trkpt>
			<trkpt lat="46.692692" lon="12.436277">
				<ele>2466.000000</ele>
			</trkpt>
			<trkpt lat="46.692655" lon="12.436403">
				<ele>2465.000000</ele>
			</trkpt>
			<trkpt lat="46.692618" lon="12.436592">
				<ele>2465.000000</ele>
			</trkpt>
			<trkpt lat="46.692581" lon="12.436743">
				<ele>2464.000000</ele>
			</trkpt>
			<trkpt lat="46.692544" lon="12.436843">
				<ele>2464.000000</ele>
			</trkpt>
			<trkpt lat="46.692501" lon="12.436978">
				<ele>2463.000000</ele>
			</trkpt>
			<trkpt lat="46.692458" lon="12.437040">
				<ele>2463.000000</ele>
			</trkpt>
			<trkpt lat="46.692390" lon="12.437139">
				<ele>2462.000000</ele>
			</trkpt>
			<trkpt lat="46.692340" lon="12.437219">
				<ele>2462.000000</ele>
			</trkpt>
			<trkpt lat="46.692304" lon="12.437319">
				<ele>2461.000000</ele>
			</trkpt>
			<trkpt lat="46.692261" lon="12.437426">
				<ele>2461.000000</ele>
			</trkpt>
			<trkpt lat="46.692168" lon="12.437651">
				<ele>2460.000000</ele>
			</trkpt>
			<trkpt lat="46.692026" lon="12.437777">
				<ele>2458.000000</ele>
			</trkpt>
			<trkpt lat="46.691952" lon="12.437785">
				<ele>2456.000000</ele>
			</trkpt>
			<trkpt lat="46.691860" lon="12.437814">
				<ele>2455.000000</ele>
			</trkpt>
			<trkpt lat="46.691780" lon="12.437822">
				<ele>2454.000000</ele>
			</trkpt>
			<trkpt lat="46.691699" lon="12.437848">
				<ele>2452.000000</ele>
			</trkpt>
			<trkpt lat="46.691669" lon="12.437930">
				<ele>2451.000000</ele>
			</trkpt>
			<trkpt lat="46.691601" lon="12.438047">
				<ele>2449.000000</ele>
			</trkpt>
			<trkpt lat="46.691546" lon="12.438154">
				<ele>2446.000000</ele>
			</trkpt>
			<trkpt lat="46.691502" lon="12.438227">
				<ele>2444.000000</ele>
			</trkpt>
			<trkpt lat="46.691428" lon="12.438244">
				<ele>2442.000000</ele>
			</trkpt>
			<trkpt lat="46.691386" lon="12.438298">
				<ele>2440.000000</ele>
			</trkpt>
			<trkpt lat="46.691336" lon="12.438343">
				<ele>2439.000000</ele>
			</trkpt>
			<trkpt lat="46.691281" lon="12.438406">
				<ele>2437.000000</ele>
			</trkpt>
			<trkpt lat="46.691225" lon="12.438460">
				<ele>2436.000000</ele>
			</trkpt>
			<trkpt lat="46.691065" lon="12.438621">
				<ele>2432.000000</ele>
			</trkpt>
			<trkpt lat="46.691015" lon="12.438676">
				<ele>2430.000000</ele>
			</trkpt>
			<trkpt lat="46.690991" lon="12.438730">
				<ele>2430.000000</ele>
			</trkpt>
			<trkpt lat="46.690942" lon="12.438711">
				<ele>2430.000000</ele>
			</trkpt>
			<trkpt lat="46.690702" lon="12.438720">
				<ele>2430.000000</ele>
			</trkpt>
			<trkpt lat="46.690449" lon="12.438756">
				<ele>2430.000000</ele>
			</trkpt>
			<trkpt lat="46.690381" lon="12.438783">
				<ele>2430.000000</ele>
			</trkpt>
			<trkpt lat="46.690319" lon="12.438846">
				<ele>2430.000000</ele>
			</trkpt>
			<trkpt lat="46.690184" lon="12.439053">
				<ele>2430.000000</ele>
			</trkpt>
			<trkpt lat="46.690073" lon="12.439169">
				<ele>2430.000000</ele>
			</trkpt>
			<trkpt lat="46.689968" lon="12.439349">
				<ele>2432.000000</ele>
			</trkpt>
			<trkpt lat="46.689931" lon="12.439456">
				<ele>2433.000000</ele>
			</trkpt>
			<trkpt lat="46.689931" lon="12.439529">
				<ele>2434.000000</ele>
			</trkpt>
			<trkpt lat="46.689863" lon="12.439718">
				<ele>2436.000000</ele>
			</trkpt>
			<trkpt lat="46.689777" lon="12.440265">
				<ele>2442.000000</ele>
			</trkpt>
			<trkpt lat="46.689678" lon="12.440454">
				<ele>2448.000000</ele>
			</trkpt>
			<trkpt lat="46.689635" lon="12.440670">
				<ele>2452.000000</ele>
			</trkpt>
			<trkpt lat="46.689629" lon="12.440822">
				<ele>2454.000000</ele>
			</trkpt>
			<trkpt lat="46.689660" lon="12.441074">
				<ele>2458.000000</ele>
			</trkpt>
			<trkpt lat="46.689623" lon="12.441217">
				<ele>2461.000000</ele>
			</trkpt>
			<trkpt lat="46.689568" lon="12.441236">
				<ele>2463.000000</ele>
			</trkpt>
			<trkpt lat="46.689549" lon="12.441227">
				<ele>2464.000000</ele>
			</trkpt>
			<trkpt lat="46.689531" lon="12.441280">
				<ele>2465.000000</ele>
			</trkpt>
			<trkpt lat="46.689481" lon="12.441397">
				<ele>2468.000000</ele>
			</trkpt>
			<trkpt lat="46.689432" lon="12.441559">
				<ele>2472.000000</ele>
			</trkpt>
			<trkpt lat="46.689377" lon="12.441712">
				<ele>2475.000000</ele>
			</trkpt>
			<trkpt lat="46.689179" lon="12.441649">
				<ele>2481.000000</ele>
			</trkpt>
			<trkpt lat="46.689143" lon="12.441810">
				<ele>2484.000000</ele>
			</trkpt>
			<trkpt lat="46.689124" lon="12.442169">
				<ele>2491.000000</ele>
			</trkpt>
			<trkpt lat="46.689093" lon="12.442278">
				<ele>2494.000000</ele>
			</trkpt>
			<trkpt lat="46.689069" lon="12.442359">
				<ele>2495.000000</ele>
			</trkpt>
			<trkpt lat="46.689007" lon="12.442422">
				<ele>2498.000000</ele>
			</trkpt>
			<trkpt lat="46.688939" lon="12.442475">
				<ele>2500.000000</ele>
			</trkpt>
			<trkpt lat="46.688909" lon="12.442638">
				<ele>2503.000000</ele>
			</trkpt>
			<trkpt lat="46.688896" lon="12.442726">
				<ele>2505.000000</ele>
			</trkpt>
			<trkpt lat="46.688909" lon="12.442844">
				<ele>2507.000000</ele>
			</trkpt>
			<trkpt lat="46.688939" lon="12.442942">
				<ele>2510.000000</ele>
			</trkpt>
			<trkpt lat="46.689000" lon="12.443068">
				<ele>2513.000000</ele>
			</trkpt>
			<trkpt lat="46.689056" lon="12.443257">
				<ele>2517.000000</ele>
			</trkpt>
			<trkpt lat="46.689118" lon="12.443391">
				<ele>2520.000000</ele>
			</trkpt>
			<trkpt lat="46.689186" lon="12.443500">
				<ele>2523.000000</ele>
			</trkpt>
			<trkpt lat="46.689297" lon="12.443706">
				<ele>2528.000000</ele>
			</trkpt>
			<trkpt lat="46.689432" lon="12.444093">
				<ele>2535.000000</ele>
			</trkpt>
			<trkpt lat="46.689469" lon="12.444146">
				<ele>2536.000000</ele>
			</trkpt>
			<trkpt lat="46.689506" lon="12.444146">
				<ele>2537.000000</ele>
			</trkpt>
			<trkpt lat="46.689543" lon="12.444173">
				<ele>2538.000000</ele>
			</trkpt>
			<trkpt lat="46.689599" lon="12.444200">
				<ele>2539.000000</ele>
			</trkpt>
			<trkpt lat="46.689641" lon="12.444299">
				<ele>2540.000000</ele>
			</trkpt>
			<trkpt lat="46.689703" lon="12.444343">
				<ele>2540.000000</ele>
			</trkpt>
			<trkpt lat="46.689765" lon="12.444334">
				<ele>2540.000000</ele>
			</trkpt>
			<trkpt lat="46.689875" lon="12.444362">
				<ele>2540.000000</ele>
			</trkpt>
			<trkpt lat="46.689925" lon="12.444362">
				<ele>2540.000000</ele>
			</trkpt>
			<trkpt lat="46.690042" lon="12.444416">
				<ele>2540.000000</ele>
			</trkpt>
			<trkpt lat="46.690110" lon="12.444443">
				<ele>2540.000000</ele>
			</trkpt>
			<trkpt lat="46.690116" lon="12.444487">
				<ele>2540.000000</ele>
			</trkpt>
			<trkpt lat="46.690061" lon="12.444775">
				<ele>2545.000000</ele>
			</trkpt>
			<trkpt lat="46.690018" lon="12.444838">
				<ele>2548.000000</ele>
			</trkpt>
			<trkpt lat="46.689981" lon="12.444928">
				<ele>2551.000000</ele>
			</trkpt>
			<trkpt lat="46.689968" lon="12.444955">
				<ele>2552.000000</ele>
			</trkpt>
			<trkpt lat="46.689974" lon="12.444990">
				<ele>2553.000000</ele>
			</trkpt>
			<trkpt lat="46.689956" lon="12.445072">
				<ele>2556.000000</ele>
			</trkpt>
			<trkpt lat="46.689931" lon="12.445125">
				<ele>2557.000000</ele>
			</trkpt>
			<trkpt lat="46.689968" lon="12.445225">
				<ele>2560.000000</ele>
			</trkpt>
			<trkpt lat="46.689987" lon="12.445278">
				<ele>2562.000000</ele>
			</trkpt>
			<trkpt lat="46.689999" lon="12.445349">
				<ele>2564.000000</ele>
			</trkpt>
			<trkpt lat="46.690024" lon="12.445385">
				<ele>2565.000000</ele>
			</trkpt>
			<trkpt lat="46.690049" lon="12.445448">
				<ele>2567.000000</ele>
			</trkpt>
			<trkpt lat="46.690134" lon="12.445485">
				<ele>2570.000000</ele>
			</trkpt>
			<trkpt lat="46.690190" lon="12.445494">
				<ele>2570.000000</ele>
			</trkpt>
			<trkpt lat="46.690221" lon="12.445664">
				<ele>2572.000000</ele>
			</trkpt>
			<trkpt lat="46.690246" lon="12.445718">
				<ele>2574.000000</ele>
			</trkpt>
			<trkpt lat="46.690295" lon="12.445825">
				<ele>2577.000000</ele>
			</trkpt>
			<trkpt lat="46.690307" lon="12.445888">
				<ele>2579.000000</ele>
			</trkpt>
			<trkpt lat="46.690258" lon="12.445925">
				<ele>2580.000000</ele>
			</trkpt>
			<trkpt lat="46.690252" lon="12.446177">
				<ele>2580.000000</ele>
			</trkpt>
			<trkpt lat="46.690159" lon="12.446330">
				<ele>2580.000000</ele>
			</trkpt>
			<trkpt lat="46.690103" lon="12.446410">
				<ele>2580.000000</ele>
			</trkpt>
			<trkpt lat="46.690018" lon="12.446697">
				<ele>2579.000000</ele>
			</trkpt>
			<trkpt lat="46.690012" lon="12.446716">
				<ele>2579.000000</ele>
			</trkpt>
			<trkpt lat="46.690012" lon="12.446760">
				<ele>2579.000000</ele>
			</trkpt>
			<trkpt lat="46.689987" lon="12.446850">
				<ele>2579.000000</ele>
			</trkpt>
			<trkpt lat="46.689968" lon="12.446886">
				<ele>2578.000000</ele>
			</trkpt>
			<trkpt lat="46.689956" lon="12.446922">
				<ele>2578.000000</ele>
			</trkpt>
			<trkpt lat="46.689956" lon="12.446949">
				<ele>2578.000000</ele>
			</trkpt>
			<trkpt lat="46.689894" lon="12.447156">
				<ele>2577.000000</ele>
			</trkpt>
			<trkpt lat="46.689863" lon="12.447192">
				<ele>2577.000000</ele>
			</trkpt>
			<trkpt lat="46.689821" lon="12.447380">
				<ele>2576.000000</ele>
			</trkpt>
			<trkpt lat="46.689808" lon="12.447452">
				<ele>2576.000000</ele>
			</trkpt>
			<trkpt lat="46.689740" lon="12.447632">
				<ele>2575.000000</ele>
			</trkpt>
			<trkpt lat="46.689746" lon="12.447758">
				<ele>2574.000000</ele>
			</trkpt>
			<trkpt lat="46.689703" lon="12.447875">
				<ele>2573.000000</ele>
			</trkpt>
			<trkpt lat="46.689685" lon="12.448035">
				<ele>2573.000000</ele>
			</trkpt>
			<trkpt lat="46.689678" lon="12.448341">
				<ele>2571.000000</ele>
			</trkpt>
			<trkpt lat="46.689635" lon="12.448422">
				<ele>2571.000000</ele>
			</trkpt>
			<trkpt lat="46.689623" lon="12.448467">
				<ele>2571.000000</ele>
			</trkpt>
			<trkpt lat="46.689641" lon="12.448521">
				<ele>2570.000000</ele>
			</trkpt>
			<trkpt lat="46.689678" lon="12.448512">
				<ele>2570.000000</ele>
			</trkpt>
			<trkpt lat="46.689722" lon="12.448494">
				<ele>2570.000000</ele>
			</trkpt>
			<trkpt lat="46.689740" lon="12.448530">
				<ele>2570.000000</ele>
			</trkpt>
			<trkpt lat="46.689765" lon="12.448674">
				<ele>2570.000000</ele>
			</trkpt>
			<trkpt lat="46.689790" lon="12.448737">
				<ele>2570.000000</ele>
			</trkpt>
			<trkpt lat="46.689765" lon="12.448961">
				<ele>2570.000000</ele>
			</trkpt>
			<trkpt lat="46.689771" lon="12.449033">
				<ele>2570.000000</ele>
			</trkpt>
			<trkpt lat="46.689771" lon="12.449276">
				<ele>2570.000000</ele>
			</trkpt>
			<trkpt lat="46.689753" lon="12.449356">
				<ele>2570.000000</ele>
			</trkpt>
			<trkpt lat="46.689753" lon="12.449491">
				<ele>2570.000000</ele>
			</trkpt>
			<trkpt lat="46.689753" lon="12.449634">
				<ele>2570.000000</ele>
			</trkpt>
			<trkpt lat="46.689722" lon="12.449689">
				<ele>2570.000000</ele>
			</trkpt>
			<trkpt lat="46.689753" lon="12.449850">
				<ele>2570.000000</ele>
			</trkpt>
			<trkpt lat="46.689771" lon="12.450146">
				<ele>2574.000000</ele>
			</trkpt>
			<trkpt lat="46.689802" lon="12.450200">
				<ele>2575.000000</ele>
			</trkpt>
			<trkpt lat="46.689802" lon="12.450345">
				<ele>2578.000000</ele>
			</trkpt>
			<trkpt lat="46.689845" lon="12.450372">
				<ele>2580.000000</ele>
			</trkpt>
			<trkpt lat="46.689888" lon="12.450470">
				<ele>2582.000000</ele>
			</trkpt>
			<trkpt lat="46.689894" lon="12.450559">
				<ele>2584.000000</ele>
			</trkpt>
			<trkpt lat="46.689869" lon="12.450722">
				<ele>2588.000000</ele>
			</trkpt>
			<trkpt lat="46.689863" lon="12.450865">
				<ele>2590.000000</ele>
			</trkpt>
			<trkpt lat="46.689875" lon="12.450928">
				<ele>2590.000000</ele>
			</trkpt>
			<trkpt lat="46.689857" lon="12.450982">
				<ele>2591.000000</ele>
			</trkpt>
			<trkpt lat="46.689869" lon="12.451144">
				<ele>2594.000000</ele>
			</trkpt>
			<trkpt lat="46.689869" lon="12.451215">
				<ele>2596.000000</ele>
			</trkpt>
			<trkpt lat="46.689851" lon="12.451242">
				<ele>2596.000000</ele>
			</trkpt>
			<trkpt lat="46.689845" lon="12.451278">
				<ele>2597.000000</ele>
			</trkpt>
			<trkpt lat="46.689827" lon="12.451288">
				<ele>2598.000000</ele>
			</trkpt>
			<trkpt lat="46.689808" lon="12.451314">
				<ele>2598.000000</ele>
			</trkpt>
			<trkpt lat="46.689790" lon="12.451324">
				<ele>2592.000000</ele>
			</trkpt>
			<trkpt lat="46.689771" lon="12.451351">
				<ele>2592.000000</ele>
			</trkpt>
			<trkpt lat="46.689777" lon="12.451414">
				<ele>2600.000000</ele>
			</trkpt>
			<trkpt lat="46.689802" lon="12.451575">
				<ele>2604.000000</ele>
			</trkpt>
			<trkpt lat="46.689827" lon="12.451728">
				<ele>2608.000000</ele>
			</trkpt>
			<trkpt lat="46.689821" lon="12.451791">
				<ele>2610.000000</ele>
			</trkpt>
			<trkpt lat="46.689851" lon="12.451836">
				<ele>2610.000000</ele>
			</trkpt>
			<trkpt lat="46.689882" lon="12.451917">
				<ele>2611.000000</ele>
			</trkpt>
			<trkpt lat="46.689919" lon="12.451953">
				<ele>2611.000000</ele>
			</trkpt>
			<trkpt lat="46.689925" lon="12.452006">
				<ele>2612.000000</ele>
			</trkpt>
			<trkpt lat="46.689931" lon="12.452167">
				<ele>2613.000000</ele>
			</trkpt>
			<trkpt lat="46.689900" lon="12.452213">
				<ele>2613.000000</ele>
			</trkpt>
			<trkpt lat="46.689863" lon="12.452312">
				<ele>2614.000000</ele>
			</trkpt>
			<trkpt lat="46.689821" lon="12.452429">
				<ele>2615.000000</ele>
			</trkpt>
			<trkpt lat="46.689814" lon="12.452527">
				<ele>2616.000000</ele>
			</trkpt>
			<trkpt lat="46.689814" lon="12.452635">
				<ele>2616.000000</ele>
			</trkpt>
			<trkpt lat="46.689808" lon="12.452716">
				<ele>2617.000000</ele>
			</trkpt>
			<trkpt lat="46.689814" lon="12.452823">
				<ele>2618.000000</ele>
			</trkpt>
			<trkpt lat="46.689857" lon="12.452922">
				<ele>2618.000000</ele>
			</trkpt>
			<trkpt lat="46.689863" lon="12.453102">
				<ele>2620.000000</ele>
			</trkpt>
			<trkpt lat="46.689857" lon="12.453192">
				<ele>2620.000000</ele>
			</trkpt>
			<trkpt lat="46.689869" lon="12.453246">
				<ele>2620.000000</ele>
			</trkpt>
			<trkpt lat="46.689900" lon="12.453291">
				<ele>2620.000000</ele>
			</trkpt>
			<trkpt lat="46.689900" lon="12.453345">
				<ele>2620.000000</ele>
			</trkpt>
			<trkpt lat="46.689894" lon="12.453416">
				<ele>2619.000000</ele>
			</trkpt>
			<trkpt lat="46.689894" lon="12.453479">
				<ele>2618.000000</ele>
			</trkpt>
			<trkpt lat="46.689906" lon="12.453561">
				<ele>2617.000000</ele>
			</trkpt>
			<trkpt lat="46.689931" lon="12.453605">
				<ele>2615.000000</ele>
			</trkpt>
			<trkpt lat="46.689943" lon="12.453678">
				<ele>2614.000000</ele>
			</trkpt>
			<trkpt lat="46.689956" lon="12.453722">
				<ele>2613.000000</ele>
			</trkpt>
			<trkpt lat="46.689962" lon="12.453758">
				<ele>2612.000000</ele>
			</trkpt>
			<trkpt lat="46.689993" lon="12.453812">
				<ele>2611.000000</ele>
			</trkpt>
			<trkpt lat="46.689993" lon="12.453838">
				<ele>2610.000000</ele>
			</trkpt>
			<trkpt lat="46.689962" lon="12.453884">
				<ele>2608.000000</ele>
			</trkpt>
			<trkpt lat="46.689906" lon="12.453938">
				<ele>2605.000000</ele>
			</trkpt>
			<trkpt lat="46.689863" lon="12.453982">
				<ele>2603.000000</ele>
			</trkpt>
			<trkpt lat="46.689833" lon="12.454001">
				<ele>2601.000000</ele>
			</trkpt>
			<trkpt lat="46.689821" lon="12.454028">
				<ele>2600.000000</ele>
			</trkpt>
			<trkpt lat="46.689833" lon="12.454054">
				<ele>2600.000000</ele>
			</trkpt>
			<trkpt lat="46.689882" lon="12.454072">
				<ele>2598.000000</ele>
			</trkpt>
			<trkpt lat="46.689919" lon="12.454091">
				<ele>2597.000000</ele>
			</trkpt>
			<trkpt lat="46.689943" lon="12.454091">
				<ele>2596.000000</ele>
			</trkpt>
			<trkpt lat="46.689950" lon="12.454108">
				<ele>2596.000000</ele>
			</trkpt>
			<trkpt lat="46.689943" lon="12.454127">
				<ele>2596.000000</ele>
			</trkpt>
			<trkpt lat="46.689913" lon="12.454127">
				<ele>2595.000000</ele>
			</trkpt>
			<trkpt lat="46.689882" lon="12.454135">
				<ele>2594.000000</ele>
			</trkpt>
			<trkpt lat="46.689839" lon="12.454162">
				<ele>2592.000000</ele>
			</trkpt>
			<trkpt lat="46.689784" lon="12.454180">
				<ele>2591.000000</ele>
			</trkpt>
			<trkpt lat="46.689703" lon="12.454261">
				<ele>2589.000000</ele>
			</trkpt>
			<trkpt lat="46.689660" lon="12.454243">
				<ele>2589.000000</ele>
			</trkpt>
			<trkpt lat="46.689617" lon="12.454234">
				<ele>2589.000000</ele>
			</trkpt>
			<trkpt lat="46.689537" lon="12.454243">
				<ele>2588.000000</ele>
			</trkpt>
			<trkpt lat="46.689481" lon="12.454280">
				<ele>2587.000000</ele>
			</trkpt>
			<trkpt lat="46.689438" lon="12.454324">
				<ele>2587.000000</ele>
			</trkpt>
			<trkpt lat="46.689377" lon="12.454351">
				<ele>2586.000000</ele>
			</trkpt>
			<trkpt lat="46.689346" lon="12.454360">
				<ele>2586.000000</ele>
			</trkpt>
			<trkpt lat="46.689297" lon="12.454387">
				<ele>2585.000000</ele>
			</trkpt>
			<trkpt lat="46.689204" lon="12.454414">
				<ele>2584.000000</ele>
			</trkpt>
			<trkpt lat="46.689179" lon="12.454450">
				<ele>2584.000000</ele>
			</trkpt>
			<trkpt lat="46.689149" lon="12.454467">
				<ele>2584.000000</ele>
			</trkpt>
			<trkpt lat="46.689093" lon="12.454494">
				<ele>2583.000000</ele>
			</trkpt>
			<trkpt lat="46.689050" lon="12.454521">
				<ele>2583.000000</ele>
			</trkpt>
			<trkpt lat="46.688994" lon="12.454557">
				<ele>2582.000000</ele>
			</trkpt>
			<trkpt lat="46.688970" lon="12.454557">
				<ele>2582.000000</ele>
			</trkpt>
			<trkpt lat="46.688927" lon="12.454584">
				<ele>2582.000000</ele>
			</trkpt>
			<trkpt lat="46.688871" lon="12.454657">
				<ele>2581.000000</ele>
			</trkpt>
			<trkpt lat="46.688822" lon="12.454674">
				<ele>2580.000000</ele>
			</trkpt>
			<trkpt lat="46.688785" lon="12.454737">
				<ele>2580.000000</ele>
			</trkpt>
			<trkpt lat="46.688766" lon="12.454756">
				<ele>2580.000000</ele>
			</trkpt>
			<trkpt lat="46.688717" lon="12.454791">
				<ele>2580.000000</ele>
			</trkpt>
			<trkpt lat="46.688674" lon="12.454809">
				<ele>2580.000000</ele>
			</trkpt>
			<trkpt lat="46.688625" lon="12.454846">
				<ele>2580.000000</ele>
			</trkpt>
			<trkpt lat="46.688563" lon="12.454899">
				<ele>2580.000000</ele>
			</trkpt>
			<trkpt lat="46.688514" lon="12.454970">
				<ele>2580.000000</ele>
			</trkpt>
			<trkpt lat="46.688477" lon="12.455033">
				<ele>2579.000000</ele>
			</trkpt>
			<trkpt lat="46.688422" lon="12.455087">
				<ele>2578.000000</ele>
			</trkpt>
			<trkpt lat="46.688391" lon="12.455133">
				<ele>2578.000000</ele>
			</trkpt>
			<trkpt lat="46.688385" lon="12.455177">
				<ele>2577.000000</ele>
			</trkpt>
			<trkpt lat="46.688366" lon="12.455222">
				<ele>2577.000000</ele>
			</trkpt>
			<trkpt lat="46.688341" lon="12.455267">
				<ele>2576.000000</ele>
			</trkpt>
			<trkpt lat="46.688310" lon="12.455303">
				<ele>2576.000000</ele>
			</trkpt>
			<trkpt lat="46.688268" lon="12.455366">
				<ele>2575.000000</ele>
			</trkpt>
			<trkpt lat="46.688225" lon="12.455412">
				<ele>2574.000000</ele>
			</trkpt>
			<trkpt lat="46.688212" lon="12.455429">
				<ele>2574.000000</ele>
			</trkpt>
			<trkpt lat="46.688206" lon="12.455501">
				<ele>2573.000000</ele>
			</trkpt>
			<trkpt lat="46.688218" lon="12.455680">
				<ele>2571.000000</ele>
			</trkpt>
			<trkpt lat="46.688237" lon="12.455905">
				<ele>2570.000000</ele>
			</trkpt>
			<trkpt lat="46.688274" lon="12.456175">
				<ele>2570.000000</ele>
			</trkpt>
			<trkpt lat="46.688200" lon="12.456336">
				<ele>2570.000000</ele>
			</trkpt>
			<trkpt lat="46.688163" lon="12.456507">
				<ele>2570.000000</ele>
			</trkpt>
			<trkpt lat="46.688064" lon="12.456588">
				<ele>2570.000000</ele>
			</trkpt>
			<trkpt lat="46.688076" lon="12.456794">
				<ele>2570.000000</ele>
			</trkpt>
			<trkpt lat="46.688064" lon="12.456965">
				<ele>2570.000000</ele>
			</trkpt>
			<trkpt lat="46.687990" lon="12.457316">
				<ele>2570.000000</ele>
			</trkpt>
			<trkpt lat="46.687947" lon="12.457603">
				<ele>2570.000000</ele>
			</trkpt>
			<trkpt lat="46.687836" lon="12.458115">
				<ele>2577.000000</ele>
			</trkpt>
			<trkpt lat="46.687806" lon="12.458303">
				<ele>2581.000000</ele>
			</trkpt>
			<trkpt lat="46.687824" lon="12.458456">
				<ele>2584.000000</ele>
			</trkpt>
			<trkpt lat="46.687769" lon="12.458689">
				<ele>2589.000000</ele>
			</trkpt>
			<trkpt lat="46.687793" lon="12.458842">
				<ele>2593.000000</ele>
			</trkpt>
			<trkpt lat="46.687744" lon="12.458932">
				<ele>2597.000000</ele>
			</trkpt>
			<trkpt lat="46.687781" lon="12.459022">
				<ele>2600.000000</ele>
			</trkpt>
			<trkpt lat="46.687836" lon="12.459049">
				<ele>2600.000000</ele>
			</trkpt>
			<trkpt lat="46.687799" lon="12.459193">
				<ele>2602.000000</ele>
			</trkpt>
			<trkpt lat="46.687812" lon="12.459354">
				<ele>2606.000000</ele>
			</trkpt>
			<trkpt lat="46.687806" lon="12.459417">
				<ele>2608.000000</ele>
			</trkpt>
			<trkpt lat="46.687731" lon="12.459462">
				<ele>2611.000000</ele>
			</trkpt>
			<trkpt lat="46.687750" lon="12.459597">
				<ele>2614.000000</ele>
			</trkpt>
			<trkpt lat="46.687707" lon="12.459651">
				<ele>2615.000000</ele>
			</trkpt>
			<trkpt lat="46.687707" lon="12.459750">
				<ele>2617.000000</ele>
			</trkpt>
			<trkpt lat="46.687608" lon="12.459857">
				<ele>2621.000000</ele>
			</trkpt>
			<trkpt lat="46.687596" lon="12.459957">
				<ele>2625.000000</ele>
			</trkpt>
			<trkpt lat="46.687614" lon="12.460056">
				<ele>2628.000000</ele>
			</trkpt>
			<trkpt lat="46.687596" lon="12.460136">
				<ele>2630.000000</ele>
			</trkpt>
			<trkpt lat="46.687626" lon="12.460217">
				<ele>2632.000000</ele>
			</trkpt>
			<trkpt lat="46.687590" lon="12.460307">
				<ele>2634.000000</ele>
			</trkpt>
			<trkpt lat="46.687633" lon="12.460396">
				<ele>2637.000000</ele>
			</trkpt>
			<trkpt lat="46.687590" lon="12.460433">
				<ele>2638.000000</ele>
			</trkpt>
			<trkpt lat="46.687522" lon="12.460504">
				<ele>2640.000000</ele>
			</trkpt>
			<trkpt lat="46.687510" lon="12.460612">
				<ele>2638.000000</ele>
			</trkpt>
			<trkpt lat="46.687472" lon="12.460729">
				<ele>2635.000000</ele>
			</trkpt>
			<trkpt lat="46.687479" lon="12.460890">
				<ele>2632.000000</ele>
			</trkpt>
			<trkpt lat="46.687460" lon="12.461169">
				<ele>2625.000000</ele>
			</trkpt>
			<trkpt lat="46.687503" lon="12.461278">
				<ele>2622.000000</ele>
			</trkpt>
			<trkpt lat="46.687319" lon="12.461628">
				<ele>2612.000000</ele>
			</trkpt>
			<trkpt lat="46.687244" lon="12.461744">
				<ele>2609.000000</ele>
			</trkpt>
			<trkpt lat="46.687195" lon="12.461878">
				<ele>2607.000000</ele>
			</trkpt>
			<trkpt lat="46.687054" lon="12.462041">
				<ele>2604.000000</ele>
			</trkpt>
			<trkpt lat="46.687004" lon="12.462194">
				<ele>2602.000000</ele>
			</trkpt>
			<trkpt lat="46.686967" lon="12.462238">
				<ele>2601.000000</ele>
			</trkpt>
			<trkpt lat="46.686924" lon="12.462373">
				<ele>2600.000000</ele>
			</trkpt>
			<trkpt lat="46.686850" lon="12.462427">
				<ele>2600.000000</ele>
			</trkpt>
			<trkpt lat="46.686875" lon="12.462561">
				<ele>2600.000000</ele>
			</trkpt>
			<trkpt lat="46.686850" lon="12.462687">
				<ele>2600.000000</ele>
			</trkpt>
			<trkpt lat="46.686863" lon="12.462786">
				<ele>2600.000000</ele>
			</trkpt>
			<trkpt lat="46.686894" lon="12.462831">
				<ele>2600.000000</ele>
			</trkpt>
			<trkpt lat="46.686936" lon="12.462867">
				<ele>2600.000000</ele>
			</trkpt>
			<trkpt lat="46.686949" lon="12.463064">
				<ele>2600.000000</ele>
			</trkpt>
			<trkpt lat="46.686924" lon="12.463146">
				<ele>2600.000000</ele>
			</trkpt>
			<trkpt lat="46.686943" lon="12.463244">
				<ele>2600.000000</ele>
			</trkpt>
			<trkpt lat="46.686961" lon="12.463333">
				<ele>2600.000000</ele>
			</trkpt>
			<trkpt lat="46.686955" lon="12.463396">
				<ele>2600.000000</ele>
			</trkpt>
			<trkpt lat="46.686930" lon="12.463433">
				<ele>2600.000000</ele>
			</trkpt>
			<trkpt lat="46.686943" lon="12.463486">
				<ele>2600.000000</ele>
			</trkpt>
			<trkpt lat="46.686900" lon="12.463685">
				<ele>2600.000000</ele>
			</trkpt>
			<trkpt lat="46.686918" lon="12.463765">
				<ele>2600.000000</ele>
			</trkpt>
			<trkpt lat="46.686906" lon="12.463819">
				<ele>2600.000000</ele>
			</trkpt>
			<trkpt lat="46.686912" lon="12.463928">
				<ele>2600.000000</ele>
			</trkpt>
			<trkpt lat="46.686936" lon="12.463954">
				<ele>2600.000000</ele>
			</trkpt>
			<trkpt lat="46.686943" lon="12.464044">
				<ele>2600.000000</ele>
			</trkpt>
			<trkpt lat="46.686955" lon="12.464062">
				<ele>2600.000000</ele>
			</trkpt>
			<trkpt lat="46.686985" lon="12.464071">
				<ele>2600.000000</ele>
			</trkpt>
			<trkpt lat="46.686967" lon="12.464125">
				<ele>2600.000000</ele>
			</trkpt>
			<trkpt lat="46.686979" lon="12.464134">
				<ele>2600.000000</ele>
			</trkpt>
			<trkpt lat="46.686992" lon="12.464161">
				<ele>2600.000000</ele>
			</trkpt>
			<trkpt lat="46.686992" lon="12.464205">
				<ele>2600.000000</ele>
			</trkpt>
			<trkpt lat="46.686973" lon="12.464278">
				<ele>2600.000000</ele>
			</trkpt>
			<trkpt lat="46.686967" lon="12.464502">
				<ele>2600.000000</ele>
			</trkpt>
			<trkpt lat="46.686949" lon="12.464645">
				<ele>2600.000000</ele>
			</trkpt>
			<trkpt lat="46.686955" lon="12.464790">
				<ele>2600.000000</ele>
			</trkpt>
			<trkpt lat="46.686985" lon="12.464844">
				<ele>2600.000000</ele>
			</trkpt>
			<trkpt lat="46.686955" lon="12.465014">
				<ele>2600.000000</ele>
			</trkpt>
			<trkpt lat="46.686930" lon="12.465149">
				<ele>2600.000000</ele>
			</trkpt>
			<trkpt lat="46.686912" lon="12.465203">
				<ele>2600.000000</ele>
			</trkpt>
			<trkpt lat="46.686912" lon="12.465247">
				<ele>2600.000000</ele>
			</trkpt>
			<trkpt lat="46.686936" lon="12.465257">
				<ele>2600.000000</ele>
			</trkpt>
			<trkpt lat="46.686973" lon="12.465293">
				<ele>2600.000000</ele>
			</trkpt>
			<trkpt lat="46.686998" lon="12.465310">
				<ele>2600.000000</ele>
			</trkpt>
			<trkpt lat="46.686998" lon="12.465328">
				<ele>2600.000000</ele>
			</trkpt>
			<trkpt lat="46.686930" lon="12.465409">
				<ele>2600.000000</ele>
			</trkpt>
			<trkpt lat="46.686930" lon="12.465454">
				<ele>2600.000000</ele>
			</trkpt>
			<trkpt lat="46.687060" lon="12.465813">
				<ele>2606.000000</ele>
			</trkpt>
			<trkpt lat="46.687115" lon="12.465903">
				<ele>2608.000000</ele>
			</trkpt>
			<trkpt lat="46.687146" lon="12.466029">
				<ele>2610.000000</ele>
			</trkpt>
			<trkpt lat="46.687195" lon="12.466128">
				<ele>2611.000000</ele>
			</trkpt>
			<trkpt lat="46.687183" lon="12.466191">
				<ele>2612.000000</ele>
			</trkpt>
			<trkpt lat="46.687201" lon="12.466209">
				<ele>2612.000000</ele>
			</trkpt>
			<trkpt lat="46.687207" lon="12.466280">
				<ele>2613.000000</ele>
			</trkpt>
			<trkpt lat="46.687263" lon="12.466398">
				<ele>2614.000000</ele>
			</trkpt>
			<trkpt lat="46.687312" lon="12.466532">
				<ele>2615.000000</ele>
			</trkpt>
			<trkpt lat="46.687319" lon="12.466685">
				<ele>2617.000000</ele>
			</trkpt>
			<trkpt lat="46.687312" lon="12.466748">
				<ele>2617.000000</ele>
			</trkpt>
			<trkpt lat="46.687337" lon="12.466874">
				<ele>2618.000000</ele>
			</trkpt>
			<trkpt lat="46.687343" lon="12.466999">
				<ele>2619.000000</ele>
			</trkpt>
			<trkpt lat="46.687380" lon="12.467115">
				<ele>2622.000000</ele>
			</trkpt>
			<trkpt lat="46.687386" lon="12.467178">
				<ele>2623.000000</ele>
			</trkpt>
			<trkpt lat="46.687368" lon="12.467215">
				<ele>2624.000000</ele>
			</trkpt>
			<trkpt lat="46.687362" lon="12.467278">
				<ele>2626.000000</ele>
			</trkpt>
			<trkpt lat="46.687362" lon="12.467295">
				<ele>2626.000000</ele>
			</trkpt>
			<trkpt lat="46.687398" lon="12.467394">
				<ele>2629.000000</ele>
			</trkpt>
			<trkpt lat="46.687392" lon="12.467520">
				<ele>2632.000000</ele>
			</trkpt>
			<trkpt lat="46.687417" lon="12.467591">
				<ele>2633.000000</ele>
			</trkpt>
			<trkpt lat="46.687441" lon="12.467637">
				<ele>2634.000000</ele>
			</trkpt>
			<trkpt lat="46.687460" lon="12.467691">
				<ele>2635.000000</ele>
			</trkpt>
			<trkpt lat="46.687448" lon="12.467771">
				<ele>2636.000000</ele>
			</trkpt>
			<trkpt lat="46.687398" lon="12.467861">
				<ele>2638.000000</ele>
			</trkpt>
			<trkpt lat="46.687398" lon="12.467907">
				<ele>2639.000000</ele>
			</trkpt>
			<trkpt lat="46.687398" lon="12.467970">
				<ele>2640.000000</ele>
			</trkpt>
			<trkpt lat="46.687454" lon="12.468104">
				<ele>2640.000000</ele>
			</trkpt>
			<trkpt lat="46.687479" lon="12.468186">
				<ele>2640.000000</ele>
			</trkpt>
			<trkpt lat="46.687485" lon="12.468247">
				<ele>2640.000000</ele>
			</trkpt>
			<trkpt lat="46.687516" lon="12.468283">
				<ele>2640.000000</ele>
			</trkpt>
			<trkpt lat="46.687553" lon="12.468310">
				<ele>2640.000000</ele>
			</trkpt>
			<trkpt lat="46.687565" lon="12.468365">
				<ele>2643.000000</ele>
			</trkpt>
			<trkpt lat="46.687553" lon="12.468400">
				<ele>2645.000000</ele>
			</trkpt>
			<trkpt lat="46.687510" lon="12.468482">
				<ele>2650.000000</ele>
			</trkpt>
			<trkpt lat="46.687491" lon="12.468526">
				<ele>2650.000000</ele>
			</trkpt>
			<trkpt lat="46.687485" lon="12.468580">
				<ele>2650.000000</ele>
			</trkpt>
			<trkpt lat="46.687485" lon="12.468697">
				<ele>2650.000000</ele>
			</trkpt>
			<trkpt lat="46.687479" lon="12.468832">
				<ele>2653.000000</ele>
			</trkpt>
			<trkpt lat="46.687485" lon="12.468876">
				<ele>2654.000000</ele>
			</trkpt>
			<trkpt lat="46.687479" lon="12.468895">
				<ele>2654.000000</ele>
			</trkpt>
			<trkpt lat="46.687435" lon="12.468912">
				<ele>2656.000000</ele>
			</trkpt>
			<trkpt lat="46.687423" lon="12.468985">
				<ele>2657.000000</ele>
			</trkpt>
			<trkpt lat="46.687405" lon="12.469002">
				<ele>2658.000000</ele>
			</trkpt>
			<trkpt lat="46.687380" lon="12.468975">
				<ele>2659.000000</ele>
			</trkpt>
			<trkpt lat="46.687356" lon="12.468985">
				<ele>2660.000000</ele>
			</trkpt>
			<trkpt lat="46.687350" lon="12.468993">
				<ele>2660.000000</ele>
			</trkpt>
			<trkpt lat="46.687337" lon="12.469065">
				<ele>2659.000000</ele>
			</trkpt>
			<trkpt lat="46.687300" lon="12.469182">
				<ele>2657.000000</ele>
			</trkpt>
			<trkpt lat="46.687294" lon="12.469199">
				<ele>2657.000000</ele>
			</trkpt>
			<trkpt lat="46.687213" lon="12.469352">
				<ele>2652.000000</ele>
			</trkpt>
			<trkpt lat="46.687140" lon="12.469478">
				<ele>2649.000000</ele>
			</trkpt>
			<trkpt lat="46.687134" lon="12.469532">
				<ele>2648.000000</ele>
			</trkpt>
			<trkpt lat="46.687115" lon="12.469568">
				<ele>2648.000000</ele>
			</trkpt>
			<trkpt lat="46.687097" lon="12.469604">
				<ele>2647.000000</ele>
			</trkpt>
			<trkpt lat="46.687078" lon="12.469784">
				<ele>2645.000000</ele>
			</trkpt>
			<trkpt lat="46.687041" lon="12.469855">
				<ele>2644.000000</ele>
			</trkpt>
			<trkpt lat="46.687035" lon="12.469883">
				<ele>2643.000000</ele>
			</trkpt>
			<trkpt lat="46.687004" lon="12.470027">
				<ele>2641.000000</ele>
			</trkpt>
			<trkpt lat="46.686985" lon="12.470188">
				<ele>2639.000000</ele>
			</trkpt>
			<trkpt lat="46.686967" lon="12.470331">
				<ele>2637.000000</ele>
			</trkpt>
			<trkpt lat="46.686967" lon="12.470494">
				<ele>2635.000000</ele>
			</trkpt>
			<trkpt lat="46.686949" lon="12.470530">
				<ele>2634.000000</ele>
			</trkpt>
			<trkpt lat="46.686912" lon="12.470574">
				<ele>2634.000000</ele>
			</trkpt>
			<trkpt lat="46.686869" lon="12.470673">
				<ele>2632.000000</ele>
			</trkpt>
			<trkpt lat="46.686850" lon="12.470700">
				<ele>2631.000000</ele>
			</trkpt>
			<trkpt lat="46.686838" lon="12.470754">
				<ele>2631.000000</ele>
			</trkpt>
			<trkpt lat="46.686825" lon="12.470781">
				<ele>2630.000000</ele>
			</trkpt>
			<trkpt lat="46.686825" lon="12.470790">
				<ele>2630.000000</ele>
			</trkpt>
			<trkpt lat="46.686813" lon="12.470817">
				<ele>2629.000000</ele>
			</trkpt>
			<trkpt lat="46.686770" lon="12.470870">
				<ele>2627.000000</ele>
			</trkpt>
			<trkpt lat="46.686739" lon="12.470916">
				<ele>2626.000000</ele>
			</trkpt>
			<trkpt lat="46.686733" lon="12.470970">
				<ele>2624.000000</ele>
			</trkpt>
			<trkpt lat="46.686733" lon="12.470987">
				<ele>2624.000000</ele>
			</trkpt>
			<trkpt lat="46.686733" lon="12.471123">
				<ele>2620.000000</ele>
			</trkpt>
			<trkpt lat="46.686745" lon="12.471140">
				<ele>2620.000000</ele>
			</trkpt>
			<trkpt lat="46.686745" lon="12.471212">
				<ele>2620.000000</ele>
			</trkpt>
			<trkpt lat="46.686739" lon="12.471436">
				<ele>2619.000000</ele>
			</trkpt>
			<trkpt lat="46.686801" lon="12.471662">
				<ele>2618.000000</ele>
			</trkpt>
			<trkpt lat="46.686776" lon="12.471949">
				<ele>2618.000000</ele>
			</trkpt>
			<trkpt lat="46.686788" lon="12.472209">
				<ele>2617.000000</ele>
			</trkpt>
			<trkpt lat="46.686733" lon="12.472415">
				<ele>2616.000000</ele>
			</trkpt>
			<trkpt lat="46.686757" lon="12.472541">
				<ele>2616.000000</ele>
			</trkpt>
			<trkpt lat="46.686801" lon="12.472605">
				<ele>2616.000000</ele>
			</trkpt>
			<trkpt lat="46.686776" lon="12.472658">
				<ele>2616.000000</ele>
			</trkpt>
			<trkpt lat="46.686795" lon="12.472712">
				<ele>2616.000000</ele>
			</trkpt>
			<trkpt lat="46.686770" lon="12.472811">
				<ele>2615.000000</ele>
			</trkpt>
			<trkpt lat="46.686733" lon="12.472874">
				<ele>2615.000000</ele>
			</trkpt>
			<trkpt lat="46.686721" lon="12.472928">
				<ele>2615.000000</ele>
			</trkpt>
			<trkpt lat="46.686757" lon="12.473000">
				<ele>2615.000000</ele>
			</trkpt>
			<trkpt lat="46.686739" lon="12.473063">
				<ele>2614.000000</ele>
			</trkpt>
			<trkpt lat="46.686757" lon="12.473189">
				<ele>2614.000000</ele>
			</trkpt>
			<trkpt lat="46.686782" lon="12.473278">
				<ele>2614.000000</ele>
			</trkpt>
			<trkpt lat="46.686813" lon="12.473306">
				<ele>2614.000000</ele>
			</trkpt>
			<trkpt lat="46.686838" lon="12.473306">
				<ele>2614.000000</ele>
			</trkpt>
			<trkpt lat="46.686869" lon="12.473314">
				<ele>2614.000000</ele>
			</trkpt>
			<trkpt lat="46.686881" lon="12.473360">
				<ele>2613.000000</ele>
			</trkpt>
			<trkpt lat="46.686875" lon="12.473423">
				<ele>2613.000000</ele>
			</trkpt>
			<trkpt lat="46.686881" lon="12.473486">
				<ele>2613.000000</ele>
			</trkpt>
			<trkpt lat="46.686887" lon="12.473520">
				<ele>2613.000000</ele>
			</trkpt>
			<trkpt lat="46.686894" lon="12.473584">
				<ele>2613.000000</ele>
			</trkpt>
			<trkpt lat="46.686924" lon="12.473629">
				<ele>2613.000000</ele>
			</trkpt>
			<trkpt lat="46.686930" lon="12.473692">
				<ele>2613.000000</ele>
			</trkpt>
			<trkpt lat="46.686924" lon="12.473754">
				<ele>2612.000000</ele>
			</trkpt>
			<trkpt lat="46.686930" lon="12.473853">
				<ele>2612.000000</ele>
			</trkpt>
			<trkpt lat="46.686918" lon="12.473934">
				<ele>2612.000000</ele>
			</trkpt>
			<trkpt lat="46.686887" lon="12.474033">
				<ele>2612.000000</ele>
			</trkpt>
			<trkpt lat="46.686825" lon="12.474203">
				<ele>2611.000000</ele>
			</trkpt>
			<trkpt lat="46.686751" lon="12.474365">
				<ele>2611.000000</ele>
			</trkpt>
			<trkpt lat="46.686597" lon="12.474589">
				<ele>2610.000000</ele>
			</trkpt>
			<trkpt lat="46.686548" lon="12.474679">
				<ele>2609.000000</ele>
			</trkpt>
			<trkpt lat="46.686505" lon="12.474689">
				<ele>2608.000000</ele>
			</trkpt>
			<trkpt lat="46.686474" lon="12.474761">
				<ele>2607.000000</ele>
			</trkpt>
			<trkpt lat="46.686450" lon="12.474859">
				<ele>2607.000000</ele>
			</trkpt>
			<trkpt lat="46.686295" lon="12.475102">
				<ele>2604.000000</ele>
			</trkpt>
			<trkpt lat="46.686253" lon="12.475147">
				<ele>2603.000000</ele>
			</trkpt>
			<trkpt lat="46.686234" lon="12.475147">
				<ele>2603.000000</ele>
			</trkpt>
			<trkpt lat="46.686210" lon="12.475192">
				<ele>2602.000000</ele>
			</trkpt>
			<trkpt lat="46.686172" lon="12.475210">
				<ele>2602.000000</ele>
			</trkpt>
			<trkpt lat="46.686203" lon="12.475245">
				<ele>2601.000000</ele>
			</trkpt>
			<trkpt lat="46.686141" lon="12.475344">
				<ele>2600.000000</ele>
			</trkpt>
			<trkpt lat="46.686049" lon="12.475480">
				<ele>2599.000000</ele>
			</trkpt>
			<trkpt lat="46.685957" lon="12.475641">
				<ele>2597.000000</ele>
			</trkpt>
			<trkpt lat="46.685852" lon="12.475794">
				<ele>2595.000000</ele>
			</trkpt>
			<trkpt lat="46.685821" lon="12.475820">
				<ele>2595.000000</ele>
			</trkpt>
			<trkpt lat="46.685772" lon="12.475910">
				<ele>2594.000000</ele>
			</trkpt>
			<trkpt lat="46.685753" lon="12.475964">
				<ele>2594.000000</ele>
			</trkpt>
			<trkpt lat="46.685722" lon="12.476036">
				<ele>2593.000000</ele>
			</trkpt>
			<trkpt lat="46.685692" lon="12.476099">
				<ele>2592.000000</ele>
			</trkpt>
			<trkpt lat="46.685679" lon="12.476136">
				<ele>2592.000000</ele>
			</trkpt>
			<trkpt lat="46.685617" lon="12.476171">
				<ele>2591.000000</ele>
			</trkpt>
			<trkpt lat="46.685593" lon="12.476216">
				<ele>2591.000000</ele>
			</trkpt>
			<trkpt lat="46.685569" lon="12.476234">
				<ele>2590.000000</ele>
			</trkpt>
			<trkpt lat="46.685563" lon="12.476287">
				<ele>2590.000000</ele>
			</trkpt>
			<trkpt lat="46.685519" lon="12.476297">
				<ele>2590.000000</ele>
			</trkpt>
			<trkpt lat="46.685494" lon="12.476342">
				<ele>2590.000000</ele>
			</trkpt>
			<trkpt lat="46.685451" lon="12.476350">
				<ele>2590.000000</ele>
			</trkpt>
			<trkpt lat="46.685408" lon="12.476405">
				<ele>2590.000000</ele>
			</trkpt>
			<trkpt lat="46.685347" lon="12.476423">
				<ele>2590.000000</ele>
			</trkpt>
			<trkpt lat="46.685328" lon="12.476449">
				<ele>2590.000000</ele>
			</trkpt>
			<trkpt lat="46.685310" lon="12.476459">
				<ele>2590.000000</ele>
			</trkpt>
			<trkpt lat="46.685285" lon="12.476467">
				<ele>2590.000000</ele>
			</trkpt>
			<trkpt lat="46.685266" lon="12.476467">
				<ele>2590.000000</ele>
			</trkpt>
			<trkpt lat="46.685242" lon="12.476494">
				<ele>2590.000000</ele>
			</trkpt>
			<trkpt lat="46.685229" lon="12.476503">
				<ele>2590.000000</ele>
			</trkpt>
			<trkpt lat="46.685211" lon="12.476512">
				<ele>2590.000000</ele>
			</trkpt>
			<trkpt lat="46.685205" lon="12.476593">
				<ele>2590.000000</ele>
			</trkpt>
			<trkpt lat="46.685211" lon="12.476620">
				<ele>2590.000000</ele>
			</trkpt>
			<trkpt lat="46.685211" lon="12.476656">
				<ele>2590.000000</ele>
			</trkpt>
			<trkpt lat="46.685198" lon="12.476773">
				<ele>2590.000000</ele>
			</trkpt>
			<trkpt lat="46.685180" lon="12.476799">
				<ele>2590.000000</ele>
			</trkpt>
			<trkpt lat="46.685174" lon="12.476826">
				<ele>2590.000000</ele>
			</trkpt>
			<trkpt lat="46.685162" lon="12.476872">
				<ele>2590.000000</ele>
			</trkpt>
			<trkpt lat="46.685149" lon="12.476916">
				<ele>2590.000000</ele>
			</trkpt>
			<trkpt lat="46.685149" lon="12.476952">
				<ele>2590.000000</ele>
			</trkpt>
			<trkpt lat="46.685162" lon="12.477025">
				<ele>2590.000000</ele>
			</trkpt>
			<trkpt lat="46.685149" lon="12.477088">
				<ele>2590.000000</ele>
			</trkpt>
			<trkpt lat="46.685113" lon="12.477115">
				<ele>2589.000000</ele>
			</trkpt>
			<trkpt lat="46.685094" lon="12.477159">
				<ele>2588.000000</ele>
			</trkpt>
			<trkpt lat="46.685063" lon="12.477205">
				<ele>2587.000000</ele>
			</trkpt>
			<trkpt lat="46.685051" lon="12.477222">
				<ele>2587.000000</ele>
			</trkpt>
			<trkpt lat="46.685032" lon="12.477249">
				<ele>2586.000000</ele>
			</trkpt>
			<trkpt lat="46.685026" lon="12.477302">
				<ele>2585.000000</ele>
			</trkpt>
			<trkpt lat="46.685001" lon="12.477329">
				<ele>2584.000000</ele>
			</trkpt>
			<trkpt lat="46.684995" lon="12.477348">
				<ele>2584.000000</ele>
			</trkpt>
			<trkpt lat="46.684964" lon="12.477438">
				<ele>2583.000000</ele>
			</trkpt>
			<trkpt lat="46.684915" lon="12.477455">
				<ele>2582.000000</ele>
			</trkpt>
			<trkpt lat="46.684891" lon="12.477482">
				<ele>2581.000000</ele>
			</trkpt>
			<trkpt lat="46.684878" lon="12.477491">
				<ele>2580.000000</ele>
			</trkpt>
			<trkpt lat="46.684872" lon="12.477509">
				<ele>2580.000000</ele>
			</trkpt>
			<trkpt lat="46.684878" lon="12.477528">
				<ele>2580.000000</ele>
			</trkpt>
			<trkpt lat="46.684878" lon="12.477545">
				<ele>2580.000000</ele>
			</trkpt>
			<trkpt lat="46.684860" lon="12.477564">
				<ele>2579.000000</ele>
			</trkpt>
			<trkpt lat="46.684835" lon="12.477572">
				<ele>2579.000000</ele>
			</trkpt>
			<trkpt lat="46.684804" lon="12.477599">
				<ele>2578.000000</ele>
			</trkpt>
			<trkpt lat="46.684779" lon="12.477626">
				<ele>2578.000000</ele>
			</trkpt>
			<trkpt lat="46.684742" lon="12.477654">
				<ele>2577.000000</ele>
			</trkpt>
			<trkpt lat="46.684718" lon="12.477707">
				<ele>2576.000000</ele>
			</trkpt>
			<trkpt lat="46.684706" lon="12.477744">
				<ele>2575.000000</ele>
			</trkpt>
			<trkpt lat="46.684687" lon="12.477788">
				<ele>2575.000000</ele>
			</trkpt>
			<trkpt lat="46.684663" lon="12.477824">
				<ele>2574.000000</ele>
			</trkpt>
			<trkpt lat="46.684638" lon="12.477815">
				<ele>2574.000000</ele>
			</trkpt>
			<trkpt lat="46.684619" lon="12.477860">
				<ele>2573.000000</ele>
			</trkpt>
			<trkpt lat="46.684607" lon="12.477887">
				<ele>2573.000000</ele>
			</trkpt>
			<trkpt lat="46.684595" lon="12.477905">
				<ele>2572.000000</ele>
			</trkpt>
			<trkpt lat="46.684570" lon="12.477905">
				<ele>2572.000000</ele>
			</trkpt>
			<trkpt lat="46.684558" lon="12.477895">
				<ele>2572.000000</ele>
			</trkpt>
			<trkpt lat="46.684551" lon="12.477860">
				<ele>2571.000000</ele>
			</trkpt>
			<trkpt lat="46.684508" lon="12.477815">
				<ele>2570.000000</ele>
			</trkpt>
			<trkpt lat="46.684472" lon="12.477788">
				<ele>2569.000000</ele>
			</trkpt>
			<trkpt lat="46.684429" lon="12.477770">
				<ele>2569.000000</ele>
			</trkpt>
			<trkpt lat="46.684404" lon="12.477715">
				<ele>2568.000000</ele>
			</trkpt>
			<trkpt lat="46.684379" lon="12.477644">
				<ele>2567.000000</ele>
			</trkpt>
			<trkpt lat="46.684379" lon="12.477618">
				<ele>2567.000000</ele>
			</trkpt>
			<trkpt lat="46.684348" lon="12.477608">
				<ele>2566.000000</ele>
			</trkpt>
			<trkpt lat="46.684305" lon="12.477618">
				<ele>2565.000000</ele>
			</trkpt>
			<trkpt lat="46.684274" lon="12.477599">
				<ele>2565.000000</ele>
			</trkpt>
			<trkpt lat="46.684250" lon="12.477555">
				<ele>2564.000000</ele>
			</trkpt>
			<trkpt lat="46.684219" lon="12.477536">
				<ele>2563.000000</ele>
			</trkpt>
			<trkpt lat="46.684182" lon="12.477509">
				<ele>2563.000000</ele>
			</trkpt>
			<trkpt lat="46.684139" lon="12.477501">
				<ele>2562.000000</ele>
			</trkpt>
			<trkpt lat="46.684095" lon="12.477455">
				<ele>2561.000000</ele>
			</trkpt>
			<trkpt lat="46.684071" lon="12.477438">
				<ele>2560.000000</ele>
			</trkpt>
			<trkpt lat="46.684052" lon="12.477411">
				<ele>2560.000000</ele>
			</trkpt>
			<trkpt lat="46.684034" lon="12.477392">
				<ele>2560.000000</ele>
			</trkpt>
			<trkpt lat="46.683985" lon="12.477384">
				<ele>2559.000000</ele>
			</trkpt>
			<trkpt lat="46.683929" lon="12.477402">
				<ele>2558.000000</ele>
			</trkpt>
			<trkpt lat="46.683892" lon="12.477411">
				<ele>2557.000000</ele>
			</trkpt>
			<trkpt lat="46.683849" lon="12.477411">
				<ele>2556.000000</ele>
			</trkpt>
			<trkpt lat="46.683818" lon="12.477428">
				<ele>2556.000000</ele>
			</trkpt>
			<trkpt lat="46.683794" lon="12.477465">
				<ele>2555.000000</ele>
			</trkpt>
			<trkpt lat="46.683732" lon="12.477491">
				<ele>2554.000000</ele>
			</trkpt>
			<trkpt lat="46.683695" lon="12.477509">
				<ele>2553.000000</ele>
			</trkpt>
			<trkpt lat="46.683645" lon="12.477536">
				<ele>2552.000000</ele>
			</trkpt>
			<trkpt lat="46.683615" lon="12.477618">
				<ele>2551.000000</ele>
			</trkpt>
			<trkpt lat="46.683615" lon="12.477654">
				<ele>2551.000000</ele>
			</trkpt>
			<trkpt lat="46.683639" lon="12.477707">
				<ele>2550.000000</ele>
			</trkpt>
			<trkpt lat="46.683788" lon="12.477761">
				<ele>2546.000000</ele>
			</trkpt>
			<trkpt lat="46.683898" lon="12.477744">
				<ele>2544.000000</ele>
			</trkpt>
			<trkpt lat="46.683898" lon="12.477778">
				<ele>2543.000000</ele>
			</trkpt>
			<trkpt lat="46.683843" lon="12.477851">
				<ele>2541.000000</ele>
			</trkpt>
			<trkpt lat="46.683855" lon="12.477923">
				<ele>2540.000000</ele>
			</trkpt>
			<trkpt lat="46.683824" lon="12.477968">
				<ele>2538.000000</ele>
			</trkpt>
			<trkpt lat="46.683824" lon="12.478004">
				<ele>2537.000000</ele>
			</trkpt>
			<trkpt lat="46.683824" lon="12.478102">
				<ele>2535.000000</ele>
			</trkpt>
			<trkpt lat="46.683800" lon="12.478084">
				<ele>2534.000000</ele>
			</trkpt>
			<trkpt lat="46.683720" lon="12.478174">
				<ele>2530.000000</ele>
			</trkpt>
			<trkpt lat="46.683713" lon="12.478210">
				<ele>2529.000000</ele>
			</trkpt>
			<trkpt lat="46.683837" lon="12.478300">
				<ele>2524.000000</ele>
			</trkpt>
			<trkpt lat="46.683782" lon="12.478344">
				<ele>2521.000000</ele>
			</trkpt>
			<trkpt lat="46.683782" lon="12.478381">
				<ele>2520.000000</ele>
			</trkpt>
			<trkpt lat="46.683738" lon="12.478480">
				<ele>2516.000000</ele>
			</trkpt>
			<trkpt lat="46.683744" lon="12.478543">
				<ele>2514.000000</ele>
			</trkpt>
			<trkpt lat="46.683689" lon="12.478597">
				<ele>2510.000000</ele>
			</trkpt>
			<trkpt lat="46.683670" lon="12.478668">
				<ele>2509.000000</ele>
			</trkpt>
			<trkpt lat="46.683566" lon="12.478830">
				<ele>2505.000000</ele>
			</trkpt>
			<trkpt lat="46.683590" lon="12.478830">
				<ele>2504.000000</ele>
			</trkpt>
			<trkpt lat="46.683566" lon="12.478884">
				<ele>2503.000000</ele>
			</trkpt>
			<trkpt lat="46.683547" lon="12.479063">
				<ele>2500.000000</ele>
			</trkpt>
			<trkpt lat="46.683596" lon="12.479270">
				<ele>2495.000000</ele>
			</trkpt>
			<trkpt lat="46.683609" lon="12.479495">
				<ele>2489.000000</ele>
			</trkpt>
			<trkpt lat="46.683695" lon="12.479602">
				<ele>2485.000000</ele>
			</trkpt>
			<trkpt lat="46.683713" lon="12.479656">
				<ele>2484.000000</ele>
			</trkpt>
			<trkpt lat="46.683726" lon="12.479692">
				<ele>2483.000000</ele>
			</trkpt>
			<trkpt lat="46.683886" lon="12.480195">
				<ele>2472.000000</ele>
			</trkpt>
			<trkpt lat="46.683948" lon="12.480312">
				<ele>2470.000000</ele>
			</trkpt>
			<trkpt lat="46.683972" lon="12.480420">
				<ele>2468.000000</ele>
			</trkpt>
			<trkpt lat="46.684022" lon="12.480465">
				<ele>2467.000000</ele>
			</trkpt>
			<trkpt lat="46.684083" lon="12.480671">
				<ele>2464.000000</ele>
			</trkpt>
			<trkpt lat="46.684139" lon="12.480752">
				<ele>2462.000000</ele>
			</trkpt>
			<trkpt lat="46.684188" lon="12.480950">
				<ele>2459.000000</ele>
			</trkpt>
			<trkpt lat="46.684280" lon="12.480994">
				<ele>2457.000000</ele>
			</trkpt>
			<trkpt lat="46.684398" lon="12.481013">
				<ele>2455.000000</ele>
			</trkpt>
			<trkpt lat="46.684453" lon="12.481049">
				<ele>2454.000000</ele>
			</trkpt>
			<trkpt lat="46.684502" lon="12.481139">
				<ele>2452.000000</ele>
			</trkpt>
			<trkpt lat="46.684650" lon="12.481291">
				<ele>2447.000000</ele>
			</trkpt>
			<trkpt lat="46.684724" lon="12.481552">
				<ele>2440.000000</ele>
			</trkpt>
			<trkpt lat="46.684792" lon="12.481650">
				<ele>2438.000000</ele>
			</trkpt>
			<trkpt lat="46.684841" lon="12.481740">
				<ele>2436.000000</ele>
			</trkpt>
			<trkpt lat="46.684940" lon="12.481830">
				<ele>2433.000000</ele>
			</trkpt>
			<trkpt lat="46.685026" lon="12.481992">
				<ele>2430.000000</ele>
			</trkpt>
			<trkpt lat="46.685119" lon="12.482126">
				<ele>2426.000000</ele>
			</trkpt>
			<trkpt lat="46.685143" lon="12.482333">
				<ele>2422.000000</ele>
			</trkpt>
			<trkpt lat="46.685168" lon="12.482468">
				<ele>2419.000000</ele>
			</trkpt>
			<trkpt lat="46.685155" lon="12.482594">
				<ele>2416.000000</ele>
			</trkpt>
			<trkpt lat="46.685094" lon="12.482755">
				<ele>2412.000000</ele>
			</trkpt>
			<trkpt lat="46.685020" lon="12.483258">
				<ele>2405.000000</ele>
			</trkpt>
			<trkpt lat="46.685014" lon="12.483367">
				<ele>2404.000000</ele>
			</trkpt>
			<trkpt lat="46.684989" lon="12.483501">
				<ele>2402.000000</ele>
			</trkpt>
			<trkpt lat="46.684934" lon="12.484013">
				<ele>2392.000000</ele>
			</trkpt>
			<trkpt lat="46.684903" lon="12.485019">
				<ele>2378.000000</ele>
			</trkpt>
			<trkpt lat="46.684897" lon="12.485342">
				<ele>2375.000000</ele>
			</trkpt>
			<trkpt lat="46.684878" lon="12.485845">
				<ele>2371.000000</ele>
			</trkpt>
			<trkpt lat="46.684891" lon="12.486034">
				<ele>2370.000000</ele>
			</trkpt>
			<trkpt lat="46.684897" lon="12.486331">
				<ele>2366.000000</ele>
			</trkpt>
			<trkpt lat="46.684921" lon="12.486466">
				<ele>2365.000000</ele>
			</trkpt>
			<trkpt lat="46.684903" lon="12.487076">
				<ele>2358.000000</ele>
			</trkpt>
			<trkpt lat="46.684903" lon="12.487292">
				<ele>2356.000000</ele>
			</trkpt>
			<trkpt lat="46.684983" lon="12.487633">
				<ele>2352.000000</ele>
			</trkpt>
			<trkpt lat="46.685001" lon="12.487778">
				<ele>2351.000000</ele>
			</trkpt>
			<trkpt lat="46.684995" lon="12.487921">
				<ele>2350.000000</ele>
			</trkpt>
			<trkpt lat="46.685063" lon="12.488334">
				<ele>2348.000000</ele>
			</trkpt>
			<trkpt lat="46.685045" lon="12.488675">
				<ele>2346.000000</ele>
			</trkpt>
			<trkpt lat="46.685063" lon="12.488801">
				<ele>2346.000000</ele>
			</trkpt>
			<trkpt lat="46.685113" lon="12.489250">
				<ele>2344.000000</ele>
			</trkpt>
			<trkpt lat="46.685094" lon="12.489403">
				<ele>2343.000000</ele>
			</trkpt>
			<trkpt lat="46.685113" lon="12.489556">
				<ele>2342.000000</ele>
			</trkpt>
			<trkpt lat="46.685113" lon="12.489709">
				<ele>2342.000000</ele>
			</trkpt>
			<trkpt lat="46.685131" lon="12.489780">
				<ele>2341.000000</ele>
			</trkpt>
			<trkpt lat="46.685143" lon="12.489879">
				<ele>2341.000000</ele>
			</trkpt>
			<trkpt lat="46.685100" lon="12.490103">
				<ele>2340.000000</ele>
			</trkpt>
			<trkpt lat="46.685100" lon="12.490185">
				<ele>2340.000000</ele>
			</trkpt>
			<trkpt lat="46.685088" lon="12.490302">
				<ele>2340.000000</ele>
			</trkpt>
			<trkpt lat="46.685100" lon="12.490436">
				<ele>2340.000000</ele>
			</trkpt>
			<trkpt lat="46.685113" lon="12.490535">
				<ele>2340.000000</ele>
			</trkpt>
			<trkpt lat="46.685106" lon="12.490616">
				<ele>2340.000000</ele>
			</trkpt>
			<trkpt lat="46.685106" lon="12.490724">
				<ele>2340.000000</ele>
			</trkpt>
			<trkpt lat="46.685119" lon="12.490822">
				<ele>2340.000000</ele>
			</trkpt>
			<trkpt lat="46.685088" lon="12.490868">
				<ele>2340.000000</ele>
			</trkpt>
			<trkpt lat="46.685051" lon="12.490939">
				<ele>2340.000000</ele>
			</trkpt>
			<trkpt lat="46.685020" lon="12.491281">
				<ele>2340.000000</ele>
			</trkpt>
			<trkpt lat="46.684995" lon="12.491478">
				<ele>2340.000000</ele>
			</trkpt>
			<trkpt lat="46.685020" lon="12.491650">
				<ele>2340.000000</ele>
			</trkpt>
			<trkpt lat="46.685063" lon="12.491774">
				<ele>2340.000000</ele>
			</trkpt>
			<trkpt lat="46.685076" lon="12.491900">
				<ele>2338.000000</ele>
			</trkpt>
			<trkpt lat="46.685131" lon="12.492044">
				<ele>2335.000000</ele>
			</trkpt>
			<trkpt lat="46.685149" lon="12.492063">
				<ele>2335.000000</ele>
			</trkpt>
			<trkpt lat="46.685155" lon="12.492107">
				<ele>2334.000000</ele>
			</trkpt>
			<trkpt lat="46.685106" lon="12.492187">
				<ele>2332.000000</ele>
			</trkpt>
			<trkpt lat="46.685113" lon="12.492242">
				<ele>2331.000000</ele>
			</trkpt>
			<trkpt lat="46.685100" lon="12.492323">
				<ele>2330.000000</ele>
			</trkpt>
			<trkpt lat="46.685069" lon="12.492386">
				<ele>2328.000000</ele>
			</trkpt>
			<trkpt lat="46.685045" lon="12.492449">
				<ele>2327.000000</ele>
			</trkpt>
			<trkpt lat="46.685045" lon="12.492539">
				<ele>2325.000000</ele>
			</trkpt>
			<trkpt lat="46.685069" lon="12.492556">
				<ele>2325.000000</ele>
			</trkpt>
			<trkpt lat="46.685137" lon="12.492556">
				<ele>2323.000000</ele>
			</trkpt>
			<trkpt lat="46.685149" lon="12.492592">
				<ele>2322.000000</ele>
			</trkpt>
			<trkpt lat="46.685088" lon="12.492673">
				<ele>2320.000000</ele>
			</trkpt>
			<trkpt lat="46.685076" lon="12.492726">
				<ele>2319.000000</ele>
			</trkpt>
			<trkpt lat="46.685082" lon="12.492772">
				<ele>2318.000000</ele>
			</trkpt>
			<trkpt lat="46.685001" lon="12.492862">
				<ele>2315.000000</ele>
			</trkpt>
			<trkpt lat="46.684854" lon="12.492988">
				<ele>2311.000000</ele>
			</trkpt>
			<trkpt lat="46.684792" lon="12.493042">
				<ele>2310.000000</ele>
			</trkpt>
			<trkpt lat="46.684761" lon="12.493113">
				<ele>2309.000000</ele>
			</trkpt>
			<trkpt lat="46.684607" lon="12.493149">
				<ele>2307.000000</ele>
			</trkpt>
			<trkpt lat="46.684508" lon="12.493248">
				<ele>2306.000000</ele>
			</trkpt>
			<trkpt lat="46.684465" lon="12.493266">
				<ele>2306.000000</ele>
			</trkpt>
			<trkpt lat="46.684453" lon="12.493365">
				<ele>2305.000000</ele>
			</trkpt>
			<trkpt lat="46.684435" lon="12.493445">
				<ele>2305.000000</ele>
			</trkpt>
			<trkpt lat="46.684398" lon="12.493535">
				<ele>2304.000000</ele>
			</trkpt>
			<trkpt lat="46.684342" lon="12.493608">
				<ele>2303.000000</ele>
			</trkpt>
			<trkpt lat="46.684207" lon="12.493760">
				<ele>2302.000000</ele>
			</trkpt>
			<trkpt lat="46.684182" lon="12.493795">
				<ele>2301.000000</ele>
			</trkpt>
			<trkpt lat="46.684201" lon="12.493858">
				<ele>2301.000000</ele>
			</trkpt>
			<trkpt lat="46.684207" lon="12.493958">
				<ele>2300.000000</ele>
			</trkpt>
			<trkpt lat="46.684176" lon="12.494003">
				<ele>2300.000000</ele>
			</trkpt>
			<trkpt lat="46.684132" lon="12.494030">
				<ele>2300.000000</ele>
			</trkpt>
			<trkpt lat="46.684108" lon="12.494047">
				<ele>2300.000000</ele>
			</trkpt>
			<trkpt lat="46.684095" lon="12.494084">
				<ele>2300.000000</ele>
			</trkpt>
			<trkpt lat="46.684120" lon="12.494191">
				<ele>2301.000000</ele>
			</trkpt>
			<trkpt lat="46.684139" lon="12.494218">
				<ele>2302.000000</ele>
			</trkpt>
			<trkpt lat="46.684132" lon="12.494524">
				<ele>2305.000000</ele>
			</trkpt>
			<trkpt lat="46.684095" lon="12.494694">
				<ele>2307.000000</ele>
			</trkpt>
			<trkpt lat="46.684077" lon="12.495063">
				<ele>2312.000000</ele>
			</trkpt>
			<trkpt lat="46.684108" lon="12.495313">
				<ele>2317.000000</ele>
			</trkpt>
			<trkpt lat="46.684188" lon="12.495655">
				<ele>2324.000000</ele>
			</trkpt>
			<trkpt lat="46.684194" lon="12.495763">
				<ele>2325.000000</ele>
			</trkpt>
			<trkpt lat="46.684256" lon="12.495952">
				<ele>2329.000000</ele>
			</trkpt>
			<trkpt lat="46.684244" lon="12.496105">
				<ele>2331.000000</ele>
			</trkpt>
			<trkpt lat="46.684182" lon="12.496239">
				<ele>2335.000000</ele>
			</trkpt>
			<trkpt lat="46.684114" lon="12.496347">
				<ele>2339.000000</ele>
			</trkpt>
			<trkpt lat="46.684016" lon="12.496571">
				<ele>2344.000000</ele>
			</trkpt>
			<trkpt lat="46.683948" lon="12.496787">
				<ele>2348.000000</ele>
			</trkpt>
			<trkpt lat="46.683923" lon="12.496931">
				<ele>2351.000000</ele>
			</trkpt>
			<trkpt lat="46.683744" lon="12.497129">
				<ele>2357.000000</ele>
			</trkpt>
			<trkpt lat="46.683523" lon="12.497254">
				<ele>2363.000000</ele>
			</trkpt>
			<trkpt lat="46.683498" lon="12.497254">
				<ele>2364.000000</ele>
			</trkpt>
			<trkpt lat="46.683467" lon="12.497066">
				<ele>2368.000000</ele>
			</trkpt>
			<trkpt lat="46.683436" lon="12.496994">
				<ele>2369.000000</ele>
			</trkpt>
			<trkpt lat="46.683344" lon="12.496967">
				<ele>2372.000000</ele>
			</trkpt>
			<trkpt lat="46.683307" lon="12.497021">
				<ele>2374.000000</ele>
			</trkpt>
			<trkpt lat="46.683307" lon="12.497120">
				<ele>2376.000000</ele>
			</trkpt>
			<trkpt lat="46.683245" lon="12.497200">
				<ele>2378.000000</ele>
			</trkpt>
			<trkpt lat="46.683177" lon="12.497246">
				<ele>2381.000000</ele>
			</trkpt>
			<trkpt lat="46.683153" lon="12.497191">
				<ele>2382.000000</ele>
			</trkpt>
			<trkpt lat="46.683110" lon="12.497219">
				<ele>2383.000000</ele>
			</trkpt>
			<trkpt lat="46.683085" lon="12.497300">
				<ele>2385.000000</ele>
			</trkpt>
			<trkpt lat="46.683104" lon="12.497407">
				<ele>2387.000000</ele>
			</trkpt>
			<trkpt lat="46.683036" lon="12.497542">
				<ele>2391.000000</ele>
			</trkpt>
			<trkpt lat="46.682980" lon="12.497730">
				<ele>2396.000000</ele>
			</trkpt>
			<trkpt lat="46.682623" lon="12.498368">
				<ele>2412.000000</ele>
			</trkpt>
			<trkpt lat="46.682579" lon="12.498548">
				<ele>2416.000000</ele>
			</trkpt>
			<trkpt lat="46.682542" lon="12.498575">
				<ele>2417.000000</ele>
			</trkpt>
			<trkpt lat="46.682475" lon="12.498440">
				<ele>2421.000000</ele>
			</trkpt>
			<trkpt lat="46.682536" lon="12.497910">
				<ele>2429.000000</ele>
			</trkpt>
			<trkpt lat="46.682518" lon="12.497856">
				<ele>2430.000000</ele>
			</trkpt>
			<trkpt lat="46.682407" lon="12.498072">
				<ele>2434.000000</ele>
			</trkpt>
			<trkpt lat="46.682333" lon="12.498143">
				<ele>2436.000000</ele>
			</trkpt>
			<trkpt lat="46.682265" lon="12.498288">
				<ele>2439.000000</ele>
			</trkpt>
			<trkpt lat="46.682167" lon="12.498440">
				<ele>2444.000000</ele>
			</trkpt>
			<trkpt lat="46.682043" lon="12.498566">
				<ele>2450.000000</ele>
			</trkpt>
			<trkpt lat="46.682013" lon="12.498529">
				<ele>2451.000000</ele>
			</trkpt>
			<trkpt lat="46.681963" lon="12.498495">
				<ele>2454.000000</ele>
			</trkpt>
			<trkpt lat="46.681994" lon="12.498315">
				<ele>2459.000000</ele>
			</trkpt>
			<trkpt lat="46.681982" lon="12.498279">
				<ele>2460.000000</ele>
			</trkpt>
			<trkpt lat="46.681895" lon="12.498332">
				<ele>2463.000000</ele>
			</trkpt>
			<trkpt lat="46.681828" lon="12.498449">
				<ele>2467.000000</ele>
			</trkpt>
			<trkpt lat="46.681581" lon="12.498682">
				<ele>2475.000000</ele>
			</trkpt>
			<trkpt lat="46.681501" lon="12.498682">
				<ele>2477.000000</ele>
			</trkpt>
			<trkpt lat="46.681267" lon="12.498629">
				<ele>2483.000000</ele>
			</trkpt>
			<trkpt lat="46.680977" lon="12.498592">
				<ele>2491.000000</ele>
			</trkpt>
			<trkpt lat="46.680879" lon="12.498647">
				<ele>2495.000000</ele>
			</trkpt>
			<trkpt lat="46.680706" lon="12.498638">
				<ele>2500.000000</ele>
			</trkpt>
			<trkpt lat="46.680669" lon="12.498629">
				<ele>2501.000000</ele>
			</trkpt>
			<trkpt lat="46.680589" lon="12.498611">
				<ele>2504.000000</ele>
			</trkpt>
			<trkpt lat="46.680521" lon="12.498539">
				<ele>2507.000000</ele>
			</trkpt>
			<trkpt lat="46.680447" lon="12.498584">
				<ele>2510.000000</ele>
			</trkpt>
			<trkpt lat="46.680256" lon="12.498575">
				<ele>2517.000000</ele>
			</trkpt>
			<trkpt lat="46.679991" lon="12.498485">
				<ele>2527.000000</ele>
			</trkpt>
			<trkpt lat="46.679726" lon="12.498440">
				<ele>2537.000000</ele>
			</trkpt>
			<trkpt lat="46.679504" lon="12.498512">
				<ele>2543.000000</ele>
			</trkpt>
			<trkpt lat="46.679369" lon="12.498539">
				<ele>2547.000000</ele>
			</trkpt>
			<trkpt lat="46.679054" lon="12.498548">
				<ele>2552.000000</ele>
			</trkpt>
			<trkpt lat="46.678968" lon="12.498495">
				<ele>2553.000000</ele>
			</trkpt>
			<trkpt lat="46.678549" lon="12.498566">
				<ele>2559.000000</ele>
			</trkpt>
			<trkpt lat="46.678327" lon="12.498682">
				<ele>2564.000000</ele>
			</trkpt>
			<trkpt lat="46.678038" lon="12.498818">
				<ele>2574.000000</ele>
			</trkpt>
			<trkpt lat="46.677970" lon="12.498818">
				<ele>2576.000000</ele>
			</trkpt>
			<trkpt lat="46.677908" lon="12.498952">
				<ele>2580.000000</ele>
			</trkpt>
			<trkpt lat="46.677871" lon="12.498997">
				<ele>2580.000000</ele>
			</trkpt>
			<trkpt lat="46.677816" lon="12.499060">
				<ele>2582.000000</ele>
			</trkpt>
			<trkpt lat="46.677748" lon="12.499195">
				<ele>2586.000000</ele>
			</trkpt>
			<trkpt lat="46.677791" lon="12.499294">
				<ele>2587.000000</ele>
			</trkpt>
			<trkpt lat="46.677871" lon="12.499347">
				<ele>2589.000000</ele>
			</trkpt>
			<trkpt lat="46.677920" lon="12.499401">
				<ele>2590.000000</ele>
			</trkpt>
			<trkpt lat="46.678007" lon="12.499428">
				<ele>2592.000000</ele>
			</trkpt>
			<trkpt lat="46.678129" lon="12.499537">
				<ele>2595.000000</ele>
			</trkpt>
			<trkpt lat="46.678235" lon="12.499698">
				<ele>2599.000000</ele>
			</trkpt>
			<trkpt lat="46.678302" lon="12.499860">
				<ele>2601.000000</ele>
			</trkpt>
			<trkpt lat="46.678389" lon="12.499923">
				<ele>2603.000000</ele>
			</trkpt>
			<trkpt lat="46.678524" lon="12.500200">
				<ele>2608.000000</ele>
			</trkpt>
			<trkpt lat="46.678592" lon="12.500219">
				<ele>2610.000000</ele>
			</trkpt>
			<trkpt lat="46.678691" lon="12.500282">
				<ele>2612.000000</ele>
			</trkpt>
			<trkpt lat="46.678900" lon="12.500470">
				<ele>2617.000000</ele>
			</trkpt>
			<trkpt lat="46.679036" lon="12.500552">
				<ele>2620.000000</ele>
			</trkpt>
			<trkpt lat="46.679171" lon="12.500569">
				<ele>2623.000000</ele>
			</trkpt>
			<trkpt lat="46.679295" lon="12.500632">
				<ele>2626.000000</ele>
			</trkpt>
			<trkpt lat="46.679461" lon="12.500875">
				<ele>2631.000000</ele>
			</trkpt>
			<trkpt lat="46.679603" lon="12.500965">
				<ele>2634.000000</ele>
			</trkpt>
			<trkpt lat="46.679776" lon="12.501225">
				<ele>2639.000000</ele>
			</trkpt>
			<trkpt lat="46.679880" lon="12.501305">
				<ele>2642.000000</ele>
			</trkpt>
			<trkpt lat="46.680071" lon="12.501351">
				<ele>2649.000000</ele>
			</trkpt>
			<trkpt lat="46.680083" lon="12.501441">
				<ele>2651.000000</ele>
			</trkpt>
			<trkpt lat="46.680164" lon="12.501539">
				<ele>2655.000000</ele>
			</trkpt>
			<trkpt lat="46.680262" lon="12.501575">
				<ele>2659.000000</ele>
			</trkpt>
			<trkpt lat="46.680416" lon="12.501638">
				<ele>2665.000000</ele>
			</trkpt>
			<trkpt lat="46.680509" lon="12.501745">
				<ele>2669.000000</ele>
			</trkpt>
			<trkpt lat="46.680589" lon="12.501782">
				<ele>2669.000000</ele>
			</trkpt>
			<trkpt lat="46.680620" lon="12.501898">
				<ele>2666.000000</ele>
			</trkpt>
			<trkpt lat="46.680595" lon="12.502267">
				<ele>2660.000000</ele>
			</trkpt>
			<trkpt lat="46.680576" lon="12.502500">
				<ele>2653.000000</ele>
			</trkpt>
			<trkpt lat="46.680527" lon="12.502787">
				<ele>2644.000000</ele>
			</trkpt>
			<trkpt lat="46.680533" lon="12.503030">
				<ele>2636.000000</ele>
			</trkpt>
			<trkpt lat="46.680558" lon="12.503139">
				<ele>2633.000000</ele>
			</trkpt>
			<trkpt lat="46.680466" lon="12.503273">
				<ele>2627.000000</ele>
			</trkpt>
			<trkpt lat="46.680324" lon="12.503741">
				<ele>2617.000000</ele>
			</trkpt>
			<trkpt lat="46.680170" lon="12.504064">
				<ele>2614.000000</ele>
			</trkpt>
			<trkpt lat="46.680047" lon="12.504198">
				<ele>2612.000000</ele>
			</trkpt>
			<trkpt lat="46.679948" lon="12.504548">
				<ele>2610.000000</ele>
			</trkpt>
			<trkpt lat="46.679905" lon="12.504791">
				<ele>2610.000000</ele>
			</trkpt>
			<trkpt lat="46.679769" lon="12.505124">
				<ele>2610.000000</ele>
			</trkpt>
			<trkpt lat="46.679591" lon="12.505376">
				<ele>2610.000000</ele>
			</trkpt>
			<trkpt lat="46.679412" lon="12.505546">
				<ele>2605.000000</ele>
			</trkpt>
			<trkpt lat="46.679233" lon="12.505617">
				<ele>2600.000000</ele>
			</trkpt>
			<trkpt lat="46.678894" lon="12.505753">
				<ele>2591.000000</ele>
			</trkpt>
			<trkpt lat="46.678561" lon="12.505879">
				<ele>2589.000000</ele>
			</trkpt>
			<trkpt lat="46.678296" lon="12.505995">
				<ele>2589.000000</ele>
			</trkpt>
			<trkpt lat="46.678074" lon="12.506238">
				<ele>2588.000000</ele>
			</trkpt>
			<trkpt lat="46.677976" lon="12.506588">
				<ele>2588.000000</ele>
			</trkpt>
			<trkpt lat="46.677889" lon="12.506921">
				<ele>2587.000000</ele>
			</trkpt>
			<trkpt lat="46.677816" lon="12.507208">
				<ele>2587.000000</ele>
			</trkpt>
			<trkpt lat="46.677779" lon="12.507460">
				<ele>2587.000000</ele>
			</trkpt>
			<trkpt lat="46.677822" lon="12.507909">
				<ele>2586.000000</ele>
			</trkpt>
			<trkpt lat="46.677816" lon="12.508223">
				<ele>2586.000000</ele>
			</trkpt>
			<trkpt lat="46.677766" lon="12.508537">
				<ele>2585.000000</ele>
			</trkpt>
			<trkpt lat="46.677772" lon="12.508869">
				<ele>2585.000000</ele>
			</trkpt>
			<trkpt lat="46.677871" lon="12.509184">
				<ele>2584.000000</ele>
			</trkpt>
			<trkpt lat="46.677865" lon="12.509345">
				<ele>2584.000000</ele>
			</trkpt>
			<trkpt lat="46.677901" lon="12.509435">
				<ele>2584.000000</ele>
			</trkpt>
			<trkpt lat="46.677951" lon="12.509498">
				<ele>2584.000000</ele>
			</trkpt>
			<trkpt lat="46.677982" lon="12.509714">
				<ele>2584.000000</ele>
			</trkpt>
			<trkpt lat="46.677926" lon="12.509948">
				<ele>2583.000000</ele>
			</trkpt>
			<trkpt lat="46.677932" lon="12.510154">
				<ele>2583.000000</ele>
			</trkpt>
			<trkpt lat="46.677889" lon="12.510361">
				<ele>2583.000000</ele>
			</trkpt>
			<trkpt lat="46.677970" lon="12.510523">
				<ele>2583.000000</ele>
			</trkpt>
			<trkpt lat="46.678123" lon="12.510640">
				<ele>2582.000000</ele>
			</trkpt>
			<trkpt lat="46.678241" lon="12.510873">
				<ele>2582.000000</ele>
			</trkpt>
			<trkpt lat="46.678179" lon="12.511116">
				<ele>2582.000000</ele>
			</trkpt>
			<trkpt lat="46.678204" lon="12.511421">
				<ele>2581.000000</ele>
			</trkpt>
			<trkpt lat="46.678154" lon="12.511655">
				<ele>2581.000000</ele>
			</trkpt>
			<trkpt lat="46.678093" lon="12.511869">
				<ele>2580.000000</ele>
			</trkpt>
			<trkpt lat="46.678062" lon="12.512014">
				<ele>2580.000000</ele>
			</trkpt>
			<trkpt lat="46.678099" lon="12.512148">
				<ele>2580.000000</ele>
			</trkpt>
			<trkpt lat="46.678068" lon="12.512284">
				<ele>2581.000000</ele>
			</trkpt>
			<trkpt lat="46.678198" lon="12.512481">
				<ele>2584.000000</ele>
			</trkpt>
			<trkpt lat="46.678229" lon="12.512643">
				<ele>2585.000000</ele>
			</trkpt>
			<trkpt lat="46.678210" lon="12.512741">
				<ele>2587.000000</ele>
			</trkpt>
			<trkpt lat="46.678241" lon="12.512823">
				<ele>2588.000000</ele>
			</trkpt>
			<trkpt lat="46.678475" lon="12.513001">
				<ele>2592.000000</ele>
			</trkpt>
			<trkpt lat="46.678469" lon="12.513110">
				<ele>2593.000000</ele>
			</trkpt>
			<trkpt lat="46.678395" lon="12.513379">
				<ele>2596.000000</ele>
			</trkpt>
			<trkpt lat="46.678321" lon="12.513487">
				<ele>2598.000000</ele>
			</trkpt>
			<trkpt lat="46.678302" lon="12.513856">
				<ele>2602.000000</ele>
			</trkpt>
			<trkpt lat="46.678253" lon="12.514043">
				<ele>2605.000000</ele>
			</trkpt>
			<trkpt lat="46.678247" lon="12.514143">
				<ele>2606.000000</ele>
			</trkpt>
			<trkpt lat="46.678167" lon="12.514223">
				<ele>2607.000000</ele>
			</trkpt>
			<trkpt lat="46.678160" lon="12.514395">
				<ele>2609.000000</ele>
			</trkpt>
			<trkpt lat="46.678136" lon="12.514493">
				<ele>2609.000000</ele>
			</trkpt>
			<trkpt lat="46.678050" lon="12.514682">
				<ele>2601.000000</ele>
			</trkpt>
			<trkpt lat="46.678013" lon="12.514825">
				<ele>2599.000000</ele>
			</trkpt>
			<trkpt lat="46.678000" lon="12.514969">
				<ele>2597.000000</ele>
			</trkpt>
			<trkpt lat="46.677976" lon="12.515140">
				<ele>2595.000000</ele>
			</trkpt>
			<trkpt lat="46.677908" lon="12.515320">
				<ele>2593.000000</ele>
			</trkpt>
			<trkpt lat="46.677889" lon="12.515616">
				<ele>2590.000000</ele>
			</trkpt>
			<trkpt lat="46.677871" lon="12.515714">
				<ele>2588.000000</ele>
			</trkpt>
			<trkpt lat="46.677785" lon="12.515814">
				<ele>2585.000000</ele>
			</trkpt>
			<trkpt lat="46.677766" lon="12.515984">
				<ele>2581.000000</ele>
			</trkpt>
			<trkpt lat="46.677637" lon="12.516182">
				<ele>2572.000000</ele>
			</trkpt>
			<trkpt lat="46.677557" lon="12.516316">
				<ele>2570.000000</ele>
			</trkpt>
			<trkpt lat="46.677557" lon="12.516479">
				<ele>2570.000000</ele>
			</trkpt>
			<trkpt lat="46.677581" lon="12.516622">
				<ele>2570.000000</ele>
			</trkpt>
			<trkpt lat="46.677588" lon="12.516783">
				<ele>2570.000000</ele>
			</trkpt>
			<trkpt lat="46.677563" lon="12.516936">
				<ele>2570.000000</ele>
			</trkpt>
			<trkpt lat="46.677538" lon="12.517026">
				<ele>2569.000000</ele>
			</trkpt>
			<trkpt lat="46.677501" lon="12.517108">
				<ele>2567.000000</ele>
			</trkpt>
			<trkpt lat="46.677360" lon="12.517179">
				<ele>2561.000000</ele>
			</trkpt>
			<trkpt lat="46.677254" lon="12.517269">
				<ele>2557.000000</ele>
			</trkpt>
			<trkpt lat="46.677230" lon="12.517332">
				<ele>2555.000000</ele>
			</trkpt>
			<trkpt lat="46.677138" lon="12.517377">
				<ele>2551.000000</ele>
			</trkpt>
			<trkpt lat="46.677101" lon="12.517502">
				<ele>2548.000000</ele>
			</trkpt>
			<trkpt lat="46.677138" lon="12.517655">
				<ele>2545.000000</ele>
			</trkpt>
			<trkpt lat="46.677113" lon="12.517871">
				<ele>2541.000000</ele>
			</trkpt>
			<trkpt lat="46.677094" lon="12.518051">
				<ele>2534.000000</ele>
			</trkpt>
			<trkpt lat="46.677026" lon="12.518095">
				<ele>2530.000000</ele>
			</trkpt>
			<trkpt lat="46.677020" lon="12.518203">
				<ele>2526.000000</ele>
			</trkpt>
			<trkpt lat="46.677020" lon="12.518293">
				<ele>2522.000000</ele>
			</trkpt>
			<trkpt lat="46.676959" lon="12.518427">
				<ele>2520.000000</ele>
			</trkpt>
			<trkpt lat="46.676910" lon="12.518563">
				<ele>2520.000000</ele>
			</trkpt>
			<trkpt lat="46.676841" lon="12.518670">
				<ele>2520.000000</ele>
			</trkpt>
			<trkpt lat="46.676804" lon="12.518814">
				<ele>2520.000000</ele>
			</trkpt>
			<trkpt lat="46.676804" lon="12.518903">
				<ele>2520.000000</ele>
			</trkpt>
			<trkpt lat="46.676817" lon="12.518957">
				<ele>2520.000000</ele>
			</trkpt>
			<trkpt lat="46.676798" lon="12.519066">
				<ele>2520.000000</ele>
			</trkpt>
			<trkpt lat="46.676811" lon="12.519119">
				<ele>2520.000000</ele>
			</trkpt>
			<trkpt lat="46.676798" lon="12.519317">
				<ele>2521.000000</ele>
			</trkpt>
			<trkpt lat="46.676792" lon="12.519380">
				<ele>2523.000000</ele>
			</trkpt>
			<trkpt lat="46.676780" lon="12.519452">
				<ele>2524.000000</ele>
			</trkpt>
			<trkpt lat="46.676768" lon="12.519595">
				<ele>2526.000000</ele>
			</trkpt>
			<trkpt lat="46.676755" lon="12.519703">
				<ele>2528.000000</ele>
			</trkpt>
			<trkpt lat="46.676737" lon="12.519758">
				<ele>2529.000000</ele>
			</trkpt>
			<trkpt lat="46.676706" lon="12.519811">
				<ele>2530.000000</ele>
			</trkpt>
			<trkpt lat="46.676632" lon="12.519865">
				<ele>2524.000000</ele>
			</trkpt>
			<trkpt lat="46.676509" lon="12.520027">
				<ele>2518.000000</ele>
			</trkpt>
			<trkpt lat="46.676416" lon="12.520171">
				<ele>2516.000000</ele>
			</trkpt>
			<trkpt lat="46.676379" lon="12.520297">
				<ele>2514.000000</ele>
			</trkpt>
			<trkpt lat="46.676269" lon="12.520404">
				<ele>2512.000000</ele>
			</trkpt>
			<trkpt lat="46.676244" lon="12.520521">
				<ele>2511.000000</ele>
			</trkpt>
			<trkpt lat="46.676157" lon="12.520638">
				<ele>2509.000000</ele>
			</trkpt>
			<trkpt lat="46.676096" lon="12.520781">
				<ele>2508.000000</ele>
			</trkpt>
			<trkpt lat="46.676022" lon="12.520979">
				<ele>2507.000000</ele>
			</trkpt>
			<trkpt lat="46.675837" lon="12.521221">
				<ele>2505.000000</ele>
			</trkpt>
			<trkpt lat="46.675689" lon="12.521599">
				<ele>2502.000000</ele>
			</trkpt>
			<trkpt lat="46.675522" lon="12.521842">
				<ele>2500.000000</ele>
			</trkpt>
			<trkpt lat="46.675393" lon="12.521967">
				<ele>2500.000000</ele>
			</trkpt>
			<trkpt lat="46.675307" lon="12.522093">
				<ele>2500.000000</ele>
			</trkpt>
			<trkpt lat="46.675221" lon="12.522146">
				<ele>2500.000000</ele>
			</trkpt>
			<trkpt lat="46.675221" lon="12.522263">
				<ele>2500.000000</ele>
			</trkpt>
			<trkpt lat="46.675103" lon="12.522452">
				<ele>2502.000000</ele>
			</trkpt>
			<trkpt lat="46.674987" lon="12.522587">
				<ele>2504.000000</ele>
			</trkpt>
			<trkpt lat="46.674857" lon="12.522622">
				<ele>2506.000000</ele>
			</trkpt>
			<trkpt lat="46.674721" lon="12.522722">
				<ele>2507.000000</ele>
			</trkpt>
			<trkpt lat="46.674660" lon="12.522811">
				<ele>2508.000000</ele>
			</trkpt>
			<trkpt lat="46.674586" lon="12.522892">
				<ele>2510.000000</ele>
			</trkpt>
			<trkpt lat="46.674444" lon="12.522982">
				<ele>2513.000000</ele>
			</trkpt>
			<trkpt lat="46.674364" lon="12.523090">
				<ele>2517.000000</ele>
			</trkpt>
			<trkpt lat="46.674339" lon="12.523171">
				<ele>2519.000000</ele>
			</trkpt>
			<trkpt lat="46.674234" lon="12.523251">
				<ele>2520.000000</ele>
			</trkpt>
			<trkpt lat="46.674148" lon="12.523368">
				<ele>2520.000000</ele>
			</trkpt>
			<trkpt lat="46.674068" lon="12.523404">
				<ele>2520.000000</ele>
			</trkpt>
			<trkpt lat="46.674050" lon="12.523503">
				<ele>2518.000000</ele>
			</trkpt>
			<trkpt lat="46.674056" lon="12.523584">
				<ele>2517.000000</ele>
			</trkpt>
			<trkpt lat="46.674006" lon="12.523656">
				<ele>2515.000000</ele>
			</trkpt>
			<trkpt lat="46.673975" lon="12.523754">
				<ele>2513.000000</ele>
			</trkpt>
			<trkpt lat="46.673920" lon="12.523926">
				<ele>2510.000000</ele>
			</trkpt>
			<trkpt lat="46.673914" lon="12.523943">
				<ele>2510.000000</ele>
			</trkpt>
			<trkpt lat="46.673926" lon="12.524016">
				<ele>2509.000000</ele>
			</trkpt>
			<trkpt lat="46.673902" lon="12.524213">
				<ele>2507.000000</ele>
			</trkpt>
			<trkpt lat="46.673883" lon="12.524383">
				<ele>2506.000000</ele>
			</trkpt>
			<trkpt lat="46.673883" lon="12.524527">
				<ele>2505.000000</ele>
			</trkpt>
			<trkpt lat="46.673883" lon="12.524680">
				<ele>2504.000000</ele>
			</trkpt>
			<trkpt lat="46.673834" lon="12.524788">
				<ele>2503.000000</ele>
			</trkpt>
			<trkpt lat="46.673735" lon="12.524949">
				<ele>2501.000000</ele>
			</trkpt>
			<trkpt lat="46.673631" lon="12.525201">
				<ele>2498.000000</ele>
			</trkpt>
			<trkpt lat="46.673525" lon="12.525389">
				<ele>2496.000000</ele>
			</trkpt>
			<trkpt lat="46.673501" lon="12.525488">
				<ele>2495.000000</ele>
			</trkpt>
			<trkpt lat="46.673427" lon="12.525632">
				<ele>2493.000000</ele>
			</trkpt>
			<trkpt lat="46.673297" lon="12.525848">
				<ele>2490.000000</ele>
			</trkpt>
			<trkpt lat="46.673255" lon="12.525884">
				<ele>2490.000000</ele>
			</trkpt>
			<trkpt lat="46.673205" lon="12.525901">
				<ele>2488.000000</ele>
			</trkpt>
			<trkpt lat="46.673137" lon="12.526045">
				<ele>2485.000000</ele>
			</trkpt>
			<trkpt lat="46.673088" lon="12.526117">
				<ele>2483.000000</ele>
			</trkpt>
			<trkpt lat="46.673027" lon="12.526234">
				<ele>2480.000000</ele>
			</trkpt>
			<trkpt lat="46.672934" lon="12.526297">
				<ele>2476.000000</ele>
			</trkpt>
			<trkpt lat="46.672829" lon="12.526467">
				<ele>2470.000000</ele>
			</trkpt>
			<trkpt lat="46.672699" lon="12.526764">
				<ele>2467.000000</ele>
			</trkpt>
			<trkpt lat="46.672607" lon="12.526989">
				<ele>2464.000000</ele>
			</trkpt>
			<trkpt lat="46.672564" lon="12.527150">
				<ele>2462.000000</ele>
			</trkpt>
			<trkpt lat="46.672521" lon="12.527312">
				<ele>2461.000000</ele>
			</trkpt>
			<trkpt lat="46.672410" lon="12.527402">
				<ele>2458.000000</ele>
			</trkpt>
			<trkpt lat="46.672293" lon="12.527519">
				<ele>2455.000000</ele>
			</trkpt>
			<trkpt lat="46.672231" lon="12.527681">
				<ele>2452.000000</ele>
			</trkpt>
			<trkpt lat="46.672145" lon="12.527689">
				<ele>2450.000000</ele>
			</trkpt>
			<trkpt lat="46.672046" lon="12.527779">
				<ele>2448.000000</ele>
			</trkpt>
			<trkpt lat="46.671898" lon="12.527932">
				<ele>2446.000000</ele>
			</trkpt>
			<trkpt lat="46.671793" lon="12.527995">
				<ele>2445.000000</ele>
			</trkpt>
			<trkpt lat="46.671744" lon="12.528102">
				<ele>2444.000000</ele>
			</trkpt>
			<trkpt lat="46.671726" lon="12.528129">
				<ele>2445.000000</ele>
			</trkpt>
			<trkpt lat="46.671652" lon="12.528192">
				<ele>2450.000000</ele>
			</trkpt>
			<trkpt lat="46.671584" lon="12.528192">
				<ele>2449.000000</ele>
			</trkpt>
			<trkpt lat="46.671516" lon="12.528255">
				<ele>2448.000000</ele>
			</trkpt>
			<trkpt lat="46.671448" lon="12.528309">
				<ele>2447.000000</ele>
			</trkpt>
			<trkpt lat="46.671417" lon="12.528390">
				<ele>2447.000000</ele>
			</trkpt>
			<trkpt lat="46.671399" lon="12.528471">
				<ele>2446.000000</ele>
			</trkpt>
			<trkpt lat="46.671307" lon="12.528561">
				<ele>2445.000000</ele>
			</trkpt>
			<trkpt lat="46.671239" lon="12.528588">
				<ele>2444.000000</ele>
			</trkpt>
			<trkpt lat="46.671196" lon="12.528614">
				<ele>2443.000000</ele>
			</trkpt>
			<trkpt lat="46.671177" lon="12.528633">
				<ele>2443.000000</ele>
			</trkpt>
			<trkpt lat="46.671158" lon="12.528695">
				<ele>2442.000000</ele>
			</trkpt>
			<trkpt lat="46.671066" lon="12.528903">
				<ele>2440.000000</ele>
			</trkpt>
			<trkpt lat="46.671023" lon="12.529001">
				<ele>2439.000000</ele>
			</trkpt>
			<trkpt lat="46.670967" lon="12.529054">
				<ele>2437.000000</ele>
			</trkpt>
			<trkpt lat="46.670930" lon="12.529073">
				<ele>2436.000000</ele>
			</trkpt>
			<trkpt lat="46.670906" lon="12.529127">
				<ele>2435.000000</ele>
			</trkpt>
			<trkpt lat="46.670918" lon="12.529280">
				<ele>2433.000000</ele>
			</trkpt>
			<trkpt lat="46.670875" lon="12.529432">
				<ele>2431.000000</ele>
			</trkpt>
			<trkpt lat="46.670924" lon="12.529639">
				<ele>2426.000000</ele>
			</trkpt>
			<trkpt lat="46.670949" lon="12.529647">
				<ele>2425.000000</ele>
			</trkpt>
			<trkpt lat="46.670961" lon="12.529693">
				<ele>2424.000000</ele>
			</trkpt>
			<trkpt lat="46.670986" lon="12.529719">
				<ele>2423.000000</ele>
			</trkpt>
			<trkpt lat="46.671029" lon="12.529863">
				<ele>2420.000000</ele>
			</trkpt>
			<trkpt lat="46.671073" lon="12.529972">
				<ele>2418.000000</ele>
			</trkpt>
			<trkpt lat="46.671060" lon="12.530052">
				<ele>2416.000000</ele>
			</trkpt>
			<trkpt lat="46.671029" lon="12.530070">
				<ele>2415.000000</ele>
			</trkpt>
			<trkpt lat="46.671011" lon="12.530133">
				<ele>2414.000000</ele>
			</trkpt>
			<trkpt lat="46.671011" lon="12.530169">
				<ele>2413.000000</ele>
			</trkpt>
			<trkpt lat="46.671023" lon="12.530213">
				<ele>2412.000000</ele>
			</trkpt>
			<trkpt lat="46.671036" lon="12.530268">
				<ele>2411.000000</ele>
			</trkpt>
			<trkpt lat="46.671023" lon="12.530331">
				<ele>2410.000000</ele>
			</trkpt>
			<trkpt lat="46.671023" lon="12.530358">
				<ele>2410.000000</ele>
			</trkpt>
			<trkpt lat="46.671042" lon="12.530385">
				<ele>2409.000000</ele>
			</trkpt>
			<trkpt lat="46.671023" lon="12.530429">
				<ele>2408.000000</ele>
			</trkpt>
			<trkpt lat="46.670998" lon="12.530483">
				<ele>2408.000000</ele>
			</trkpt>
			<trkpt lat="46.671011" lon="12.530519">
				<ele>2407.000000</ele>
			</trkpt>
			<trkpt lat="46.671036" lon="12.530546">
				<ele>2406.000000</ele>
			</trkpt>
			<trkpt lat="46.671042" lon="12.530582">
				<ele>2406.000000</ele>
			</trkpt>
			<trkpt lat="46.671017" lon="12.530618">
				<ele>2405.000000</ele>
			</trkpt>
			<trkpt lat="46.670949" lon="12.530654">
				<ele>2404.000000</ele>
			</trkpt>
			<trkpt lat="46.670906" lon="12.530672">
				<ele>2403.000000</ele>
			</trkpt>
			<trkpt lat="46.670857" lon="12.530744">
				<ele>2402.000000</ele>
			</trkpt>
			<trkpt lat="46.670845" lon="12.530771">
				<ele>2401.000000</ele>
			</trkpt>
			<trkpt lat="46.670845" lon="12.530861">
				<ele>2400.000000</ele>
			</trkpt>
			<trkpt lat="46.670832" lon="12.530932">
				<ele>2399.000000</ele>
			</trkpt>
			<trkpt lat="46.670814" lon="12.530941">
				<ele>2398.000000</ele>
			</trkpt>
			<trkpt lat="46.670801" lon="12.530951">
				<ele>2398.000000</ele>
			</trkpt>
			<trkpt lat="46.670776" lon="12.531014">
				<ele>2397.000000</ele>
			</trkpt>
			<trkpt lat="46.670758" lon="12.531049">
				<ele>2396.000000</ele>
			</trkpt>
			<trkpt lat="46.670739" lon="12.531085">
				<ele>2396.000000</ele>
			</trkpt>
			<trkpt lat="46.670727" lon="12.531138">
				<ele>2395.000000</ele>
			</trkpt>
			<trkpt lat="46.670690" lon="12.531175">
				<ele>2394.000000</ele>
			</trkpt>
			<trkpt lat="46.670690" lon="12.531264">
				<ele>2393.000000</ele>
			</trkpt>
			<trkpt lat="46.670678" lon="12.531318">
				<ele>2392.000000</ele>
			</trkpt>
			<trkpt lat="46.670684" lon="12.531400">
				<ele>2391.000000</ele>
			</trkpt>
			<trkpt lat="46.670690" lon="12.531471">
				<ele>2390.000000</ele>
			</trkpt>
			<trkpt lat="46.670672" lon="12.531570">
				<ele>2388.000000</ele>
			</trkpt>
			<trkpt lat="46.670678" lon="12.531633">
				<ele>2387.000000</ele>
			</trkpt>
			<trkpt lat="46.670708" lon="12.531687">
				<ele>2386.000000</ele>
			</trkpt>
			<trkpt lat="46.670727" lon="12.531794">
				<ele>2385.000000</ele>
			</trkpt>
			<trkpt lat="46.670752" lon="12.531876">
				<ele>2383.000000</ele>
			</trkpt>
			<trkpt lat="46.670770" lon="12.531966">
				<ele>2382.000000</ele>
			</trkpt>
			<trkpt lat="46.670752" lon="12.532010">
				<ele>2381.000000</ele>
			</trkpt>
			<trkpt lat="46.670733" lon="12.532056">
				<ele>2380.000000</ele>
			</trkpt>
			<trkpt lat="46.670764" lon="12.532100">
				<ele>2379.000000</ele>
			</trkpt>
			<trkpt lat="46.670801" lon="12.532136">
				<ele>2378.000000</ele>
			</trkpt>
			<trkpt lat="46.670826" lon="12.532226">
				<ele>2376.000000</ele>
			</trkpt>
			<trkpt lat="46.670776" lon="12.532280">
				<ele>2374.000000</ele>
			</trkpt>
			<trkpt lat="46.670733" lon="12.532325">
				<ele>2373.000000</ele>
			</trkpt>
			<trkpt lat="46.670696" lon="12.532406">
				<ele>2371.000000</ele>
			</trkpt>
			<trkpt lat="46.670684" lon="12.532459">
				<ele>2370.000000</ele>
			</trkpt>
			<trkpt lat="46.670690" lon="12.532532">
				<ele>2369.000000</ele>
			</trkpt>
			<trkpt lat="46.670684" lon="12.532576">
				<ele>2368.000000</ele>
			</trkpt>
			<trkpt lat="46.670647" lon="12.532639">
				<ele>2367.000000</ele>
			</trkpt>
			<trkpt lat="46.670647" lon="12.532693">
				<ele>2366.000000</ele>
			</trkpt>
			<trkpt lat="46.670647" lon="12.532738">
				<ele>2365.000000</ele>
			</trkpt>
			<trkpt lat="46.670616" lon="12.532792">
				<ele>2364.000000</ele>
			</trkpt>
			<trkpt lat="46.670598" lon="12.532846">
				<ele>2362.000000</ele>
			</trkpt>
			<trkpt lat="46.670585" lon="12.532899">
				<ele>2361.000000</ele>
			</trkpt>
			<trkpt lat="46.670561" lon="12.532953">
				<ele>2360.000000</ele>
			</trkpt>
			<trkpt lat="46.670511" lon="12.533025">
				<ele>2358.000000</ele>
			</trkpt>
			<trkpt lat="46.670499" lon="12.533125">
				<ele>2356.000000</ele>
			</trkpt>
			<trkpt lat="46.670493" lon="12.533241">
				<ele>2354.000000</ele>
			</trkpt>
			<trkpt lat="46.670505" lon="12.533312">
				<ele>2353.000000</ele>
			</trkpt>
			<trkpt lat="46.670505" lon="12.533367">
				<ele>2352.000000</ele>
			</trkpt>
			<trkpt lat="46.670530" lon="12.533412">
				<ele>2350.000000</ele>
			</trkpt>
			<trkpt lat="46.670554" lon="12.533501">
				<ele>2350.000000</ele>
			</trkpt>
			<trkpt lat="46.670536" lon="12.533591">
				<ele>2350.000000</ele>
			</trkpt>
			<trkpt lat="46.670530" lon="12.533690">
				<ele>2350.000000</ele>
			</trkpt>
			<trkpt lat="46.670548" lon="12.533744">
				<ele>2350.000000</ele>
			</trkpt>
			<trkpt lat="46.670592" lon="12.533807">
				<ele>2350.000000</ele>
			</trkpt>
			<trkpt lat="46.670610" lon="12.533843">
				<ele>2350.000000</ele>
			</trkpt>
			<trkpt lat="46.670629" lon="12.533870">
				<ele>2350.000000</ele>
			</trkpt>
			<trkpt lat="46.670635" lon="12.533924">
				<ele>2350.000000</ele>
			</trkpt>
			<trkpt lat="46.670623" lon="12.533960">
				<ele>2350.000000</ele>
			</trkpt>
			<trkpt lat="46.670623" lon="12.534004">
				<ele>2350.000000</ele>
			</trkpt>
			<trkpt lat="46.670629" lon="12.534031">
				<ele>2350.000000</ele>
			</trkpt>
			<trkpt lat="46.670653" lon="12.534058">
				<ele>2350.000000</ele>
			</trkpt>
			<trkpt lat="46.670666" lon="12.534077">
				<ele>2350.000000</ele>
			</trkpt>
			<trkpt lat="46.670678" lon="12.534104">
				<ele>2350.000000</ele>
			</trkpt>
			<trkpt lat="46.670666" lon="12.534130">
				<ele>2350.000000</ele>
			</trkpt>
			<trkpt lat="46.670647" lon="12.534157">
				<ele>2350.000000</ele>
			</trkpt>
			<trkpt lat="46.670629" lon="12.534203">
				<ele>2350.000000</ele>
			</trkpt>
			<trkpt lat="46.670610" lon="12.534203">
				<ele>2350.000000</ele>
			</trkpt>
			<trkpt lat="46.670604" lon="12.534230">
				<ele>2350.000000</ele>
			</trkpt>
			<trkpt lat="46.670530" lon="12.534381">
				<ele>2350.000000</ele>
			</trkpt>
			<trkpt lat="46.670579" lon="12.534354">
				<ele>2350.000000</ele>
			</trkpt>
			<trkpt lat="46.670604" lon="12.534354">
				<ele>2350.000000</ele>
			</trkpt>
			<trkpt lat="46.670635" lon="12.534409">
				<ele>2349.000000</ele>
			</trkpt>
			<trkpt lat="46.670635" lon="12.534409">
				<ele>2349.000000</ele>
			</trkpt>
			<trkpt lat="46.670635" lon="12.534409">
				<ele>2349.000000</ele>
			</trkpt>
			<trkpt lat="46.670659" lon="12.534471">
				<ele>2348.000000</ele>
			</trkpt>
			<trkpt lat="46.670672" lon="12.534517">
				<ele>2347.000000</ele>
			</trkpt>
			<trkpt lat="46.670702" lon="12.534534">
				<ele>2345.000000</ele>
			</trkpt>
			<trkpt lat="46.670702" lon="12.534570">
				<ele>2345.000000</ele>
			</trkpt>
			<trkpt lat="46.670714" lon="12.534633">
				<ele>2343.000000</ele>
			</trkpt>
			<trkpt lat="46.670752" lon="12.534679">
				<ele>2342.000000</ele>
			</trkpt>
			<trkpt lat="46.670776" lon="12.534759">
				<ele>2340.000000</ele>
			</trkpt>
			<trkpt lat="46.670801" lon="12.534876">
				<ele>2337.000000</ele>
			</trkpt>
			<trkpt lat="46.670826" lon="12.534975">
				<ele>2335.000000</ele>
			</trkpt>
			<trkpt lat="46.670881" lon="12.535065">
				<ele>2332.000000</ele>
			</trkpt>
			<trkpt lat="46.670881" lon="12.535100">
				<ele>2331.000000</ele>
			</trkpt>
			<trkpt lat="46.670949" lon="12.535199">
				<ele>2328.000000</ele>
			</trkpt>
			<trkpt lat="46.670869" lon="12.535253">
				<ele>2326.000000</ele>
			</trkpt>
			<trkpt lat="46.670857" lon="12.535396">
				<ele>2323.000000</ele>
			</trkpt>
			<trkpt lat="46.670869" lon="12.535568">
				<ele>2320.000000</ele>
			</trkpt>
			<trkpt lat="46.670764" lon="12.535568">
				<ele>2317.000000</ele>
			</trkpt>
			<trkpt lat="46.670696" lon="12.535568">
				<ele>2316.000000</ele>
			</trkpt>
			<trkpt lat="46.670653" lon="12.535559">
				<ele>2315.000000</ele>
			</trkpt>
			<trkpt lat="46.670635" lon="12.535522">
				<ele>2314.000000</ele>
			</trkpt>
			<trkpt lat="46.670604" lon="12.535513">
				<ele>2314.000000</ele>
			</trkpt>
			<trkpt lat="46.670524" lon="12.535666">
				<ele>2311.000000</ele>
			</trkpt>
			<trkpt lat="46.670456" lon="12.535658">
				<ele>2310.000000</ele>
			</trkpt>
			<trkpt lat="46.670419" lon="12.535648">
				<ele>2309.000000</ele>
			</trkpt>
			<trkpt lat="46.670265" lon="12.535729">
				<ele>2306.000000</ele>
			</trkpt>
			<trkpt lat="46.670210" lon="12.535828">
				<ele>2304.000000</ele>
			</trkpt>
			<trkpt lat="46.670104" lon="12.535901">
				<ele>2302.000000</ele>
			</trkpt>
			<trkpt lat="46.669969" lon="12.536035">
				<ele>2299.000000</ele>
			</trkpt>
			<trkpt lat="46.669932" lon="12.536205">
				<ele>2298.000000</ele>
			</trkpt>
			<trkpt lat="46.669858" lon="12.536304">
				<ele>2298.000000</ele>
			</trkpt>
			<trkpt lat="46.669845" lon="12.536430">
				<ele>2297.000000</ele>
			</trkpt>
			<trkpt lat="46.669809" lon="12.536547">
				<ele>2296.000000</ele>
			</trkpt>
			<trkpt lat="46.669790" lon="12.536628">
				<ele>2296.000000</ele>
			</trkpt>
			<trkpt lat="46.669685" lon="12.536727">
				<ele>2295.000000</ele>
			</trkpt>
			<trkpt lat="46.669673" lon="12.536754">
				<ele>2295.000000</ele>
			</trkpt>
			<trkpt lat="46.669685" lon="12.536798">
				<ele>2295.000000</ele>
			</trkpt>
			<trkpt lat="46.669679" lon="12.536843">
				<ele>2294.000000</ele>
			</trkpt>
			<trkpt lat="46.669654" lon="12.536861">
				<ele>2294.000000</ele>
			</trkpt>
			<trkpt lat="46.669599" lon="12.536853">
				<ele>2294.000000</ele>
			</trkpt>
			<trkpt lat="46.669550" lon="12.536861">
				<ele>2294.000000</ele>
			</trkpt>
			<trkpt lat="46.669507" lon="12.536914">
				<ele>2293.000000</ele>
			</trkpt>
			<trkpt lat="46.669476" lon="12.536996">
				<ele>2293.000000</ele>
			</trkpt>
			<trkpt lat="46.669439" lon="12.537077">
				<ele>2292.000000</ele>
			</trkpt>
			<trkpt lat="46.669377" lon="12.537130">
				<ele>2292.000000</ele>
			</trkpt>
			<trkpt lat="46.669353" lon="12.537211">
				<ele>2291.000000</ele>
			</trkpt>
			<trkpt lat="46.669303" lon="12.537310">
				<ele>2291.000000</ele>
			</trkpt>
			<trkpt lat="46.669291" lon="12.537346">
				<ele>2290.000000</ele>
			</trkpt>
			<trkpt lat="46.669291" lon="12.537391">
				<ele>2290.000000</ele>
			</trkpt>
			<trkpt lat="46.669328" lon="12.537454">
				<ele>2289.000000</ele>
			</trkpt>
			<trkpt lat="46.669341" lon="12.537553">
				<ele>2288.000000</ele>
			</trkpt>
			<trkpt lat="46.669353" lon="12.537652">
				<ele>2287.000000</ele>
			</trkpt>
			<trkpt lat="46.669334" lon="12.537733">
				<ele>2286.000000</ele>
			</trkpt>
			<trkpt lat="46.669248" lon="12.537849">
				<ele>2284.000000</ele>
			</trkpt>
			<trkpt lat="46.669229" lon="12.537903">
				<ele>2283.000000</ele>
			</trkpt>
			<trkpt lat="46.669186" lon="12.537948">
				<ele>2282.000000</ele>
			</trkpt>
			<trkpt lat="46.669174" lon="12.537975">
				<ele>2281.000000</ele>
			</trkpt>
			<trkpt lat="46.669161" lon="12.537993">
				<ele>2281.000000</ele>
			</trkpt>
			<trkpt lat="46.669119" lon="12.538136">
				<ele>2279.000000</ele>
			</trkpt>
			<trkpt lat="46.669081" lon="12.538262">
				<ele>2278.000000</ele>
			</trkpt>
			<trkpt lat="46.669026" lon="12.538371">
				<ele>2277.000000</ele>
			</trkpt>
			<trkpt lat="46.669013" lon="12.538442">
				<ele>2276.000000</ele>
			</trkpt>
			<trkpt lat="46.669013" lon="12.538496">
				<ele>2275.000000</ele>
			</trkpt>
			<trkpt lat="46.669032" lon="12.538568">
				<ele>2275.000000</ele>
			</trkpt>
			<trkpt lat="46.669026" lon="12.538612">
				<ele>2274.000000</ele>
			</trkpt>
			<trkpt lat="46.669007" lon="12.538649">
				<ele>2274.000000</ele>
			</trkpt>
			<trkpt lat="46.668890" lon="12.538712">
				<ele>2272.000000</ele>
			</trkpt>
			<trkpt lat="46.668847" lon="12.538784">
				<ele>2271.000000</ele>
			</trkpt>
			<trkpt lat="46.668810" lon="12.538891">
				<ele>2270.000000</ele>
			</trkpt>
			<trkpt lat="46.668779" lon="12.539054">
				<ele>2269.000000</ele>
			</trkpt>
			<trkpt lat="46.668773" lon="12.539080">
				<ele>2269.000000</ele>
			</trkpt>
			<trkpt lat="46.668791" lon="12.539134">
				<ele>2269.000000</ele>
			</trkpt>
			<trkpt lat="46.668810" lon="12.539233">
				<ele>2268.000000</ele>
			</trkpt>
			<trkpt lat="46.668810" lon="12.539304">
				<ele>2268.000000</ele>
			</trkpt>
			<trkpt lat="46.668779" lon="12.539358">
				<ele>2268.000000</ele>
			</trkpt>
			<trkpt lat="46.668736" lon="12.539511">
				<ele>2267.000000</ele>
			</trkpt>
			<trkpt lat="46.668736" lon="12.539610">
				<ele>2266.000000</ele>
			</trkpt>
			<trkpt lat="46.668705" lon="12.539736">
				<ele>2266.000000</ele>
			</trkpt>
			<trkpt lat="46.668662" lon="12.539951">
				<ele>2264.000000</ele>
			</trkpt>
			<trkpt lat="46.668613" lon="12.540041">
				<ele>2264.000000</ele>
			</trkpt>
			<trkpt lat="46.668569" lon="12.540104">
				<ele>2263.000000</ele>
			</trkpt>
			<trkpt lat="46.668545" lon="12.540159">
				<ele>2263.000000</ele>
			</trkpt>
			<trkpt lat="46.668477" lon="12.540212">
				<ele>2262.000000</ele>
			</trkpt>
			<trkpt lat="46.668434" lon="12.540247">
				<ele>2262.000000</ele>
			</trkpt>
			<trkpt lat="46.668372" lon="12.540275">
				<ele>2262.000000</ele>
			</trkpt>
			<trkpt lat="46.668335" lon="12.540302">
				<ele>2261.000000</ele>
			</trkpt>
			<trkpt lat="46.668286" lon="12.540400">
				<ele>2261.000000</ele>
			</trkpt>
			<trkpt lat="46.668156" lon="12.540545">
				<ele>2259.000000</ele>
			</trkpt>
			<trkpt lat="46.668107" lon="12.540580">
				<ele>2258.000000</ele>
			</trkpt>
			<trkpt lat="46.668077" lon="12.540662">
				<ele>2258.000000</ele>
			</trkpt>
			<trkpt lat="46.667953" lon="12.540805">
				<ele>2256.000000</ele>
			</trkpt>
			<trkpt lat="46.667737" lon="12.540931">
				<ele>2253.000000</ele>
			</trkpt>
			<trkpt lat="46.667559" lon="12.541083">
				<ele>2250.000000</ele>
			</trkpt>
			<trkpt lat="46.667509" lon="12.541182">
				<ele>2248.000000</ele>
			</trkpt>
			<trkpt lat="46.667478" lon="12.541262">
				<ele>2247.000000</ele>
			</trkpt>
			<trkpt lat="46.667478" lon="12.541379">
				<ele>2245.000000</ele>
			</trkpt>
			<trkpt lat="46.667423" lon="12.541451">
				<ele>2243.000000</ele>
			</trkpt>
			<trkpt lat="46.667393" lon="12.541497">
				<ele>2242.000000</ele>
			</trkpt>
			<trkpt lat="46.667250" lon="12.541497">
				<ele>2239.000000</ele>
			</trkpt>
			<trkpt lat="46.667152" lon="12.541505">
				<ele>2238.000000</ele>
			</trkpt>
			<trkpt lat="46.666986" lon="12.541631">
				<ele>2234.000000</ele>
			</trkpt>
			<trkpt lat="46.666880" lon="12.541694">
				<ele>2232.000000</ele>
			</trkpt>
			<trkpt lat="46.666788" lon="12.541631">
				<ele>2230.000000</ele>
			</trkpt>
			<trkpt lat="46.666696" lon="12.541595">
				<ele>2229.000000</ele>
			</trkpt>
			<trkpt lat="46.666591" lon="12.541559">
				<ele>2229.000000</ele>
			</trkpt>
			<trkpt lat="46.666474" lon="12.541614">
				<ele>2228.000000</ele>
			</trkpt>
			<trkpt lat="46.666381" lon="12.541767">
				<ele>2227.000000</ele>
			</trkpt>
			<trkpt lat="46.666283" lon="12.541838">
				<ele>2226.000000</ele>
			</trkpt>
			<trkpt lat="46.666110" lon="12.541811">
				<ele>2225.000000</ele>
			</trkpt>
			<trkpt lat="46.665833" lon="12.541847">
				<ele>2223.000000</ele>
			</trkpt>
			<trkpt lat="46.665679" lon="12.541793">
				<ele>2222.000000</ele>
			</trkpt>
			<trkpt lat="46.665549" lon="12.541883">
				<ele>2221.000000</ele>
			</trkpt>
			<trkpt lat="46.665426" lon="12.542044">
				<ele>2218.000000</ele>
			</trkpt>
			<trkpt lat="46.665272" lon="12.542243">
				<ele>2213.000000</ele>
			</trkpt>
			<trkpt lat="46.665136" lon="12.542350">
				<ele>2210.000000</ele>
			</trkpt>
			<trkpt lat="46.664963" lon="12.542574">
				<ele>2202.000000</ele>
			</trkpt>
			<trkpt lat="46.664859" lon="12.542691">
				<ele>2197.000000</ele>
			</trkpt>
			<trkpt lat="46.664834" lon="12.542754">
				<ele>2195.000000</ele>
			</trkpt>
			<trkpt lat="46.664852" lon="12.542870">
				<ele>2191.000000</ele>
			</trkpt>
			<trkpt lat="46.664816" lon="12.542979">
				<ele>2188.000000</ele>
			</trkpt>
			<trkpt lat="46.664698" lon="12.543212">
				<ele>2181.000000</ele>
			</trkpt>
			<trkpt lat="46.664766" lon="12.543320">
				<ele>2178.000000</ele>
			</trkpt>
			<trkpt lat="46.664766" lon="12.543428">
				<ele>2176.000000</ele>
			</trkpt>
			<trkpt lat="46.664791" lon="12.543679">
				<ele>2171.000000</ele>
			</trkpt>
			<trkpt lat="46.664748" lon="12.543912">
				<ele>2166.000000</ele>
			</trkpt>
			<trkpt lat="46.664754" lon="12.543994">
				<ele>2164.000000</ele>
			</trkpt>
			<trkpt lat="46.664778" lon="12.544012">
				<ele>2163.000000</ele>
			</trkpt>
			<trkpt lat="46.664840" lon="12.544012">
				<ele>2161.000000</ele>
			</trkpt>
			<trkpt lat="46.664877" lon="12.544065">
				<ele>2160.000000</ele>
			</trkpt>
			<trkpt lat="46.664908" lon="12.544245">
				<ele>2154.000000</ele>
			</trkpt>
			<trkpt lat="46.664908" lon="12.544443">
				<ele>2149.000000</ele>
			</trkpt>
			<trkpt lat="46.664945" lon="12.544551">
				<ele>2146.000000</ele>
			</trkpt>
			<trkpt lat="46.664951" lon="12.544694">
				<ele>2142.000000</ele>
			</trkpt>
			<trkpt lat="46.664988" lon="12.544838">
				<ele>2138.000000</ele>
			</trkpt>
			<trkpt lat="46.664945" lon="12.545017">
				<ele>2134.000000</ele>
			</trkpt>
			<trkpt lat="46.665013" lon="12.545000">
				<ele>2131.000000</ele>
			</trkpt>
			<trkpt lat="46.665038" lon="12.545080">
				<ele>2128.000000</ele>
			</trkpt>
			<trkpt lat="46.665056" lon="12.545369">
				<ele>2118.000000</ele>
			</trkpt>
			<trkpt lat="46.665062" lon="12.545539">
				<ele>2114.000000</ele>
			</trkpt>
			<trkpt lat="46.665123" lon="12.545709">
				<ele>2110.000000</ele>
			</trkpt>
			<trkpt lat="46.665167" lon="12.545943">
				<ele>2103.000000</ele>
			</trkpt>
			<trkpt lat="46.665185" lon="12.545979">
				<ele>2102.000000</ele>
			</trkpt>
			<trkpt lat="46.665247" lon="12.546132">
				<ele>2097.000000</ele>
			</trkpt>
			<trkpt lat="46.665247" lon="12.546212">
				<ele>2095.000000</ele>
			</trkpt>
			<trkpt lat="46.665266" lon="12.546249">
				<ele>2094.000000</ele>
			</trkpt>
			<trkpt lat="46.665315" lon="12.546411">
				<ele>2090.000000</ele>
			</trkpt>
			<trkpt lat="46.665494" lon="12.546617">
				<ele>2079.000000</ele>
			</trkpt>
			<trkpt lat="46.665512" lon="12.546679">
				<ele>2078.000000</ele>
			</trkpt>
			<trkpt lat="46.665567" lon="12.546679">
				<ele>2076.000000</ele>
			</trkpt>
			<trkpt lat="46.665635" lon="12.546878">
				<ele>2071.000000</ele>
			</trkpt>
			<trkpt lat="46.665635" lon="12.547012">
				<ele>2070.000000</ele>
			</trkpt>
			<trkpt lat="46.665758" lon="12.547228">
				<ele>2066.000000</ele>
			</trkpt>
			<trkpt lat="46.665764" lon="12.547434">
				<ele>2062.000000</ele>
			</trkpt>
			<trkpt lat="46.665895" lon="12.547587">
				<ele>2058.000000</ele>
			</trkpt>
			<trkpt lat="46.665968" lon="12.547749">
				<ele>2053.000000</ele>
			</trkpt>
			<trkpt lat="46.666017" lon="12.547866">
				<ele>2049.000000</ele>
			</trkpt>
			<trkpt lat="46.666116" lon="12.547920">
				<ele>2046.000000</ele>
			</trkpt>
			<trkpt lat="46.666159" lon="12.548054">
				<ele>2043.000000</ele>
			</trkpt>
			<trkpt lat="46.666221" lon="12.548350">
				<ele>2040.000000</ele>
			</trkpt>
			<trkpt lat="46.666369" lon="12.548620">
				<ele>2040.000000</ele>
			</trkpt>
			<trkpt lat="46.666560" lon="12.548853">
				<ele>2040.000000</ele>
			</trkpt>
			<trkpt lat="46.666671" lon="12.548908">
				<ele>2040.000000</ele>
			</trkpt>
			<trkpt lat="46.666918" lon="12.549042">
				<ele>2040.000000</ele>
			</trkpt>
			<trkpt lat="46.667047" lon="12.549088">
				<ele>2040.000000</ele>
			</trkpt>
			<trkpt lat="46.667090" lon="12.549178">
				<ele>2040.000000</ele>
			</trkpt>
			<trkpt lat="46.667022" lon="12.549285">
				<ele>2040.000000</ele>
			</trkpt>
			<trkpt lat="46.667041" lon="12.549402">
				<ele>2040.000000</ele>
			</trkpt>
			<trkpt lat="46.666973" lon="12.549564">
				<ele>2040.000000</ele>
			</trkpt>
			<trkpt lat="46.666942" lon="12.549788">
				<ele>2040.000000</ele>
			</trkpt>
			<trkpt lat="46.667010" lon="12.550030">
				<ele>2040.000000</ele>
			</trkpt>
			<trkpt lat="46.666998" lon="12.550157">
				<ele>2040.000000</ele>
			</trkpt>
			<trkpt lat="46.666961" lon="12.550354">
				<ele>2040.000000</ele>
			</trkpt>
			<trkpt lat="46.666973" lon="12.550480">
				<ele>2040.000000</ele>
			</trkpt>
			<trkpt lat="46.666955" lon="12.550587">
				<ele>2040.000000</ele>
			</trkpt>
			<trkpt lat="46.666973" lon="12.550767">
				<ele>2040.000000</ele>
			</trkpt>
			<trkpt lat="46.667016" lon="12.550965">
				<ele>2040.000000</ele>
			</trkpt>
			<trkpt lat="46.666949" lon="12.551109">
				<ele>2042.000000</ele>
			</trkpt>
			<trkpt lat="46.666949" lon="12.551172">
				<ele>2042.000000</ele>
			</trkpt>
			<trkpt lat="46.666936" lon="12.551360">
				<ele>2044.000000</ele>
			</trkpt>
			<trkpt lat="46.666949" lon="12.551386">
				<ele>2044.000000</ele>
			</trkpt>
			<trkpt lat="46.666949" lon="12.551468">
				<ele>2045.000000</ele>
			</trkpt>
			<trkpt lat="46.666930" lon="12.551539">
				<ele>2045.000000</ele>
			</trkpt>
			<trkpt lat="46.666992" lon="12.551801">
				<ele>2047.000000</ele>
			</trkpt>
			<trkpt lat="46.667034" lon="12.552069">
				<ele>2049.000000</ele>
			</trkpt>
			<trkpt lat="46.667010" lon="12.552241">
				<ele>2051.000000</ele>
			</trkpt>
			<trkpt lat="46.666992" lon="12.552285">
				<ele>2051.000000</ele>
			</trkpt>
			<trkpt lat="46.666998" lon="12.552367">
				<ele>2052.000000</ele>
			</trkpt>
			<trkpt lat="46.666979" lon="12.552402">
				<ele>2052.000000</ele>
			</trkpt>
			<trkpt lat="46.666973" lon="12.552438">
				<ele>2052.000000</ele>
			</trkpt>
			<trkpt lat="46.666880" lon="12.552573">
				<ele>2053.000000</ele>
			</trkpt>
			<trkpt lat="46.666862" lon="12.552608">
				<ele>2054.000000</ele>
			</trkpt>
			<trkpt lat="46.666849" lon="12.552707">
				<ele>2054.000000</ele>
			</trkpt>
			<trkpt lat="46.666856" lon="12.552824">
				<ele>2055.000000</ele>
			</trkpt>
			<trkpt lat="46.666843" lon="12.552878">
				<ele>2056.000000</ele>
			</trkpt>
			<trkpt lat="46.666856" lon="12.552950">
				<ele>2056.000000</ele>
			</trkpt>
			<trkpt lat="46.666831" lon="12.553013">
				<ele>2057.000000</ele>
			</trkpt>
			<trkpt lat="46.666874" lon="12.553094">
				<ele>2057.000000</ele>
			</trkpt>
			<trkpt lat="46.666911" lon="12.553130">
				<ele>2058.000000</ele>
			</trkpt>
			<trkpt lat="46.666967" lon="12.553291">
				<ele>2059.000000</ele>
			</trkpt>
			<trkpt lat="46.666998" lon="12.553462">
				<ele>2060.000000</ele>
			</trkpt>
			<trkpt lat="46.667053" lon="12.553615">
				<ele>2061.000000</ele>
			</trkpt>
			<trkpt lat="46.667115" lon="12.553803">
				<ele>2062.000000</ele>
			</trkpt>
			<trkpt lat="46.667158" lon="12.553929">
				<ele>2063.000000</ele>
			</trkpt>
			<trkpt lat="46.667214" lon="12.554243">
				<ele>2064.000000</ele>
			</trkpt>
			<trkpt lat="46.667201" lon="12.554333">
				<ele>2064.000000</ele>
			</trkpt>
			<trkpt lat="46.667214" lon="12.554468">
				<ele>2065.000000</ele>
			</trkpt>
			<trkpt lat="46.667220" lon="12.554558">
				<ele>2066.000000</ele>
			</trkpt>
			<trkpt lat="46.667275" lon="12.554692">
				<ele>2066.000000</ele>
			</trkpt>
			<trkpt lat="46.667343" lon="12.554828">
				<ele>2067.000000</ele>
			</trkpt>
			<trkpt lat="46.667417" lon="12.555017">
				<ele>2068.000000</ele>
			</trkpt>
			<trkpt lat="46.667460" lon="12.555250">
				<ele>2069.000000</ele>
			</trkpt>
			<trkpt lat="46.667540" lon="12.555474">
				<ele>2070.000000</ele>
			</trkpt>
			<trkpt lat="46.667596" lon="12.555609">
				<ele>2070.000000</ele>
			</trkpt>
			<trkpt lat="46.667688" lon="12.555933">
				<ele>2070.000000</ele>
			</trkpt>
			<trkpt lat="46.667719" lon="12.556130">
				<ele>2070.000000</ele>
			</trkpt>
			<trkpt lat="46.667787" lon="12.556238">
				<ele>2070.000000</ele>
			</trkpt>
			<trkpt lat="46.667836" lon="12.556327">
				<ele>2070.000000</ele>
			</trkpt>
			<trkpt lat="46.667879" lon="12.556426">
				<ele>2070.000000</ele>
			</trkpt>
			<trkpt lat="46.667928" lon="12.556507">
				<ele>2070.000000</ele>
			</trkpt>
			<trkpt lat="46.667972" lon="12.556589">
				<ele>2070.000000</ele>
			</trkpt>
			<trkpt lat="46.668101" lon="12.556686">
				<ele>2070.000000</ele>
			</trkpt>
			<trkpt lat="46.668329" lon="12.556912">
				<ele>2069.000000</ele>
			</trkpt>
			<trkpt lat="46.668440" lon="12.557118">
				<ele>2067.000000</ele>
			</trkpt>
			<trkpt lat="46.668397" lon="12.557378">
				<ele>2064.000000</ele>
			</trkpt>
			<trkpt lat="46.668514" lon="12.557783">
				<ele>2060.000000</ele>
			</trkpt>
			<trkpt lat="46.668644" lon="12.557990">
				<ele>2060.000000</ele>
			</trkpt>
			<trkpt lat="46.668705" lon="12.558178">
				<ele>2060.000000</ele>
			</trkpt>
			<trkpt lat="46.668773" lon="12.558447">
				<ele>2060.000000</ele>
			</trkpt>
			<trkpt lat="46.669007" lon="12.558852">
				<ele>2060.000000</ele>
			</trkpt>
			<trkpt lat="46.669168" lon="12.559185">
				<ele>2060.000000</ele>
			</trkpt>
			<trkpt lat="46.669328" lon="12.559365">
				<ele>2061.000000</ele>
			</trkpt>
			<trkpt lat="46.669531" lon="12.559642">
				<ele>2064.000000</ele>
			</trkpt>
			<trkpt lat="46.669716" lon="12.559957">
				<ele>2066.000000</ele>
			</trkpt>
			<trkpt lat="46.669982" lon="12.560191">
				<ele>2068.000000</ele>
			</trkpt>
			<trkpt lat="46.670179" lon="12.560407">
				<ele>2070.000000</ele>
			</trkpt>
			<trkpt lat="46.670314" lon="12.560621">
				<ele>2074.000000</ele>
			</trkpt>
			<trkpt lat="46.670401" lon="12.560657">
				<ele>2076.000000</ele>
			</trkpt>
			<trkpt lat="46.670407" lon="12.560711">
				<ele>2077.000000</ele>
			</trkpt>
			<trkpt lat="46.670351" lon="12.560747">
				<ele>2079.000000</ele>
			</trkpt>
			<trkpt lat="46.670456" lon="12.560847">
				<ele>2082.000000</ele>
			</trkpt>
			<trkpt lat="46.670554" lon="12.560873">
				<ele>2085.000000</ele>
			</trkpt>
			<trkpt lat="46.670672" lon="12.560944">
				<ele>2088.000000</ele>
			</trkpt>
			<trkpt lat="46.670598" lon="12.560981">
				<ele>2091.000000</ele>
			</trkpt>
			<trkpt lat="46.670542" lon="12.561053">
				<ele>2093.000000</ele>
			</trkpt>
			<trkpt lat="46.670345" lon="12.561179">
				<ele>2099.000000</ele>
			</trkpt>
			<trkpt lat="46.670265" lon="12.561277">
				<ele>2102.000000</ele>
			</trkpt>
			<trkpt lat="46.670154" lon="12.561304">
				<ele>2106.000000</ele>
			</trkpt>
			<trkpt lat="46.670129" lon="12.561340">
				<ele>2107.000000</ele>
			</trkpt>
			<trkpt lat="46.670185" lon="12.561421">
				<ele>2110.000000</ele>
			</trkpt>
			<trkpt lat="46.670123" lon="12.561430">
				<ele>2112.000000</ele>
			</trkpt>
			<trkpt lat="46.670160" lon="12.561475">
				<ele>2114.000000</ele>
			</trkpt>
			<trkpt lat="46.670073" lon="12.561556">
				<ele>2117.000000</ele>
			</trkpt>
			<trkpt lat="46.670148" lon="12.561636">
				<ele>2121.000000</ele>
			</trkpt>
			<trkpt lat="46.670173" lon="12.561709">
				<ele>2122.000000</ele>
			</trkpt>
			<trkpt lat="46.670080" lon="12.561772">
				<ele>2126.000000</ele>
			</trkpt>
			<trkpt lat="46.670080" lon="12.561807">
				<ele>2127.000000</ele>
			</trkpt>
			<trkpt lat="46.669913" lon="12.561933">
				<ele>2133.000000</ele>
			</trkpt>
			<trkpt lat="46.669821" lon="12.561933">
				<ele>2135.000000</ele>
			</trkpt>
			<trkpt lat="46.669753" lon="12.561897">
				<ele>2137.000000</ele>
			</trkpt>
			<trkpt lat="46.669654" lon="12.561933">
				<ele>2140.000000</ele>
			</trkpt>
			<trkpt lat="46.669685" lon="12.562104">
				<ele>2143.000000</ele>
			</trkpt>
			<trkpt lat="46.669735" lon="12.562212">
				<ele>2146.000000</ele>
			</trkpt>
			<trkpt lat="46.669803" lon="12.562292">
				<ele>2148.000000</ele>
			</trkpt>
			<trkpt lat="46.669858" lon="12.562373">
				<ele>2150.000000</ele>
			</trkpt>
			<trkpt lat="46.669772" lon="12.562552">
				<ele>2153.000000</ele>
			</trkpt>
			<trkpt lat="46.669544" lon="12.562562">
				<ele>2159.000000</ele>
			</trkpt>
			<trkpt lat="46.669463" lon="12.562508">
				<ele>2161.000000</ele>
			</trkpt>
			<trkpt lat="46.669334" lon="12.562625">
				<ele>2166.000000</ele>
			</trkpt>
			<trkpt lat="46.669174" lon="12.562868">
				<ele>2172.000000</ele>
			</trkpt>
			<trkpt lat="46.669081" lon="12.562678">
				<ele>2175.000000</ele>
			</trkpt>
			<trkpt lat="46.669019" lon="12.562499">
				<ele>2177.000000</ele>
			</trkpt>
			<trkpt lat="46.669001" lon="12.562338">
				<ele>2180.000000</ele>
			</trkpt>
			<trkpt lat="46.668897" lon="12.562212">
				<ele>2180.000000</ele>
			</trkpt>
			<trkpt lat="46.668822" lon="12.561942">
				<ele>2180.000000</ele>
			</trkpt>
			<trkpt lat="46.668712" lon="12.561753">
				<ele>2180.000000</ele>
			</trkpt>
			<trkpt lat="46.668613" lon="12.561600">
				<ele>2180.000000</ele>
			</trkpt>
			<trkpt lat="46.668613" lon="12.561484">
				<ele>2180.000000</ele>
			</trkpt>
			<trkpt lat="46.668514" lon="12.561214">
				<ele>2180.000000</ele>
			</trkpt>
			<trkpt lat="46.668280" lon="12.561107">
				<ele>2180.000000</ele>
			</trkpt>
			<trkpt lat="46.668107" lon="12.560900">
				<ele>2180.000000</ele>
			</trkpt>
			<trkpt lat="46.668021" lon="12.560855">
				<ele>2180.000000</ele>
			</trkpt>
			<trkpt lat="46.667935" lon="12.560810">
				<ele>2180.000000</ele>
			</trkpt>
			<trkpt lat="46.667824" lon="12.560675">
				<ele>2180.000000</ele>
			</trkpt>
			<trkpt lat="46.667768" lon="12.560468">
				<ele>2180.000000</ele>
			</trkpt>
			<trkpt lat="46.667596" lon="12.560191">
				<ele>2180.000000</ele>
			</trkpt>
			<trkpt lat="46.667411" lon="12.559786">
				<ele>2180.000000</ele>
			</trkpt>
			<trkpt lat="46.667312" lon="12.559652">
				<ele>2180.000000</ele>
			</trkpt>
			<trkpt lat="46.667214" lon="12.559562">
				<ele>2180.000000</ele>
			</trkpt>
			<trkpt lat="46.667047" lon="12.559598">
				<ele>2180.000000</ele>
			</trkpt>
			<trkpt lat="46.666899" lon="12.559526">
				<ele>2180.000000</ele>
			</trkpt>
			<trkpt lat="46.666813" lon="12.559426">
				<ele>2180.000000</ele>
			</trkpt>
			<trkpt lat="46.666511" lon="12.559310">
				<ele>2181.000000</ele>
			</trkpt>
			<trkpt lat="46.666252" lon="12.559365">
				<ele>2184.000000</ele>
			</trkpt>
			<trkpt lat="46.666048" lon="12.559346">
				<ele>2186.000000</ele>
			</trkpt>
			<trkpt lat="46.665986" lon="12.559328">
				<ele>2187.000000</ele>
			</trkpt>
			<trkpt lat="46.665931" lon="12.559373">
				<ele>2187.000000</ele>
			</trkpt>
			<trkpt lat="46.665857" lon="12.559319">
				<ele>2188.000000</ele>
			</trkpt>
			<trkpt lat="46.665764" lon="12.559247">
				<ele>2190.000000</ele>
			</trkpt>
			<trkpt lat="46.665635" lon="12.559220">
				<ele>2191.000000</ele>
			</trkpt>
			<trkpt lat="46.665549" lon="12.559220">
				<ele>2192.000000</ele>
			</trkpt>
			<trkpt lat="46.665488" lon="12.559265">
				<ele>2192.000000</ele>
			</trkpt>
			<trkpt lat="46.665389" lon="12.559409">
				<ele>2194.000000</ele>
			</trkpt>
			<trkpt lat="46.665376" lon="12.559489">
				<ele>2194.000000</ele>
			</trkpt>
			<trkpt lat="46.665327" lon="12.559535">
				<ele>2195.000000</ele>
			</trkpt>
			<trkpt lat="46.665302" lon="12.559688">
				<ele>2196.000000</ele>
			</trkpt>
			<trkpt lat="46.665260" lon="12.559822">
				<ele>2197.000000</ele>
			</trkpt>
			<trkpt lat="46.665185" lon="12.559868">
				<ele>2198.000000</ele>
			</trkpt>
			<trkpt lat="46.665044" lon="12.559965">
				<ele>2200.000000</ele>
			</trkpt>
			<trkpt lat="46.664982" lon="12.560011">
				<ele>2200.000000</ele>
			</trkpt>
			<trkpt lat="46.664951" lon="12.560128">
				<ele>2200.000000</ele>
			</trkpt>
			<trkpt lat="46.664889" lon="12.560244">
				<ele>2200.000000</ele>
			</trkpt>
			<trkpt lat="46.664791" lon="12.560378">
				<ele>2200.000000</ele>
			</trkpt>
			<trkpt lat="46.664692" lon="12.560657">
				<ele>2200.000000</ele>
			</trkpt>
			<trkpt lat="46.664476" lon="12.560936">
				<ele>2200.000000</ele>
			</trkpt>
			<trkpt lat="46.664260" lon="12.561143">
				<ele>2200.000000</ele>
			</trkpt>
			<trkpt lat="46.664156" lon="12.561304">
				<ele>2200.000000</ele>
			</trkpt>
			<trkpt lat="46.664088" lon="12.561484">
				<ele>2200.000000</ele>
			</trkpt>
			<trkpt lat="46.664038" lon="12.561539">
				<ele>2200.000000</ele>
			</trkpt>
			<trkpt lat="46.663946" lon="12.561583">
				<ele>2200.000000</ele>
			</trkpt>
			<trkpt lat="46.663866" lon="12.561690">
				<ele>2200.000000</ele>
			</trkpt>
			<trkpt lat="46.663866" lon="12.561780">
				<ele>2200.000000</ele>
			</trkpt>
			<trkpt lat="46.663823" lon="12.561889">
				<ele>2200.000000</ele>
			</trkpt>
			<trkpt lat="46.663656" lon="12.562068">
				<ele>2200.000000</ele>
			</trkpt>
			<trkpt lat="46.663582" lon="12.562095">
				<ele>2200.000000</ele>
			</trkpt>
			<trkpt lat="46.663533" lon="12.562193">
				<ele>2200.000000</ele>
			</trkpt>
			<trkpt lat="46.663453" lon="12.562248">
				<ele>2200.000000</ele>
			</trkpt>
			<trkpt lat="46.663409" lon="12.562319">
				<ele>2200.000000</ele>
			</trkpt>
			<trkpt lat="46.663299" lon="12.562391">
				<ele>2200.000000</ele>
			</trkpt>
			<trkpt lat="46.663096" lon="12.562589">
				<ele>2200.000000</ele>
			</trkpt>
			<trkpt lat="46.662929" lon="12.562697">
				<ele>2200.000000</ele>
			</trkpt>
			<trkpt lat="46.662756" lon="12.562841">
				<ele>2200.000000</ele>
			</trkpt>
			<trkpt lat="46.662658" lon="12.562841">
				<ele>2200.000000</ele>
			</trkpt>
			<trkpt lat="46.662583" lon="12.562849">
				<ele>2200.000000</ele>
			</trkpt>
			<trkpt lat="46.662510" lon="12.562904">
				<ele>2200.000000</ele>
			</trkpt>
			<trkpt lat="46.662399" lon="12.562885">
				<ele>2200.000000</ele>
			</trkpt>
			<trkpt lat="46.662282" lon="12.562921">
				<ele>2200.000000</ele>
			</trkpt>
			<trkpt lat="46.662220" lon="12.562984">
				<ele>2200.000000</ele>
			</trkpt>
			<trkpt lat="46.662004" lon="12.562957">
				<ele>2200.000000</ele>
			</trkpt>
			<trkpt lat="46.661813" lon="12.562984">
				<ele>2200.000000</ele>
			</trkpt>
			<trkpt lat="46.661641" lon="12.563028">
				<ele>2200.000000</ele>
			</trkpt>
			<trkpt lat="46.661505" lon="12.563101">
				<ele>2200.000000</ele>
			</trkpt>
			<trkpt lat="46.661307" lon="12.563118">
				<ele>2200.000000</ele>
			</trkpt>
			<trkpt lat="46.661172" lon="12.563173">
				<ele>2200.000000</ele>
			</trkpt>
			<trkpt lat="46.661122" lon="12.563263">
				<ele>2200.000000</ele>
			</trkpt>
			<trkpt lat="46.661024" lon="12.563380">
				<ele>2200.000000</ele>
			</trkpt>
			<trkpt lat="46.660993" lon="12.563505">
				<ele>2201.000000</ele>
			</trkpt>
			<trkpt lat="46.660969" lon="12.563667">
				<ele>2202.000000</ele>
			</trkpt>
			<trkpt lat="46.660863" lon="12.563856">
				<ele>2204.000000</ele>
			</trkpt>
			<trkpt lat="46.660796" lon="12.563973">
				<ele>2205.000000</ele>
			</trkpt>
			<trkpt lat="46.660697" lon="12.564126">
				<ele>2206.000000</ele>
			</trkpt>
			<trkpt lat="46.660635" lon="12.564189">
				<ele>2207.000000</ele>
			</trkpt>
			<trkpt lat="46.660611" lon="12.564395">
				<ele>2208.000000</ele>
			</trkpt>
			<trkpt lat="46.660580" lon="12.564449">
				<ele>2209.000000</ele>
			</trkpt>
			<trkpt lat="46.660574" lon="12.564547">
				<ele>2209.000000</ele>
			</trkpt>
			<trkpt lat="46.660525" lon="12.564709">
				<ele>2210.000000</ele>
			</trkpt>
			<trkpt lat="46.660481" lon="12.564754">
				<ele>2210.000000</ele>
			</trkpt>
			<trkpt lat="46.660463" lon="12.564781">
				<ele>2209.000000</ele>
			</trkpt>
			<trkpt lat="46.660438" lon="12.564772">
				<ele>2207.000000</ele>
			</trkpt>
			<trkpt lat="46.660432" lon="12.564835">
				<ele>2204.000000</ele>
			</trkpt>
			<trkpt lat="46.660426" lon="12.564871">
				<ele>2202.000000</ele>
			</trkpt>
			<trkpt lat="46.660401" lon="12.564898">
				<ele>2200.000000</ele>
			</trkpt>
			<trkpt lat="46.660401" lon="12.564933">
				<ele>2198.000000</ele>
			</trkpt>
			<trkpt lat="46.660413" lon="12.564969">
				<ele>2197.000000</ele>
			</trkpt>
			<trkpt lat="46.660377" lon="12.564996">
				<ele>2195.000000</ele>
			</trkpt>
			<trkpt lat="46.660389" lon="12.565041">
				<ele>2193.000000</ele>
			</trkpt>
			<trkpt lat="46.660321" lon="12.565032">
				<ele>2190.000000</ele>
			</trkpt>
			<trkpt lat="46.660407" lon="12.565141">
				<ele>2185.000000</ele>
			</trkpt>
			<trkpt lat="46.660334" lon="12.565168">
				<ele>2181.000000</ele>
			</trkpt>
			<trkpt lat="46.660407" lon="12.565302">
				<ele>2177.000000</ele>
			</trkpt>
			<trkpt lat="46.660371" lon="12.565311">
				<ele>2176.000000</ele>
			</trkpt>
			<trkpt lat="46.660463" lon="12.565464">
				<ele>2172.000000</ele>
			</trkpt>
			<trkpt lat="46.660234" lon="12.565401">
				<ele>2164.000000</ele>
			</trkpt>
			<trkpt lat="46.660284" lon="12.565527">
				<ele>2161.000000</ele>
			</trkpt>
			<trkpt lat="46.660185" lon="12.565518">
				<ele>2157.000000</ele>
			</trkpt>
			<trkpt lat="46.660173" lon="12.565554">
				<ele>2156.000000</ele>
			</trkpt>
			<trkpt lat="46.660198" lon="12.565625">
				<ele>2153.000000</ele>
			</trkpt>
			<trkpt lat="46.660198" lon="12.565751">
				<ele>2148.000000</ele>
			</trkpt>
			<trkpt lat="46.660185" lon="12.565787">
				<ele>2147.000000</ele>
			</trkpt>
			<trkpt lat="46.660087" lon="12.565797">
				<ele>2142.000000</ele>
			</trkpt>
			<trkpt lat="46.660012" lon="12.565886">
				<ele>2139.000000</ele>
			</trkpt>
			<trkpt lat="46.659939" lon="12.565877">
				<ele>2137.000000</ele>
			</trkpt>
			<trkpt lat="46.659748" lon="12.565921">
				<ele>2133.000000</ele>
			</trkpt>
			<trkpt lat="46.659674" lon="12.565984">
				<ele>2132.000000</ele>
			</trkpt>
			<trkpt lat="46.659630" lon="12.566093">
				<ele>2130.000000</ele>
			</trkpt>
			<trkpt lat="46.659569" lon="12.566110">
				<ele>2128.000000</ele>
			</trkpt>
			<trkpt lat="46.659495" lon="12.566065">
				<ele>2127.000000</ele>
			</trkpt>
			<trkpt lat="46.659464" lon="12.566093">
				<ele>2126.000000</ele>
			</trkpt>
			<trkpt lat="46.659408" lon="12.566218">
				<ele>2123.000000</ele>
			</trkpt>
			<trkpt lat="46.659427" lon="12.566371">
				<ele>2121.000000</ele>
			</trkpt>
			<trkpt lat="46.659427" lon="12.566416">
				<ele>2120.000000</ele>
			</trkpt>
			<trkpt lat="46.659384" lon="12.566424">
				<ele>2119.000000</ele>
			</trkpt>
			<trkpt lat="46.659304" lon="12.566550">
				<ele>2114.000000</ele>
			</trkpt>
			<trkpt lat="46.659230" lon="12.566533">
				<ele>2110.000000</ele>
			</trkpt>
			<trkpt lat="46.659217" lon="12.566586">
				<ele>2109.000000</ele>
			</trkpt>
			<trkpt lat="46.659174" lon="12.566514">
				<ele>2106.000000</ele>
			</trkpt>
			<trkpt lat="46.659143" lon="12.566514">
				<ele>2105.000000</ele>
			</trkpt>
			<trkpt lat="46.659119" lon="12.566623">
				<ele>2102.000000</ele>
			</trkpt>
			<trkpt lat="46.659094" lon="12.566604">
				<ele>2100.000000</ele>
			</trkpt>
			<trkpt lat="46.659076" lon="12.566604">
				<ele>2100.000000</ele>
			</trkpt>
			<trkpt lat="46.659107" lon="12.566928">
				<ele>2093.000000</ele>
			</trkpt>
			<trkpt lat="46.659094" lon="12.566936">
				<ele>2092.000000</ele>
			</trkpt>
			<trkpt lat="46.659008" lon="12.566865">
				<ele>2088.000000</ele>
			</trkpt>
			<trkpt lat="46.658995" lon="12.566946">
				<ele>2086.000000</ele>
			</trkpt>
			<trkpt lat="46.658971" lon="12.566955">
				<ele>2085.000000</ele>
			</trkpt>
			<trkpt lat="46.658946" lon="12.567135">
				<ele>2080.000000</ele>
			</trkpt>
			<trkpt lat="46.658903" lon="12.567126">
				<ele>2078.000000</ele>
			</trkpt>
			<trkpt lat="46.658860" lon="12.567179">
				<ele>2076.000000</ele>
			</trkpt>
			<trkpt lat="46.658842" lon="12.567225">
				<ele>2075.000000</ele>
			</trkpt>
			<trkpt lat="46.658866" lon="12.567296">
				<ele>2073.000000</ele>
			</trkpt>
			<trkpt lat="46.658860" lon="12.567359">
				<ele>2072.000000</ele>
			</trkpt>
			<trkpt lat="46.658773" lon="12.567458">
				<ele>2068.000000</ele>
			</trkpt>
			<trkpt lat="46.658755" lon="12.567539">
				<ele>2067.000000</ele>
			</trkpt>
			<trkpt lat="46.658773" lon="12.567611">
				<ele>2065.000000</ele>
			</trkpt>
			<trkpt lat="46.658527" lon="12.567592">
				<ele>2059.000000</ele>
			</trkpt>
			<trkpt lat="46.658435" lon="12.567539">
				<ele>2057.000000</ele>
			</trkpt>
			<trkpt lat="46.658391" lon="12.567502">
				<ele>2056.000000</ele>
			</trkpt>
			<trkpt lat="46.658194" lon="12.567592">
				<ele>2051.000000</ele>
			</trkpt>
			<trkpt lat="46.658046" lon="12.567628">
				<ele>2048.000000</ele>
			</trkpt>
			<trkpt lat="46.658003" lon="12.567665">
				<ele>2046.000000</ele>
			</trkpt>
			<trkpt lat="46.657806" lon="12.567709">
				<ele>2041.000000</ele>
			</trkpt>
			<trkpt lat="46.657769" lon="12.567736">
				<ele>2040.000000</ele>
			</trkpt>
			<trkpt lat="46.657719" lon="12.567745">
				<ele>2038.000000</ele>
			</trkpt>
			<trkpt lat="46.657578" lon="12.567673">
				<ele>2034.000000</ele>
			</trkpt>
			<trkpt lat="46.657540" lon="12.567673">
				<ele>2033.000000</ele>
			</trkpt>
			<trkpt lat="46.657485" lon="12.567692">
				<ele>2031.000000</ele>
			</trkpt>
			<trkpt lat="46.657380" lon="12.567755">
				<ele>2029.000000</ele>
			</trkpt>
			<trkpt lat="46.657214" lon="12.567791">
				<ele>2025.000000</ele>
			</trkpt>
			<trkpt lat="46.657146" lon="12.567862">
				<ele>2023.000000</ele>
			</trkpt>
			<trkpt lat="46.657004" lon="12.568212">
				<ele>2017.000000</ele>
			</trkpt>
			<trkpt lat="46.656887" lon="12.568347">
				<ele>2014.000000</ele>
			</trkpt>
			<trkpt lat="46.656862" lon="12.568437">
				<ele>2013.000000</ele>
			</trkpt>
			<trkpt lat="46.656652" lon="12.568823">
				<ele>2007.000000</ele>
			</trkpt>
			<trkpt lat="46.656615" lon="12.568931">
				<ele>2006.000000</ele>
			</trkpt>
			<trkpt lat="46.656597" lon="12.569120">
				<ele>2004.000000</ele>
			</trkpt>
			<trkpt lat="46.656573" lon="12.569173">
				<ele>2003.000000</ele>
			</trkpt>
			<trkpt lat="46.656523" lon="12.569191">
				<ele>2002.000000</ele>
			</trkpt>
			<trkpt lat="46.656474" lon="12.569246">
				<ele>2001.000000</ele>
			</trkpt>
			<trkpt lat="46.656443" lon="12.569326">
				<ele>2000.000000</ele>
			</trkpt>
			<trkpt lat="46.656455" lon="12.569426">
				<ele>2000.000000</ele>
			</trkpt>
			<trkpt lat="46.656443" lon="12.569489">
				<ele>2000.000000</ele>
			</trkpt>
			<trkpt lat="46.656443" lon="12.569533">
				<ele>2000.000000</ele>
			</trkpt>
			<trkpt lat="46.656498" lon="12.569650">
				<ele>1999.000000</ele>
			</trkpt>
			<trkpt lat="46.656529" lon="12.569730">
				<ele>1997.000000</ele>
			</trkpt>
			<trkpt lat="46.656517" lon="12.569785">
				<ele>1997.000000</ele>
			</trkpt>
			<trkpt lat="46.656498" lon="12.569812">
				<ele>1996.000000</ele>
			</trkpt>
			<trkpt lat="46.656467" lon="12.569839">
				<ele>1996.000000</ele>
			</trkpt>
			<trkpt lat="46.656430" lon="12.569875">
				<ele>1995.000000</ele>
			</trkpt>
			<trkpt lat="46.656424" lon="12.569937">
				<ele>1994.000000</ele>
			</trkpt>
			<trkpt lat="46.656437" lon="12.570009">
				<ele>1993.000000</ele>
			</trkpt>
			<trkpt lat="46.656467" lon="12.570099">
				<ele>1992.000000</ele>
			</trkpt>
			<trkpt lat="46.656529" lon="12.570206">
				<ele>1990.000000</ele>
			</trkpt>
			<trkpt lat="46.656542" lon="12.570305">
				<ele>1989.000000</ele>
			</trkpt>
			<trkpt lat="46.656548" lon="12.570386">
				<ele>1988.000000</ele>
			</trkpt>
			<trkpt lat="46.656573" lon="12.570512">
				<ele>1987.000000</ele>
			</trkpt>
			<trkpt lat="46.656597" lon="12.570638">
				<ele>1985.000000</ele>
			</trkpt>
			<trkpt lat="46.656609" lon="12.570755">
				<ele>1984.000000</ele>
			</trkpt>
			<trkpt lat="46.656548" lon="12.570944">
				<ele>1982.000000</ele>
			</trkpt>
			<trkpt lat="46.656474" lon="12.571131">
				<ele>1980.000000</ele>
			</trkpt>
			<trkpt lat="46.656381" lon="12.571276">
				<ele>1979.000000</ele>
			</trkpt>
			<trkpt lat="46.656332" lon="12.571357">
				<ele>1978.000000</ele>
			</trkpt>
			<trkpt lat="46.656227" lon="12.571483">
				<ele>1977.000000</ele>
			</trkpt>
			<trkpt lat="46.656190" lon="12.571536">
				<ele>1976.000000</ele>
			</trkpt>
			<trkpt lat="46.656190" lon="12.571626">
				<ele>1976.000000</ele>
			</trkpt>
			<trkpt lat="46.656227" lon="12.571697">
				<ele>1976.000000</ele>
			</trkpt>
			<trkpt lat="46.656258" lon="12.571760">
				<ele>1975.000000</ele>
			</trkpt>
			<trkpt lat="46.656264" lon="12.571806">
				<ele>1975.000000</ele>
			</trkpt>
			<trkpt lat="46.656270" lon="12.571860">
				<ele>1975.000000</ele>
			</trkpt>
			<trkpt lat="46.656276" lon="12.571913">
				<ele>1974.000000</ele>
			</trkpt>
			<trkpt lat="46.656283" lon="12.571994">
				<ele>1974.000000</ele>
			</trkpt>
			<trkpt lat="46.656289" lon="12.572110">
				<ele>1973.000000</ele>
			</trkpt>
			<trkpt lat="46.656320" lon="12.572228">
				<ele>1972.000000</ele>
			</trkpt>
			<trkpt lat="46.656338" lon="12.572300">
				<ele>1972.000000</ele>
			</trkpt>
			<trkpt lat="46.656369" lon="12.572345">
				<ele>1972.000000</ele>
			</trkpt>
			<trkpt lat="46.656387" lon="12.572443">
				<ele>1971.000000</ele>
			</trkpt>
			<trkpt lat="46.656412" lon="12.572497">
				<ele>1971.000000</ele>
			</trkpt>
			<trkpt lat="46.656437" lon="12.572560">
				<ele>1970.000000</ele>
			</trkpt>
			<trkpt lat="46.656480" lon="12.572722">
				<ele>1969.000000</ele>
			</trkpt>
			<trkpt lat="46.656505" lon="12.572829">
				<ele>1968.000000</ele>
			</trkpt>
			<trkpt lat="46.656536" lon="12.572911">
				<ele>1966.000000</ele>
			</trkpt>
			<trkpt lat="46.656536" lon="12.573045">
				<ele>1965.000000</ele>
			</trkpt>
			<trkpt lat="46.656529" lon="12.573108">
				<ele>1964.000000</ele>
			</trkpt>
			<trkpt lat="46.656542" lon="12.573189">
				<ele>1963.000000</ele>
			</trkpt>
			<trkpt lat="46.656585" lon="12.573252">
				<ele>1962.000000</ele>
			</trkpt>
			<trkpt lat="46.656621" lon="12.573414">
				<ele>1960.000000</ele>
			</trkpt>
			<trkpt lat="46.656671" lon="12.573557">
				<ele>1959.000000</ele>
			</trkpt>
			<trkpt lat="46.656764" lon="12.573718">
				<ele>1957.000000</ele>
			</trkpt>
			<trkpt lat="46.656801" lon="12.573791">
				<ele>1956.000000</ele>
			</trkpt>
			<trkpt lat="46.656850" lon="12.573890">
				<ele>1955.000000</ele>
			</trkpt>
			<trkpt lat="46.656893" lon="12.573997">
				<ele>1954.000000</ele>
			</trkpt>
			<trkpt lat="46.656949" lon="12.574267">
				<ele>1951.000000</ele>
			</trkpt>
			<trkpt lat="46.656967" lon="12.574456">
				<ele>1949.000000</ele>
			</trkpt>
			<trkpt lat="46.656998" lon="12.574563">
				<ele>1948.000000</ele>
			</trkpt>
			<trkpt lat="46.657041" lon="12.574644">
				<ele>1947.000000</ele>
			</trkpt>
			<trkpt lat="46.657090" lon="12.574707">
				<ele>1946.000000</ele>
			</trkpt>
			<trkpt lat="46.657140" lon="12.574823">
				<ele>1945.000000</ele>
			</trkpt>
			<trkpt lat="46.657214" lon="12.574959">
				<ele>1944.000000</ele>
			</trkpt>
			<trkpt lat="46.657269" lon="12.575120">
				<ele>1942.000000</ele>
			</trkpt>
			<trkpt lat="46.657226" lon="12.575165">
				<ele>1941.000000</ele>
			</trkpt>
			<trkpt lat="46.657244" lon="12.575229">
				<ele>1940.000000</ele>
			</trkpt>
			<trkpt lat="46.657287" lon="12.575229">
				<ele>1940.000000</ele>
			</trkpt>
			<trkpt lat="46.657294" lon="12.575292">
				<ele>1939.000000</ele>
			</trkpt>
			<trkpt lat="46.657337" lon="12.575345">
				<ele>1938.000000</ele>
			</trkpt>
			<trkpt lat="46.657349" lon="12.575416">
				<ele>1938.000000</ele>
			</trkpt>
			<trkpt lat="46.657393" lon="12.575489">
				<ele>1937.000000</ele>
			</trkpt>
			<trkpt lat="46.657429" lon="12.575552">
				<ele>1936.000000</ele>
			</trkpt>
			<trkpt lat="46.657491" lon="12.575632">
				<ele>1935.000000</ele>
			</trkpt>
			<trkpt lat="46.657571" lon="12.575758">
				<ele>1933.000000</ele>
			</trkpt>
			<trkpt lat="46.657664" lon="12.575831">
				<ele>1932.000000</ele>
			</trkpt>
			<trkpt lat="46.657688" lon="12.575921">
				<ele>1931.000000</ele>
			</trkpt>
			<trkpt lat="46.657744" lon="12.576001">
				<ele>1929.000000</ele>
			</trkpt>
			<trkpt lat="46.657775" lon="12.576072">
				<ele>1928.000000</ele>
			</trkpt>
			<trkpt lat="46.657818" lon="12.576127">
				<ele>1927.000000</ele>
			</trkpt>
			<trkpt lat="46.657837" lon="12.576154">
				<ele>1926.000000</ele>
			</trkpt>
			<trkpt lat="46.657855" lon="12.576181">
				<ele>1926.000000</ele>
			</trkpt>
			<trkpt lat="46.657855" lon="12.576208">
				<ele>1925.000000</ele>
			</trkpt>
			<trkpt lat="46.657885" lon="12.576261">
				<ele>1924.000000</ele>
			</trkpt>
			<trkpt lat="46.657910" lon="12.576297">
				<ele>1923.000000</ele>
			</trkpt>
			<trkpt lat="46.657966" lon="12.576324">
				<ele>1922.000000</ele>
			</trkpt>
			<trkpt lat="46.658009" lon="12.576387">
				<ele>1921.000000</ele>
			</trkpt>
			<trkpt lat="46.658028" lon="12.576423">
				<ele>1920.000000</ele>
			</trkpt>
			<trkpt lat="46.658034" lon="12.576513">
				<ele>1919.000000</ele>
			</trkpt>
			<trkpt lat="46.658058" lon="12.576567">
				<ele>1918.000000</ele>
			</trkpt>
			<trkpt lat="46.658040" lon="12.576647">
				<ele>1917.000000</ele>
			</trkpt>
			<trkpt lat="46.658064" lon="12.576728">
				<ele>1915.000000</ele>
			</trkpt>
			<trkpt lat="46.658071" lon="12.576800">
				<ele>1914.000000</ele>
			</trkpt>
			<trkpt lat="46.658151" lon="12.576917">
				<ele>1912.000000</ele>
			</trkpt>
			<trkpt lat="46.658225" lon="12.577007">
				<ele>1910.000000</ele>
			</trkpt>
			<trkpt lat="46.658237" lon="12.577123">
				<ele>1910.000000</ele>
			</trkpt>
			<trkpt lat="46.658244" lon="12.577177">
				<ele>1910.000000</ele>
			</trkpt>
			<trkpt lat="46.658305" lon="12.577286">
				<ele>1910.000000</ele>
			</trkpt>
			<trkpt lat="46.658391" lon="12.577366">
				<ele>1910.000000</ele>
			</trkpt>
			<trkpt lat="46.658416" lon="12.577563">
				<ele>1911.000000</ele>
			</trkpt>
			<trkpt lat="46.658502" lon="12.577779">
				<ele>1912.000000</ele>
			</trkpt>
			<trkpt lat="46.658558" lon="12.577905">
				<ele>1913.000000</ele>
			</trkpt>
			<trkpt lat="46.658589" lon="12.578039">
				<ele>1914.000000</ele>
			</trkpt>
			<trkpt lat="46.658619" lon="12.578166">
				<ele>1914.000000</ele>
			</trkpt>
			<trkpt lat="46.658607" lon="12.578274">
				<ele>1915.000000</ele>
			</trkpt>
			<trkpt lat="46.658589" lon="12.578391">
				<ele>1915.000000</ele>
			</trkpt>
			<trkpt lat="46.658589" lon="12.578542">
				<ele>1916.000000</ele>
			</trkpt>
			<trkpt lat="46.658558" lon="12.578687">
				<ele>1916.000000</ele>
			</trkpt>
			<trkpt lat="46.658595" lon="12.578839">
				<ele>1917.000000</ele>
			</trkpt>
			<trkpt lat="46.658632" lon="12.578984">
				<ele>1918.000000</ele>
			</trkpt>
			<trkpt lat="46.658681" lon="12.579198">
				<ele>1919.000000</ele>
			</trkpt>
			<trkpt lat="46.658706" lon="12.579792">
				<ele>1922.000000</ele>
			</trkpt>
			<trkpt lat="46.658730" lon="12.579980">
				<ele>1923.000000</ele>
			</trkpt>
			<trkpt lat="46.658730" lon="12.580106">
				<ele>1924.000000</ele>
			</trkpt>
			<trkpt lat="46.658798" lon="12.580259">
				<ele>1925.000000</ele>
			</trkpt>
			<trkpt lat="46.658817" lon="12.580519">
				<ele>1927.000000</ele>
			</trkpt>
			<trkpt lat="46.658879" lon="12.580681">
				<ele>1928.000000</ele>
			</trkpt>
			<trkpt lat="46.658928" lon="12.580771">
				<ele>1929.000000</ele>
			</trkpt>
			<trkpt lat="46.659070" lon="12.580905">
				<ele>1930.000000</ele>
			</trkpt>
			<trkpt lat="46.659149" lon="12.580978">
				<ele>1931.000000</ele>
			</trkpt>
			<trkpt lat="46.659205" lon="12.580986">
				<ele>1931.000000</ele>
			</trkpt>
			<trkpt lat="46.659279" lon="12.581095">
				<ele>1932.000000</ele>
			</trkpt>
			<trkpt lat="46.659415" lon="12.581247">
				<ele>1933.000000</ele>
			</trkpt>
			<trkpt lat="46.659477" lon="12.581292">
				<ele>1933.000000</ele>
			</trkpt>
			<trkpt lat="46.659599" lon="12.581400">
				<ele>1934.000000</ele>
			</trkpt>
			<trkpt lat="46.659655" lon="12.581471">
				<ele>1935.000000</ele>
			</trkpt>
			<trkpt lat="46.659680" lon="12.581552">
				<ele>1935.000000</ele>
			</trkpt>
			<trkpt lat="46.659736" lon="12.581634">
				<ele>1936.000000</ele>
			</trkpt>
			<trkpt lat="46.659803" lon="12.581777">
				<ele>1936.000000</ele>
			</trkpt>
			<trkpt lat="46.659821" lon="12.581911">
				<ele>1937.000000</ele>
			</trkpt>
			<trkpt lat="46.659828" lon="12.582001">
				<ele>1937.000000</ele>
			</trkpt>
			<trkpt lat="46.659859" lon="12.582127">
				<ele>1938.000000</ele>
			</trkpt>
			<trkpt lat="46.659871" lon="12.582297">
				<ele>1938.000000</ele>
			</trkpt>
			<trkpt lat="46.659815" lon="12.582226">
				<ele>1939.000000</ele>
			</trkpt>
			<trkpt lat="46.659723" lon="12.582200">
				<ele>1939.000000</ele>
			</trkpt>
		</trkseg>
	</trk>
</gpx>

