<?xml version="1.0" encoding="utf-8"?>
<gpx xmlns="http://www.topografix.com/GPX/1/1" version="1.1" creator="https://mapy.com/">
	<trk>
		<name>den 8</name>
		<trkseg>
			<trkpt lat="46.570819" lon="13.238167">
				<ele>1624.000000</ele>
			</trkpt>
			<trkpt lat="46.570677" lon="13.238238">
				<ele>1625.000000</ele>
			</trkpt>
			<trkpt lat="46.570436" lon="13.238382">
				<ele>1627.000000</ele>
			</trkpt>
			<trkpt lat="46.570213" lon="13.238355">
				<ele>1629.000000</ele>
			</trkpt>
			<trkpt lat="46.569738" lon="13.238122">
				<ele>1633.000000</ele>
			</trkpt>
			<trkpt lat="46.569120" lon="13.237978">
				<ele>1641.000000</ele>
			</trkpt>
			<trkpt lat="46.568799" lon="13.237879">
				<ele>1647.000000</ele>
			</trkpt>
			<trkpt lat="46.568664" lon="13.237906">
				<ele>1649.000000</ele>
			</trkpt>
			<trkpt lat="46.568589" lon="13.238041">
				<ele>1649.000000</ele>
			</trkpt>
			<trkpt lat="46.568565" lon="13.238122">
				<ele>1648.000000</ele>
			</trkpt>
			<trkpt lat="46.568485" lon="13.238284">
				<ele>1648.000000</ele>
			</trkpt>
			<trkpt lat="46.568416" lon="13.238401">
				<ele>1647.000000</ele>
			</trkpt>
			<trkpt lat="46.568379" lon="13.238454">
				<ele>1647.000000</ele>
			</trkpt>
			<trkpt lat="46.568318" lon="13.238527">
				<ele>1647.000000</ele>
			</trkpt>
			<trkpt lat="46.568219" lon="13.238625">
				<ele>1646.000000</ele>
			</trkpt>
			<trkpt lat="46.568070" lon="13.238714">
				<ele>1645.000000</ele>
			</trkpt>
			<trkpt lat="46.567966" lon="13.238787">
				<ele>1645.000000</ele>
			</trkpt>
			<trkpt lat="46.567805" lon="13.238921">
				<ele>1644.000000</ele>
			</trkpt>
			<trkpt lat="46.567743" lon="13.239020">
				<ele>1644.000000</ele>
			</trkpt>
			<trkpt lat="46.567706" lon="13.239101">
				<ele>1644.000000</ele>
			</trkpt>
			<trkpt lat="46.567687" lon="13.239200">
				<ele>1643.000000</ele>
			</trkpt>
			<trkpt lat="46.567687" lon="13.239317">
				<ele>1643.000000</ele>
			</trkpt>
			<trkpt lat="46.567725" lon="13.239443">
				<ele>1642.000000</ele>
			</trkpt>
			<trkpt lat="46.567756" lon="13.239496">
				<ele>1642.000000</ele>
			</trkpt>
			<trkpt lat="46.567842" lon="13.239693">
				<ele>1642.000000</ele>
			</trkpt>
			<trkpt lat="46.567873" lon="13.239802">
				<ele>1641.000000</ele>
			</trkpt>
			<trkpt lat="46.567885" lon="13.239919">
				<ele>1641.000000</ele>
			</trkpt>
			<trkpt lat="46.567873" lon="13.240053">
				<ele>1640.000000</ele>
			</trkpt>
			<trkpt lat="46.567830" lon="13.240179">
				<ele>1640.000000</ele>
			</trkpt>
			<trkpt lat="46.567719" lon="13.240368">
				<ele>1639.000000</ele>
			</trkpt>
			<trkpt lat="46.567570" lon="13.240584">
				<ele>1638.000000</ele>
			</trkpt>
			<trkpt lat="46.567466" lon="13.240898">
				<ele>1637.000000</ele>
			</trkpt>
			<trkpt lat="46.567329" lon="13.241114">
				<ele>1636.000000</ele>
			</trkpt>
			<trkpt lat="46.567250" lon="13.241194">
				<ele>1635.000000</ele>
			</trkpt>
			<trkpt lat="46.567039" lon="13.241365">
				<ele>1634.000000</ele>
			</trkpt>
			<trkpt lat="46.566983" lon="13.241428">
				<ele>1634.000000</ele>
			</trkpt>
			<trkpt lat="46.566928" lon="13.241508">
				<ele>1633.000000</ele>
			</trkpt>
			<trkpt lat="46.566910" lon="13.241491">
				<ele>1634.000000</ele>
			</trkpt>
			<trkpt lat="46.566879" lon="13.241491">
				<ele>1635.000000</ele>
			</trkpt>
			<trkpt lat="46.566835" lon="13.241500">
				<ele>1637.000000</ele>
			</trkpt>
			<trkpt lat="46.566767" lon="13.241508">
				<ele>1640.000000</ele>
			</trkpt>
			<trkpt lat="46.566712" lon="13.241517">
				<ele>1640.000000</ele>
			</trkpt>
			<trkpt lat="46.566687" lon="13.241508">
				<ele>1641.000000</ele>
			</trkpt>
			<trkpt lat="46.566656" lon="13.241500">
				<ele>1641.000000</ele>
			</trkpt>
			<trkpt lat="46.566546" lon="13.241464">
				<ele>1642.000000</ele>
			</trkpt>
			<trkpt lat="46.566471" lon="13.241464">
				<ele>1643.000000</ele>
			</trkpt>
			<trkpt lat="46.566397" lon="13.241464">
				<ele>1644.000000</ele>
			</trkpt>
			<trkpt lat="46.566286" lon="13.241473">
				<ele>1645.000000</ele>
			</trkpt>
			<trkpt lat="46.566033" lon="13.241428">
				<ele>1648.000000</ele>
			</trkpt>
			<trkpt lat="46.565748" lon="13.241230">
				<ele>1652.000000</ele>
			</trkpt>
			<trkpt lat="46.565699" lon="13.241257">
				<ele>1653.000000</ele>
			</trkpt>
			<trkpt lat="46.565452" lon="13.241221">
				<ele>1657.000000</ele>
			</trkpt>
			<trkpt lat="46.565316" lon="13.241221">
				<ele>1659.000000</ele>
			</trkpt>
			<trkpt lat="46.565125" lon="13.241301">
				<ele>1662.000000</ele>
			</trkpt>
			<trkpt lat="46.564952" lon="13.241347">
				<ele>1665.000000</ele>
			</trkpt>
			<trkpt lat="46.564822" lon="13.241338">
				<ele>1668.000000</ele>
			</trkpt>
			<trkpt lat="46.564692" lon="13.241330">
				<ele>1670.000000</ele>
			</trkpt>
			<trkpt lat="46.564544" lon="13.241301">
				<ele>1670.000000</ele>
			</trkpt>
			<trkpt lat="46.564427" lon="13.241204">
				<ele>1670.000000</ele>
			</trkpt>
			<trkpt lat="46.564254" lon="13.241131">
				<ele>1670.000000</ele>
			</trkpt>
			<trkpt lat="46.564161" lon="13.241051">
				<ele>1670.000000</ele>
			</trkpt>
			<trkpt lat="46.564038" lon="13.240970">
				<ele>1670.000000</ele>
			</trkpt>
			<trkpt lat="46.563970" lon="13.240951">
				<ele>1670.000000</ele>
			</trkpt>
			<trkpt lat="46.563939" lon="13.240961">
				<ele>1670.000000</ele>
			</trkpt>
			<trkpt lat="46.563908" lon="13.240988">
				<ele>1670.000000</ele>
			</trkpt>
			<trkpt lat="46.563791" lon="13.241114">
				<ele>1670.000000</ele>
			</trkpt>
			<trkpt lat="46.563729" lon="13.241185">
				<ele>1670.000000</ele>
			</trkpt>
			<trkpt lat="46.563692" lon="13.241230">
				<ele>1670.000000</ele>
			</trkpt>
			<trkpt lat="46.563674" lon="13.241267">
				<ele>1670.000000</ele>
			</trkpt>
			<trkpt lat="46.563630" lon="13.241293">
				<ele>1670.000000</ele>
			</trkpt>
			<trkpt lat="46.563605" lon="13.241311">
				<ele>1670.000000</ele>
			</trkpt>
			<trkpt lat="46.563580" lon="13.241338">
				<ele>1670.000000</ele>
			</trkpt>
			<trkpt lat="46.563543" lon="13.241356">
				<ele>1670.000000</ele>
			</trkpt>
			<trkpt lat="46.563501" lon="13.241338">
				<ele>1670.000000</ele>
			</trkpt>
			<trkpt lat="46.563432" lon="13.241293">
				<ele>1670.000000</ele>
			</trkpt>
			<trkpt lat="46.563297" lon="13.241267">
				<ele>1670.000000</ele>
			</trkpt>
			<trkpt lat="46.563191" lon="13.241275">
				<ele>1670.000000</ele>
			</trkpt>
			<trkpt lat="46.563012" lon="13.241131">
				<ele>1670.000000</ele>
			</trkpt>
			<trkpt lat="46.562963" lon="13.241068">
				<ele>1670.000000</ele>
			</trkpt>
			<trkpt lat="46.562945" lon="13.240997">
				<ele>1670.000000</ele>
			</trkpt>
			<trkpt lat="46.562945" lon="13.240915">
				<ele>1670.000000</ele>
			</trkpt>
			<trkpt lat="46.562926" lon="13.240835">
				<ele>1670.000000</ele>
			</trkpt>
			<trkpt lat="46.562864" lon="13.240701">
				<ele>1670.000000</ele>
			</trkpt>
			<trkpt lat="46.562827" lon="13.240674">
				<ele>1670.000000</ele>
			</trkpt>
			<trkpt lat="46.562809" lon="13.240718">
				<ele>1670.000000</ele>
			</trkpt>
			<trkpt lat="46.562784" lon="13.240781">
				<ele>1670.000000</ele>
			</trkpt>
			<trkpt lat="46.562778" lon="13.240880">
				<ele>1670.000000</ele>
			</trkpt>
			<trkpt lat="46.562735" lon="13.240978">
				<ele>1670.000000</ele>
			</trkpt>
			<trkpt lat="46.562716" lon="13.241060">
				<ele>1670.000000</ele>
			</trkpt>
			<trkpt lat="46.562679" lon="13.241114">
				<ele>1670.000000</ele>
			</trkpt>
			<trkpt lat="46.562642" lon="13.241087">
				<ele>1670.000000</ele>
			</trkpt>
			<trkpt lat="46.562599" lon="13.241060">
				<ele>1670.000000</ele>
			</trkpt>
			<trkpt lat="46.562580" lon="13.241087">
				<ele>1670.000000</ele>
			</trkpt>
			<trkpt lat="46.562506" lon="13.241095">
				<ele>1670.000000</ele>
			</trkpt>
			<trkpt lat="46.562438" lon="13.241141">
				<ele>1670.000000</ele>
			</trkpt>
			<trkpt lat="46.562376" lon="13.241150">
				<ele>1670.000000</ele>
			</trkpt>
			<trkpt lat="46.562333" lon="13.241131">
				<ele>1670.000000</ele>
			</trkpt>
			<trkpt lat="46.562302" lon="13.241158">
				<ele>1670.000000</ele>
			</trkpt>
			<trkpt lat="46.562253" lon="13.241221">
				<ele>1670.000000</ele>
			</trkpt>
			<trkpt lat="46.562179" lon="13.241267">
				<ele>1670.000000</ele>
			</trkpt>
			<trkpt lat="46.562154" lon="13.241275">
				<ele>1670.000000</ele>
			</trkpt>
			<trkpt lat="46.562123" lon="13.241267">
				<ele>1670.000000</ele>
			</trkpt>
			<trkpt lat="46.562098" lon="13.241230">
				<ele>1670.000000</ele>
			</trkpt>
			<trkpt lat="46.562080" lon="13.241167">
				<ele>1670.000000</ele>
			</trkpt>
			<trkpt lat="46.562055" lon="13.241158">
				<ele>1670.000000</ele>
			</trkpt>
			<trkpt lat="46.562018" lon="13.241185">
				<ele>1670.000000</ele>
			</trkpt>
			<trkpt lat="46.561944" lon="13.241185">
				<ele>1670.000000</ele>
			</trkpt>
			<trkpt lat="46.561901" lon="13.241167">
				<ele>1670.000000</ele>
			</trkpt>
			<trkpt lat="46.561870" lon="13.241177">
				<ele>1670.000000</ele>
			</trkpt>
			<trkpt lat="46.561802" lon="13.241167">
				<ele>1670.000000</ele>
			</trkpt>
			<trkpt lat="46.561740" lon="13.241194">
				<ele>1670.000000</ele>
			</trkpt>
			<trkpt lat="46.561660" lon="13.241167">
				<ele>1672.000000</ele>
			</trkpt>
			<trkpt lat="46.561518" lon="13.241158">
				<ele>1675.000000</ele>
			</trkpt>
			<trkpt lat="46.561239" lon="13.241230">
				<ele>1682.000000</ele>
			</trkpt>
			<trkpt lat="46.561017" lon="13.241670">
				<ele>1691.000000</ele>
			</trkpt>
			<trkpt lat="46.560820" lon="13.241850">
				<ele>1700.000000</ele>
			</trkpt>
			<trkpt lat="46.560950" lon="13.242129">
				<ele>1700.000000</ele>
			</trkpt>
			<trkpt lat="46.561098" lon="13.242219">
				<ele>1700.000000</ele>
			</trkpt>
			<trkpt lat="46.561277" lon="13.242462">
				<ele>1704.000000</ele>
			</trkpt>
			<trkpt lat="46.561388" lon="13.242488">
				<ele>1706.000000</ele>
			</trkpt>
			<trkpt lat="46.561425" lon="13.242542">
				<ele>1707.000000</ele>
			</trkpt>
			<trkpt lat="46.561555" lon="13.242596">
				<ele>1710.000000</ele>
			</trkpt>
			<trkpt lat="46.561641" lon="13.242703">
				<ele>1711.000000</ele>
			</trkpt>
			<trkpt lat="46.561610" lon="13.242982">
				<ele>1712.000000</ele>
			</trkpt>
			<trkpt lat="46.561598" lon="13.243234">
				<ele>1714.000000</ele>
			</trkpt>
			<trkpt lat="46.561616" lon="13.243504">
				<ele>1715.000000</ele>
			</trkpt>
			<trkpt lat="46.561543" lon="13.243808">
				<ele>1717.000000</ele>
			</trkpt>
			<trkpt lat="46.561493" lon="13.243961">
				<ele>1718.000000</ele>
			</trkpt>
			<trkpt lat="46.561518" lon="13.244141">
				<ele>1719.000000</ele>
			</trkpt>
			<trkpt lat="46.561518" lon="13.244401">
				<ele>1721.000000</ele>
			</trkpt>
			<trkpt lat="46.561462" lon="13.244607">
				<ele>1725.000000</ele>
			</trkpt>
			<trkpt lat="46.561345" lon="13.244716">
				<ele>1728.000000</ele>
			</trkpt>
			<trkpt lat="46.561197" lon="13.245012">
				<ele>1735.000000</ele>
			</trkpt>
			<trkpt lat="46.561135" lon="13.245057">
				<ele>1737.000000</ele>
			</trkpt>
			<trkpt lat="46.561141" lon="13.245102">
				<ele>1738.000000</ele>
			</trkpt>
			<trkpt lat="46.561289" lon="13.245173">
				<ele>1743.000000</ele>
			</trkpt>
			<trkpt lat="46.561283" lon="13.245236">
				<ele>1744.000000</ele>
			</trkpt>
			<trkpt lat="46.561239" lon="13.245362">
				<ele>1748.000000</ele>
			</trkpt>
			<trkpt lat="46.561339" lon="13.245399">
				<ele>1752.000000</ele>
			</trkpt>
			<trkpt lat="46.561357" lon="13.245542">
				<ele>1756.000000</ele>
			</trkpt>
			<trkpt lat="46.561227" lon="13.245848">
				<ele>1765.000000</ele>
			</trkpt>
			<trkpt lat="46.561091" lon="13.246135">
				<ele>1773.000000</ele>
			</trkpt>
			<trkpt lat="46.561129" lon="13.246477">
				<ele>1780.000000</ele>
			</trkpt>
			<trkpt lat="46.561110" lon="13.246620">
				<ele>1781.000000</ele>
			</trkpt>
			<trkpt lat="46.561054" lon="13.246737">
				<ele>1782.000000</ele>
			</trkpt>
			<trkpt lat="46.561110" lon="13.246953">
				<ele>1783.000000</ele>
			</trkpt>
			<trkpt lat="46.561178" lon="13.247159">
				<ele>1784.000000</ele>
			</trkpt>
			<trkpt lat="46.561184" lon="13.247257">
				<ele>1785.000000</ele>
			</trkpt>
			<trkpt lat="46.561141" lon="13.247230">
				<ele>1785.000000</ele>
			</trkpt>
			<trkpt lat="46.561116" lon="13.247213">
				<ele>1785.000000</ele>
			</trkpt>
			<trkpt lat="46.560993" lon="13.247213">
				<ele>1787.000000</ele>
			</trkpt>
			<trkpt lat="46.560912" lon="13.247230">
				<ele>1788.000000</ele>
			</trkpt>
			<trkpt lat="46.560783" lon="13.247285">
				<ele>1789.000000</ele>
			</trkpt>
			<trkpt lat="46.560752" lon="13.247374">
				<ele>1790.000000</ele>
			</trkpt>
			<trkpt lat="46.560548" lon="13.247527">
				<ele>1793.000000</ele>
			</trkpt>
			<trkpt lat="46.560332" lon="13.247689">
				<ele>1797.000000</ele>
			</trkpt>
			<trkpt lat="46.560104" lon="13.247609">
				<ele>1800.000000</ele>
			</trkpt>
			<trkpt lat="46.560029" lon="13.247599">
				<ele>1801.000000</ele>
			</trkpt>
			<trkpt lat="46.559862" lon="13.247536">
				<ele>1804.000000</ele>
			</trkpt>
			<trkpt lat="46.559893" lon="13.247636">
				<ele>1805.000000</ele>
			</trkpt>
			<trkpt lat="46.559931" lon="13.247707">
				<ele>1806.000000</ele>
			</trkpt>
			<trkpt lat="46.559955" lon="13.247762">
				<ele>1806.000000</ele>
			</trkpt>
			<trkpt lat="46.559973" lon="13.247815">
				<ele>1807.000000</ele>
			</trkpt>
			<trkpt lat="46.559992" lon="13.247869">
				<ele>1808.000000</ele>
			</trkpt>
			<trkpt lat="46.559998" lon="13.247913">
				<ele>1808.000000</ele>
			</trkpt>
			<trkpt lat="46.559973" lon="13.247959">
				<ele>1809.000000</ele>
			</trkpt>
			<trkpt lat="46.559937" lon="13.247940">
				<ele>1809.000000</ele>
			</trkpt>
			<trkpt lat="46.559893" lon="13.247913">
				<ele>1810.000000</ele>
			</trkpt>
			<trkpt lat="46.559844" lon="13.247913">
				<ele>1811.000000</ele>
			</trkpt>
			<trkpt lat="46.559850" lon="13.247995">
				<ele>1811.000000</ele>
			</trkpt>
			<trkpt lat="46.559856" lon="13.248093">
				<ele>1812.000000</ele>
			</trkpt>
			<trkpt lat="46.559906" lon="13.248228">
				<ele>1813.000000</ele>
			</trkpt>
			<trkpt lat="46.559881" lon="13.248336">
				<ele>1814.000000</ele>
			</trkpt>
			<trkpt lat="46.559875" lon="13.248435">
				<ele>1815.000000</ele>
			</trkpt>
			<trkpt lat="46.559887" lon="13.248534">
				<ele>1816.000000</ele>
			</trkpt>
			<trkpt lat="46.559893" lon="13.248615">
				<ele>1817.000000</ele>
			</trkpt>
			<trkpt lat="46.559887" lon="13.248722">
				<ele>1818.000000</ele>
			</trkpt>
			<trkpt lat="46.559918" lon="13.248749">
				<ele>1818.000000</ele>
			</trkpt>
			<trkpt lat="46.559955" lon="13.248722">
				<ele>1819.000000</ele>
			</trkpt>
			<trkpt lat="46.560023" lon="13.248686">
				<ele>1820.000000</ele>
			</trkpt>
			<trkpt lat="46.560171" lon="13.248561">
				<ele>1820.000000</ele>
			</trkpt>
			<trkpt lat="46.560214" lon="13.248534">
				<ele>1820.000000</ele>
			</trkpt>
			<trkpt lat="46.560227" lon="13.248596">
				<ele>1820.000000</ele>
			</trkpt>
			<trkpt lat="46.560227" lon="13.248659">
				<ele>1820.000000</ele>
			</trkpt>
			<trkpt lat="46.560177" lon="13.248704">
				<ele>1821.000000</ele>
			</trkpt>
			<trkpt lat="46.560128" lon="13.248731">
				<ele>1822.000000</ele>
			</trkpt>
			<trkpt lat="46.560091" lon="13.248741">
				<ele>1822.000000</ele>
			</trkpt>
			<trkpt lat="46.560085" lon="13.248785">
				<ele>1822.000000</ele>
			</trkpt>
			<trkpt lat="46.560146" lon="13.248821">
				<ele>1823.000000</ele>
			</trkpt>
			<trkpt lat="46.560252" lon="13.248857">
				<ele>1824.000000</ele>
			</trkpt>
			<trkpt lat="46.560400" lon="13.248911">
				<ele>1826.000000</ele>
			</trkpt>
			<trkpt lat="46.560554" lon="13.248974">
				<ele>1828.000000</ele>
			</trkpt>
			<trkpt lat="46.560727" lon="13.249001">
				<ele>1830.000000</ele>
			</trkpt>
			<trkpt lat="46.560838" lon="13.249028">
				<ele>1830.000000</ele>
			</trkpt>
			<trkpt lat="46.560968" lon="13.249028">
				<ele>1830.000000</ele>
			</trkpt>
			<trkpt lat="46.561030" lon="13.249018">
				<ele>1830.000000</ele>
			</trkpt>
			<trkpt lat="46.561048" lon="13.249054">
				<ele>1831.000000</ele>
			</trkpt>
			<trkpt lat="46.561011" lon="13.249091">
				<ele>1831.000000</ele>
			</trkpt>
			<trkpt lat="46.560875" lon="13.249154">
				<ele>1833.000000</ele>
			</trkpt>
			<trkpt lat="46.560591" lon="13.249333">
				<ele>1836.000000</ele>
			</trkpt>
			<trkpt lat="46.560406" lon="13.249387">
				<ele>1838.000000</ele>
			</trkpt>
			<trkpt lat="46.560325" lon="13.249341">
				<ele>1839.000000</ele>
			</trkpt>
			<trkpt lat="46.560239" lon="13.249307">
				<ele>1840.000000</ele>
			</trkpt>
			<trkpt lat="46.560177" lon="13.249315">
				<ele>1841.000000</ele>
			</trkpt>
			<trkpt lat="46.560085" lon="13.249378">
				<ele>1842.000000</ele>
			</trkpt>
			<trkpt lat="46.559979" lon="13.249441">
				<ele>1843.000000</ele>
			</trkpt>
			<trkpt lat="46.559949" lon="13.249494">
				<ele>1844.000000</ele>
			</trkpt>
			<trkpt lat="46.559900" lon="13.249657">
				<ele>1845.000000</ele>
			</trkpt>
			<trkpt lat="46.559869" lon="13.249809">
				<ele>1846.000000</ele>
			</trkpt>
			<trkpt lat="46.559825" lon="13.249854">
				<ele>1847.000000</ele>
			</trkpt>
			<trkpt lat="46.559720" lon="13.249773">
				<ele>1848.000000</ele>
			</trkpt>
			<trkpt lat="46.559634" lon="13.249647">
				<ele>1850.000000</ele>
			</trkpt>
			<trkpt lat="46.559492" lon="13.249441">
				<ele>1851.000000</ele>
			</trkpt>
			<trkpt lat="46.559424" lon="13.249360">
				<ele>1852.000000</ele>
			</trkpt>
			<trkpt lat="46.559405" lon="13.249351">
				<ele>1852.000000</ele>
			</trkpt>
			<trkpt lat="46.559393" lon="13.249370">
				<ele>1852.000000</ele>
			</trkpt>
			<trkpt lat="46.559381" lon="13.249557">
				<ele>1853.000000</ele>
			</trkpt>
			<trkpt lat="46.559368" lon="13.249783">
				<ele>1854.000000</ele>
			</trkpt>
			<trkpt lat="46.559337" lon="13.249907">
				<ele>1855.000000</ele>
			</trkpt>
			<trkpt lat="46.559331" lon="13.249962">
				<ele>1855.000000</ele>
			</trkpt>
			<trkpt lat="46.559362" lon="13.250087">
				<ele>1856.000000</ele>
			</trkpt>
			<trkpt lat="46.559418" lon="13.250114">
				<ele>1856.000000</ele>
			</trkpt>
			<trkpt lat="46.559479" lon="13.250114">
				<ele>1857.000000</ele>
			</trkpt>
			<trkpt lat="46.559504" lon="13.250150">
				<ele>1857.000000</ele>
			</trkpt>
			<trkpt lat="46.559510" lon="13.250204">
				<ele>1857.000000</ele>
			</trkpt>
			<trkpt lat="46.559517" lon="13.250267">
				<ele>1858.000000</ele>
			</trkpt>
			<trkpt lat="46.559554" lon="13.250312">
				<ele>1858.000000</ele>
			</trkpt>
			<trkpt lat="46.559585" lon="13.250383">
				<ele>1858.000000</ele>
			</trkpt>
			<trkpt lat="46.559615" lon="13.250420">
				<ele>1859.000000</ele>
			</trkpt>
			<trkpt lat="46.559689" lon="13.250465">
				<ele>1859.000000</ele>
			</trkpt>
			<trkpt lat="46.559751" lon="13.250465">
				<ele>1860.000000</ele>
			</trkpt>
			<trkpt lat="46.559776" lon="13.250473">
				<ele>1860.000000</ele>
			</trkpt>
			<trkpt lat="46.559788" lon="13.250473">
				<ele>1860.000000</ele>
			</trkpt>
			<trkpt lat="46.559800" lon="13.250492">
				<ele>1860.000000</ele>
			</trkpt>
			<trkpt lat="46.559800" lon="13.250519">
				<ele>1860.000000</ele>
			</trkpt>
			<trkpt lat="46.559758" lon="13.250546">
				<ele>1861.000000</ele>
			</trkpt>
			<trkpt lat="46.559689" lon="13.250573">
				<ele>1862.000000</ele>
			</trkpt>
			<trkpt lat="46.559652" lon="13.250609">
				<ele>1862.000000</ele>
			</trkpt>
			<trkpt lat="46.559597" lon="13.250716">
				<ele>1864.000000</ele>
			</trkpt>
			<trkpt lat="46.559572" lon="13.250788">
				<ele>1864.000000</ele>
			</trkpt>
			<trkpt lat="46.559560" lon="13.250833">
				<ele>1865.000000</ele>
			</trkpt>
			<trkpt lat="46.559492" lon="13.250815">
				<ele>1866.000000</ele>
			</trkpt>
			<trkpt lat="46.559412" lon="13.250806">
				<ele>1860.000000</ele>
			</trkpt>
			<trkpt lat="46.559368" lon="13.250941">
				<ele>1860.000000</ele>
			</trkpt>
			<trkpt lat="46.559344" lon="13.250968">
				<ele>1860.000000</ele>
			</trkpt>
			<trkpt lat="46.559313" lon="13.251022">
				<ele>1860.000000</ele>
			</trkpt>
			<trkpt lat="46.559232" lon="13.251129">
				<ele>1860.000000</ele>
			</trkpt>
			<trkpt lat="46.559171" lon="13.251309">
				<ele>1860.000000</ele>
			</trkpt>
			<trkpt lat="46.559133" lon="13.251561">
				<ele>1860.000000</ele>
			</trkpt>
			<trkpt lat="46.559140" lon="13.251722">
				<ele>1860.000000</ele>
			</trkpt>
			<trkpt lat="46.559177" lon="13.251830">
				<ele>1860.000000</ele>
			</trkpt>
			<trkpt lat="46.559220" lon="13.251938">
				<ele>1860.000000</ele>
			</trkpt>
			<trkpt lat="46.559226" lon="13.252001">
				<ele>1860.000000</ele>
			</trkpt>
			<trkpt lat="46.559214" lon="13.252054">
				<ele>1860.000000</ele>
			</trkpt>
			<trkpt lat="46.559171" lon="13.252207">
				<ele>1860.000000</ele>
			</trkpt>
			<trkpt lat="46.559164" lon="13.252280">
				<ele>1860.000000</ele>
			</trkpt>
			<trkpt lat="46.559183" lon="13.252351">
				<ele>1860.000000</ele>
			</trkpt>
			<trkpt lat="46.559263" lon="13.252486">
				<ele>1860.000000</ele>
			</trkpt>
			<trkpt lat="46.559281" lon="13.252549">
				<ele>1860.000000</ele>
			</trkpt>
			<trkpt lat="46.559306" lon="13.252710">
				<ele>1860.000000</ele>
			</trkpt>
			<trkpt lat="46.559306" lon="13.252756">
				<ele>1860.000000</ele>
			</trkpt>
			<trkpt lat="46.559313" lon="13.252809">
				<ele>1860.000000</ele>
			</trkpt>
			<trkpt lat="46.559281" lon="13.252827">
				<ele>1860.000000</ele>
			</trkpt>
			<trkpt lat="46.559239" lon="13.252836">
				<ele>1859.000000</ele>
			</trkpt>
			<trkpt lat="46.559245" lon="13.252944">
				<ele>1858.000000</ele>
			</trkpt>
			<trkpt lat="46.559232" lon="13.253070">
				<ele>1857.000000</ele>
			</trkpt>
			<trkpt lat="46.559214" lon="13.253186">
				<ele>1856.000000</ele>
			</trkpt>
			<trkpt lat="46.559220" lon="13.253259">
				<ele>1855.000000</ele>
			</trkpt>
			<trkpt lat="46.559245" lon="13.253339">
				<ele>1854.000000</ele>
			</trkpt>
			<trkpt lat="46.559245" lon="13.253420">
				<ele>1853.000000</ele>
			</trkpt>
			<trkpt lat="46.559232" lon="13.253475">
				<ele>1852.000000</ele>
			</trkpt>
			<trkpt lat="46.559202" lon="13.253528">
				<ele>1852.000000</ele>
			</trkpt>
			<trkpt lat="46.559164" lon="13.253555">
				<ele>1851.000000</ele>
			</trkpt>
			<trkpt lat="46.559102" lon="13.253573">
				<ele>1850.000000</ele>
			</trkpt>
			<trkpt lat="46.559066" lon="13.253609">
				<ele>1849.000000</ele>
			</trkpt>
			<trkpt lat="46.559059" lon="13.253662">
				<ele>1849.000000</ele>
			</trkpt>
			<trkpt lat="46.559084" lon="13.253708">
				<ele>1848.000000</ele>
			</trkpt>
			<trkpt lat="46.559127" lon="13.253735">
				<ele>1847.000000</ele>
			</trkpt>
			<trkpt lat="46.559133" lon="13.253806">
				<ele>1847.000000</ele>
			</trkpt>
			<trkpt lat="46.559133" lon="13.253905">
				<ele>1846.000000</ele>
			</trkpt>
			<trkpt lat="46.559133" lon="13.253968">
				<ele>1845.000000</ele>
			</trkpt>
			<trkpt lat="46.559133" lon="13.254049">
				<ele>1844.000000</ele>
			</trkpt>
			<trkpt lat="46.559158" lon="13.254130">
				<ele>1843.000000</ele>
			</trkpt>
			<trkpt lat="46.559196" lon="13.254194">
				<ele>1842.000000</ele>
			</trkpt>
			<trkpt lat="46.559239" lon="13.254318">
				<ele>1841.000000</ele>
			</trkpt>
			<trkpt lat="46.559275" lon="13.254408">
				<ele>1840.000000</ele>
			</trkpt>
			<trkpt lat="46.559275" lon="13.254517">
				<ele>1839.000000</ele>
			</trkpt>
			<trkpt lat="46.559275" lon="13.254607">
				<ele>1838.000000</ele>
			</trkpt>
			<trkpt lat="46.559263" lon="13.254660">
				<ele>1837.000000</ele>
			</trkpt>
			<trkpt lat="46.559263" lon="13.254723">
				<ele>1836.000000</ele>
			</trkpt>
			<trkpt lat="46.559245" lon="13.254813">
				<ele>1835.000000</ele>
			</trkpt>
			<trkpt lat="46.559226" lon="13.254920">
				<ele>1834.000000</ele>
			</trkpt>
			<trkpt lat="46.559220" lon="13.254974">
				<ele>1834.000000</ele>
			</trkpt>
			<trkpt lat="46.559208" lon="13.255037">
				<ele>1833.000000</ele>
			</trkpt>
			<trkpt lat="46.559183" lon="13.255136">
				<ele>1832.000000</ele>
			</trkpt>
			<trkpt lat="46.559164" lon="13.255253">
				<ele>1831.000000</ele>
			</trkpt>
			<trkpt lat="46.559140" lon="13.255343">
				<ele>1829.000000</ele>
			</trkpt>
			<trkpt lat="46.559127" lon="13.255460">
				<ele>1828.000000</ele>
			</trkpt>
			<trkpt lat="46.559109" lon="13.255513">
				<ele>1827.000000</ele>
			</trkpt>
			<trkpt lat="46.559084" lon="13.255559">
				<ele>1826.000000</ele>
			</trkpt>
			<trkpt lat="46.559047" lon="13.255603">
				<ele>1825.000000</ele>
			</trkpt>
			<trkpt lat="46.559047" lon="13.255693">
				<ele>1824.000000</ele>
			</trkpt>
			<trkpt lat="46.559072" lon="13.255783">
				<ele>1823.000000</ele>
			</trkpt>
			<trkpt lat="46.559059" lon="13.255873">
				<ele>1821.000000</ele>
			</trkpt>
			<trkpt lat="46.559047" lon="13.255936">
				<ele>1820.000000</ele>
			</trkpt>
			<trkpt lat="46.559016" lon="13.256079">
				<ele>1819.000000</ele>
			</trkpt>
			<trkpt lat="46.558998" lon="13.256142">
				<ele>1818.000000</ele>
			</trkpt>
			<trkpt lat="46.558973" lon="13.256188">
				<ele>1817.000000</ele>
			</trkpt>
			<trkpt lat="46.558948" lon="13.256232">
				<ele>1817.000000</ele>
			</trkpt>
			<trkpt lat="46.558967" lon="13.256385">
				<ele>1818.000000</ele>
			</trkpt>
			<trkpt lat="46.558967" lon="13.256475">
				<ele>1818.000000</ele>
			</trkpt>
			<trkpt lat="46.558967" lon="13.256565">
				<ele>1819.000000</ele>
			</trkpt>
			<trkpt lat="46.558992" lon="13.256618">
				<ele>1820.000000</ele>
			</trkpt>
			<trkpt lat="46.558992" lon="13.256628">
				<ele>1820.000000</ele>
			</trkpt>
			<trkpt lat="46.558942" lon="13.256789">
				<ele>1818.000000</ele>
			</trkpt>
			<trkpt lat="46.558929" lon="13.256933">
				<ele>1816.000000</ele>
			</trkpt>
			<trkpt lat="46.558929" lon="13.257014">
				<ele>1815.000000</ele>
			</trkpt>
			<trkpt lat="46.558917" lon="13.257104">
				<ele>1814.000000</ele>
			</trkpt>
			<trkpt lat="46.559029" lon="13.257337">
				<ele>1810.000000</ele>
			</trkpt>
			<trkpt lat="46.559072" lon="13.257354">
				<ele>1809.000000</ele>
			</trkpt>
			<trkpt lat="46.559096" lon="13.257444">
				<ele>1806.000000</ele>
			</trkpt>
			<trkpt lat="46.559102" lon="13.257526">
				<ele>1804.000000</ele>
			</trkpt>
			<trkpt lat="46.559146" lon="13.257760">
				<ele>1799.000000</ele>
			</trkpt>
			<trkpt lat="46.559214" lon="13.257786">
				<ele>1797.000000</ele>
			</trkpt>
			<trkpt lat="46.559275" lon="13.257876">
				<ele>1794.000000</ele>
			</trkpt>
			<trkpt lat="46.559300" lon="13.257912">
				<ele>1793.000000</ele>
			</trkpt>
			<trkpt lat="46.559331" lon="13.257957">
				<ele>1792.000000</ele>
			</trkpt>
			<trkpt lat="46.559313" lon="13.258010">
				<ele>1790.000000</ele>
			</trkpt>
			<trkpt lat="46.559269" lon="13.258163">
				<ele>1789.000000</ele>
			</trkpt>
			<trkpt lat="46.559306" lon="13.258253">
				<ele>1788.000000</ele>
			</trkpt>
			<trkpt lat="46.559337" lon="13.258289">
				<ele>1787.000000</ele>
			</trkpt>
			<trkpt lat="46.559430" lon="13.258406">
				<ele>1786.000000</ele>
			</trkpt>
			<trkpt lat="46.559492" lon="13.258496">
				<ele>1784.000000</ele>
			</trkpt>
			<trkpt lat="46.559603" lon="13.258649">
				<ele>1781.000000</ele>
			</trkpt>
			<trkpt lat="46.559665" lon="13.258739">
				<ele>1779.000000</ele>
			</trkpt>
			<trkpt lat="46.559665" lon="13.258838">
				<ele>1778.000000</ele>
			</trkpt>
			<trkpt lat="46.559671" lon="13.258972">
				<ele>1776.000000</ele>
			</trkpt>
			<trkpt lat="46.559739" lon="13.259089">
				<ele>1775.000000</ele>
			</trkpt>
			<trkpt lat="46.559782" lon="13.259161">
				<ele>1773.000000</ele>
			</trkpt>
			<trkpt lat="46.559850" lon="13.259178">
				<ele>1772.000000</ele>
			</trkpt>
			<trkpt lat="46.559900" lon="13.259134">
				<ele>1771.000000</ele>
			</trkpt>
			<trkpt lat="46.559986" lon="13.259071">
				<ele>1769.000000</ele>
			</trkpt>
			<trkpt lat="46.560048" lon="13.259044">
				<ele>1767.000000</ele>
			</trkpt>
			<trkpt lat="46.560091" lon="13.259052">
				<ele>1766.000000</ele>
			</trkpt>
			<trkpt lat="46.560183" lon="13.259098">
				<ele>1763.000000</ele>
			</trkpt>
			<trkpt lat="46.560443" lon="13.259404">
				<ele>1754.000000</ele>
			</trkpt>
			<trkpt lat="46.560505" lon="13.259565">
				<ele>1751.000000</ele>
			</trkpt>
			<trkpt lat="46.560548" lon="13.259754">
				<ele>1747.000000</ele>
			</trkpt>
			<trkpt lat="46.560579" lon="13.259987">
				<ele>1743.000000</ele>
			</trkpt>
			<trkpt lat="46.560598" lon="13.260077">
				<ele>1741.000000</ele>
			</trkpt>
			<trkpt lat="46.560635" lon="13.260266">
				<ele>1740.000000</ele>
			</trkpt>
			<trkpt lat="46.560739" lon="13.260517">
				<ele>1736.000000</ele>
			</trkpt>
			<trkpt lat="46.560894" lon="13.260859">
				<ele>1732.000000</ele>
			</trkpt>
			<trkpt lat="46.560950" lon="13.261002">
				<ele>1731.000000</ele>
			</trkpt>
			<trkpt lat="46.561024" lon="13.261362">
				<ele>1724.000000</ele>
			</trkpt>
			<trkpt lat="46.561048" lon="13.261631">
				<ele>1720.000000</ele>
			</trkpt>
			<trkpt lat="46.561104" lon="13.261757">
				<ele>1719.000000</ele>
			</trkpt>
			<trkpt lat="46.560869" lon="13.261846">
				<ele>1715.000000</ele>
			</trkpt>
			<trkpt lat="46.560752" lon="13.261846">
				<ele>1713.000000</ele>
			</trkpt>
			<trkpt lat="46.560690" lon="13.261846">
				<ele>1713.000000</ele>
			</trkpt>
			<trkpt lat="46.560598" lon="13.261838">
				<ele>1711.000000</ele>
			</trkpt>
			<trkpt lat="46.560474" lon="13.262161">
				<ele>1708.000000</ele>
			</trkpt>
			<trkpt lat="46.560381" lon="13.262530">
				<ele>1705.000000</ele>
			</trkpt>
			<trkpt lat="46.560350" lon="13.262781">
				<ele>1702.000000</ele>
			</trkpt>
			<trkpt lat="46.560338" lon="13.262888">
				<ele>1701.000000</ele>
			</trkpt>
			<trkpt lat="46.560307" lon="13.263302">
				<ele>1698.000000</ele>
			</trkpt>
			<trkpt lat="46.560301" lon="13.263400">
				<ele>1697.000000</ele>
			</trkpt>
			<trkpt lat="46.560283" lon="13.263499">
				<ele>1696.000000</ele>
			</trkpt>
			<trkpt lat="46.560245" lon="13.263689">
				<ele>1695.000000</ele>
			</trkpt>
			<trkpt lat="46.560214" lon="13.263841">
				<ele>1694.000000</ele>
			</trkpt>
			<trkpt lat="46.560214" lon="13.263985">
				<ele>1692.000000</ele>
			</trkpt>
			<trkpt lat="46.560245" lon="13.264299">
				<ele>1690.000000</ele>
			</trkpt>
			<trkpt lat="46.560270" lon="13.264622">
				<ele>1688.000000</ele>
			</trkpt>
			<trkpt lat="46.560233" lon="13.264820">
				<ele>1686.000000</ele>
			</trkpt>
			<trkpt lat="46.560190" lon="13.265027">
				<ele>1685.000000</ele>
			</trkpt>
			<trkpt lat="46.560190" lon="13.265125">
				<ele>1684.000000</ele>
			</trkpt>
			<trkpt lat="46.560196" lon="13.265207">
				<ele>1684.000000</ele>
			</trkpt>
			<trkpt lat="46.560165" lon="13.265431">
				<ele>1682.000000</ele>
			</trkpt>
			<trkpt lat="46.560122" lon="13.265566">
				<ele>1681.000000</ele>
			</trkpt>
			<trkpt lat="46.560202" lon="13.265871">
				<ele>1679.000000</ele>
			</trkpt>
			<trkpt lat="46.560233" lon="13.266203">
				<ele>1678.000000</ele>
			</trkpt>
			<trkpt lat="46.560227" lon="13.266428">
				<ele>1677.000000</ele>
			</trkpt>
			<trkpt lat="46.560313" lon="13.266769">
				<ele>1675.000000</ele>
			</trkpt>
			<trkpt lat="46.560307" lon="13.267029">
				<ele>1674.000000</ele>
			</trkpt>
			<trkpt lat="46.560394" lon="13.267236">
				<ele>1672.000000</ele>
			</trkpt>
			<trkpt lat="46.560542" lon="13.267326">
				<ele>1671.000000</ele>
			</trkpt>
			<trkpt lat="46.560678" lon="13.267641">
				<ele>1667.000000</ele>
			</trkpt>
			<trkpt lat="46.560696" lon="13.267668">
				<ele>1666.000000</ele>
			</trkpt>
			<trkpt lat="46.560820" lon="13.267838">
				<ele>1660.000000</ele>
			</trkpt>
			<trkpt lat="46.560887" lon="13.267973">
				<ele>1658.000000</ele>
			</trkpt>
			<trkpt lat="46.560925" lon="13.268144">
				<ele>1656.000000</ele>
			</trkpt>
			<trkpt lat="46.560906" lon="13.268297">
				<ele>1654.000000</ele>
			</trkpt>
			<trkpt lat="46.560900" lon="13.268350">
				<ele>1654.000000</ele>
			</trkpt>
			<trkpt lat="46.560894" lon="13.268494">
				<ele>1651.000000</ele>
			</trkpt>
			<trkpt lat="46.560851" lon="13.269113">
				<ele>1643.000000</ele>
			</trkpt>
			<trkpt lat="46.560844" lon="13.269339">
				<ele>1640.000000</ele>
			</trkpt>
			<trkpt lat="46.560808" lon="13.269491">
				<ele>1637.000000</ele>
			</trkpt>
			<trkpt lat="46.560832" lon="13.269635">
				<ele>1635.000000</ele>
			</trkpt>
			<trkpt lat="46.560875" lon="13.269815">
				<ele>1631.000000</ele>
			</trkpt>
			<trkpt lat="46.560887" lon="13.269931">
				<ele>1630.000000</ele>
			</trkpt>
			<trkpt lat="46.560887" lon="13.269958">
				<ele>1630.000000</ele>
			</trkpt>
			<trkpt lat="46.560875" lon="13.270021">
				<ele>1629.000000</ele>
			</trkpt>
			<trkpt lat="46.560900" lon="13.270155">
				<ele>1626.000000</ele>
			</trkpt>
			<trkpt lat="46.560912" lon="13.270273">
				<ele>1624.000000</ele>
			</trkpt>
			<trkpt lat="46.560943" lon="13.270480">
				<ele>1621.000000</ele>
			</trkpt>
			<trkpt lat="46.560968" lon="13.270731">
				<ele>1616.000000</ele>
			</trkpt>
			<trkpt lat="46.560919" lon="13.270947">
				<ele>1611.000000</ele>
			</trkpt>
			<trkpt lat="46.560894" lon="13.271000">
				<ele>1610.000000</ele>
			</trkpt>
			<trkpt lat="46.560887" lon="13.270991">
				<ele>1610.000000</ele>
			</trkpt>
			<trkpt lat="46.560887" lon="13.271000">
				<ele>1610.000000</ele>
			</trkpt>
			<trkpt lat="46.560801" lon="13.271018">
				<ele>1608.000000</ele>
			</trkpt>
			<trkpt lat="46.560795" lon="13.271018">
				<ele>1608.000000</ele>
			</trkpt>
			<trkpt lat="46.560715" lon="13.271027">
				<ele>1606.000000</ele>
			</trkpt>
			<trkpt lat="46.560560" lon="13.271046">
				<ele>1603.000000</ele>
			</trkpt>
			<trkpt lat="46.560449" lon="13.271090">
				<ele>1601.000000</ele>
			</trkpt>
			<trkpt lat="46.560375" lon="13.271216">
				<ele>1599.000000</ele>
			</trkpt>
			<trkpt lat="46.560350" lon="13.271270">
				<ele>1597.000000</ele>
			</trkpt>
			<trkpt lat="46.560369" lon="13.271323">
				<ele>1596.000000</ele>
			</trkpt>
			<trkpt lat="46.560425" lon="13.271360">
				<ele>1595.000000</ele>
			</trkpt>
			<trkpt lat="46.560523" lon="13.271432">
				<ele>1594.000000</ele>
			</trkpt>
			<trkpt lat="46.560641" lon="13.271432">
				<ele>1592.000000</ele>
			</trkpt>
			<trkpt lat="46.560715" lon="13.271432">
				<ele>1591.000000</ele>
			</trkpt>
			<trkpt lat="46.560851" lon="13.271549">
				<ele>1589.000000</ele>
			</trkpt>
			<trkpt lat="46.560943" lon="13.271683">
				<ele>1588.000000</ele>
			</trkpt>
			<trkpt lat="46.561166" lon="13.271836">
				<ele>1582.000000</ele>
			</trkpt>
			<trkpt lat="46.561437" lon="13.271881">
				<ele>1580.000000</ele>
			</trkpt>
			<trkpt lat="46.561579" lon="13.271872">
				<ele>1578.000000</ele>
			</trkpt>
			<trkpt lat="46.561654" lon="13.271916">
				<ele>1578.000000</ele>
			</trkpt>
			<trkpt lat="46.561654" lon="13.272042">
				<ele>1577.000000</ele>
			</trkpt>
			<trkpt lat="46.561518" lon="13.272258">
				<ele>1575.000000</ele>
			</trkpt>
			<trkpt lat="46.561351" lon="13.272375">
				<ele>1573.000000</ele>
			</trkpt>
			<trkpt lat="46.561116" lon="13.272384">
				<ele>1571.000000</ele>
			</trkpt>
			<trkpt lat="46.561011" lon="13.272447">
				<ele>1570.000000</ele>
			</trkpt>
			<trkpt lat="46.560950" lon="13.272536">
				<ele>1569.000000</ele>
			</trkpt>
			<trkpt lat="46.560943" lon="13.272635">
				<ele>1569.000000</ele>
			</trkpt>
			<trkpt lat="46.560974" lon="13.272761">
				<ele>1568.000000</ele>
			</trkpt>
			<trkpt lat="46.561042" lon="13.272931">
				<ele>1567.000000</ele>
			</trkpt>
			<trkpt lat="46.561079" lon="13.272994">
				<ele>1566.000000</ele>
			</trkpt>
			<trkpt lat="46.561104" lon="13.273067">
				<ele>1565.000000</ele>
			</trkpt>
			<trkpt lat="46.561116" lon="13.273111">
				<ele>1565.000000</ele>
			</trkpt>
			<trkpt lat="46.561122" lon="13.273174">
				<ele>1565.000000</ele>
			</trkpt>
			<trkpt lat="46.561104" lon="13.273318">
				<ele>1564.000000</ele>
			</trkpt>
			<trkpt lat="46.561079" lon="13.273650">
				<ele>1562.000000</ele>
			</trkpt>
			<trkpt lat="46.561085" lon="13.273758">
				<ele>1561.000000</ele>
			</trkpt>
			<trkpt lat="46.561104" lon="13.273876">
				<ele>1560.000000</ele>
			</trkpt>
			<trkpt lat="46.561116" lon="13.273973">
				<ele>1559.000000</ele>
			</trkpt>
			<trkpt lat="46.561129" lon="13.274063">
				<ele>1558.000000</ele>
			</trkpt>
			<trkpt lat="46.561129" lon="13.274153">
				<ele>1557.000000</ele>
			</trkpt>
			<trkpt lat="46.561110" lon="13.274315">
				<ele>1555.000000</ele>
			</trkpt>
			<trkpt lat="46.561104" lon="13.274405">
				<ele>1553.000000</ele>
			</trkpt>
			<trkpt lat="46.561104" lon="13.274486">
				<ele>1552.000000</ele>
			</trkpt>
			<trkpt lat="46.561122" lon="13.274558">
				<ele>1551.000000</ele>
			</trkpt>
			<trkpt lat="46.561154" lon="13.274612">
				<ele>1550.000000</ele>
			</trkpt>
			<trkpt lat="46.561209" lon="13.274675">
				<ele>1549.000000</ele>
			</trkpt>
			<trkpt lat="46.561264" lon="13.274710">
				<ele>1548.000000</ele>
			</trkpt>
			<trkpt lat="46.561376" lon="13.274755">
				<ele>1546.000000</ele>
			</trkpt>
			<trkpt lat="46.561431" lon="13.274755">
				<ele>1545.000000</ele>
			</trkpt>
			<trkpt lat="46.561487" lon="13.274845">
				<ele>1543.000000</ele>
			</trkpt>
			<trkpt lat="46.561481" lon="13.274918">
				<ele>1542.000000</ele>
			</trkpt>
			<trkpt lat="46.561450" lon="13.275016">
				<ele>1541.000000</ele>
			</trkpt>
			<trkpt lat="46.561406" lon="13.275069">
				<ele>1540.000000</ele>
			</trkpt>
			<trkpt lat="46.561345" lon="13.275105">
				<ele>1539.000000</ele>
			</trkpt>
			<trkpt lat="46.561252" lon="13.275159">
				<ele>1537.000000</ele>
			</trkpt>
			<trkpt lat="46.561233" lon="13.275168">
				<ele>1537.000000</ele>
			</trkpt>
			<trkpt lat="46.561190" lon="13.275205">
				<ele>1536.000000</ele>
			</trkpt>
			<trkpt lat="46.561129" lon="13.275285">
				<ele>1534.000000</ele>
			</trkpt>
			<trkpt lat="46.561091" lon="13.275348">
				<ele>1533.000000</ele>
			</trkpt>
			<trkpt lat="46.561085" lon="13.275366">
				<ele>1533.000000</ele>
			</trkpt>
			<trkpt lat="46.561042" lon="13.275438">
				<ele>1532.000000</ele>
			</trkpt>
			<trkpt lat="46.560987" lon="13.275501">
				<ele>1530.000000</ele>
			</trkpt>
			<trkpt lat="46.560943" lon="13.275555">
				<ele>1530.000000</ele>
			</trkpt>
			<trkpt lat="46.560851" lon="13.275681">
				<ele>1529.000000</ele>
			</trkpt>
			<trkpt lat="46.560783" lon="13.275788">
				<ele>1528.000000</ele>
			</trkpt>
			<trkpt lat="46.560739" lon="13.275860">
				<ele>1527.000000</ele>
			</trkpt>
			<trkpt lat="46.560474" lon="13.275788">
				<ele>1528.000000</ele>
			</trkpt>
			<trkpt lat="46.560350" lon="13.275752">
				<ele>1529.000000</ele>
			</trkpt>
			<trkpt lat="46.560245" lon="13.275725">
				<ele>1530.000000</ele>
			</trkpt>
			<trkpt lat="46.560183" lon="13.275698">
				<ele>1530.000000</ele>
			</trkpt>
			<trkpt lat="46.560091" lon="13.275815">
				<ele>1531.000000</ele>
			</trkpt>
			<trkpt lat="46.560060" lon="13.275960">
				<ele>1532.000000</ele>
			</trkpt>
			<trkpt lat="46.560041" lon="13.276094">
				<ele>1533.000000</ele>
			</trkpt>
			<trkpt lat="46.560085" lon="13.276318">
				<ele>1535.000000</ele>
			</trkpt>
			<trkpt lat="46.560165" lon="13.276587">
				<ele>1537.000000</ele>
			</trkpt>
			<trkpt lat="46.560177" lon="13.276677">
				<ele>1538.000000</ele>
			</trkpt>
			<trkpt lat="46.560171" lon="13.277037">
				<ele>1540.000000</ele>
			</trkpt>
			<trkpt lat="46.560177" lon="13.277352">
				<ele>1542.000000</ele>
			</trkpt>
			<trkpt lat="46.560171" lon="13.277388">
				<ele>1542.000000</ele>
			</trkpt>
			<trkpt lat="46.560165" lon="13.277450">
				<ele>1543.000000</ele>
			</trkpt>
			<trkpt lat="46.560146" lon="13.277505">
				<ele>1543.000000</ele>
			</trkpt>
			<trkpt lat="46.560048" lon="13.277782">
				<ele>1545.000000</ele>
			</trkpt>
			<trkpt lat="46.560004" lon="13.277891">
				<ele>1545.000000</ele>
			</trkpt>
			<trkpt lat="46.559967" lon="13.277944">
				<ele>1546.000000</ele>
			</trkpt>
			<trkpt lat="46.559931" lon="13.278008">
				<ele>1546.000000</ele>
			</trkpt>
			<trkpt lat="46.559869" lon="13.278079">
				<ele>1547.000000</ele>
			</trkpt>
			<trkpt lat="46.559770" lon="13.278187">
				<ele>1548.000000</ele>
			</trkpt>
			<trkpt lat="46.559714" lon="13.278277">
				<ele>1548.000000</ele>
			</trkpt>
			<trkpt lat="46.559689" lon="13.278358">
				<ele>1549.000000</ele>
			</trkpt>
			<trkpt lat="46.559689" lon="13.278438">
				<ele>1549.000000</ele>
			</trkpt>
			<trkpt lat="46.559689" lon="13.278520">
				<ele>1550.000000</ele>
			</trkpt>
			<trkpt lat="46.559708" lon="13.278600">
				<ele>1550.000000</ele>
			</trkpt>
			<trkpt lat="46.559745" lon="13.278761">
				<ele>1551.000000</ele>
			</trkpt>
			<trkpt lat="46.559733" lon="13.279050">
				<ele>1552.000000</ele>
			</trkpt>
			<trkpt lat="46.559708" lon="13.279283">
				<ele>1553.000000</ele>
			</trkpt>
			<trkpt lat="46.559696" lon="13.279507">
				<ele>1554.000000</ele>
			</trkpt>
			<trkpt lat="46.559702" lon="13.279633">
				<ele>1555.000000</ele>
			</trkpt>
			<trkpt lat="46.559708" lon="13.279713">
				<ele>1555.000000</ele>
			</trkpt>
			<trkpt lat="46.559745" lon="13.279866">
				<ele>1556.000000</ele>
			</trkpt>
			<trkpt lat="46.559794" lon="13.279929">
				<ele>1556.000000</ele>
			</trkpt>
			<trkpt lat="46.559973" lon="13.280065">
				<ele>1557.000000</ele>
			</trkpt>
			<trkpt lat="46.560004" lon="13.280109">
				<ele>1558.000000</ele>
			</trkpt>
			<trkpt lat="46.560035" lon="13.280189">
				<ele>1558.000000</ele>
			</trkpt>
			<trkpt lat="46.560116" lon="13.280388">
				<ele>1559.000000</ele>
			</trkpt>
			<trkpt lat="46.560177" lon="13.280522">
				<ele>1560.000000</ele>
			</trkpt>
			<trkpt lat="46.560233" lon="13.280594">
				<ele>1561.000000</ele>
			</trkpt>
			<trkpt lat="46.560313" lon="13.280684">
				<ele>1562.000000</ele>
			</trkpt>
			<trkpt lat="46.560394" lon="13.280774">
				<ele>1563.000000</ele>
			</trkpt>
			<trkpt lat="46.560425" lon="13.280828">
				<ele>1563.000000</ele>
			</trkpt>
			<trkpt lat="46.560443" lon="13.280891">
				<ele>1564.000000</ele>
			</trkpt>
			<trkpt lat="46.560468" lon="13.280981">
				<ele>1565.000000</ele>
			</trkpt>
			<trkpt lat="46.560486" lon="13.281071">
				<ele>1565.000000</ele>
			</trkpt>
			<trkpt lat="46.560535" lon="13.281376">
				<ele>1568.000000</ele>
			</trkpt>
			<trkpt lat="46.560554" lon="13.281466">
				<ele>1569.000000</ele>
			</trkpt>
			<trkpt lat="46.560591" lon="13.281556">
				<ele>1569.000000</ele>
			</trkpt>
			<trkpt lat="46.560629" lon="13.281627">
				<ele>1570.000000</ele>
			</trkpt>
			<trkpt lat="46.560746" lon="13.281826">
				<ele>1572.000000</ele>
			</trkpt>
			<trkpt lat="46.560943" lon="13.282193">
				<ele>1575.000000</ele>
			</trkpt>
			<trkpt lat="46.560993" lon="13.282266">
				<ele>1576.000000</ele>
			</trkpt>
			<trkpt lat="46.561036" lon="13.282329">
				<ele>1576.000000</ele>
			</trkpt>
			<trkpt lat="46.561122" lon="13.282409">
				<ele>1577.000000</ele>
			</trkpt>
			<trkpt lat="46.561203" lon="13.282489">
				<ele>1578.000000</ele>
			</trkpt>
			<trkpt lat="46.561487" lon="13.282876">
				<ele>1582.000000</ele>
			</trkpt>
			<trkpt lat="46.561610" lon="13.283011">
				<ele>1584.000000</ele>
			</trkpt>
			<trkpt lat="46.561691" lon="13.283082">
				<ele>1585.000000</ele>
			</trkpt>
			<trkpt lat="46.561771" lon="13.283118">
				<ele>1585.000000</ele>
			</trkpt>
			<trkpt lat="46.561882" lon="13.283155">
				<ele>1586.000000</ele>
			</trkpt>
			<trkpt lat="46.562012" lon="13.283172">
				<ele>1588.000000</ele>
			</trkpt>
			<trkpt lat="46.562283" lon="13.283208">
				<ele>1590.000000</ele>
			</trkpt>
			<trkpt lat="46.562500" lon="13.283254">
				<ele>1592.000000</ele>
			</trkpt>
			<trkpt lat="46.562587" lon="13.283298">
				<ele>1592.000000</ele>
			</trkpt>
			<trkpt lat="46.562660" lon="13.283405">
				<ele>1593.000000</ele>
			</trkpt>
			<trkpt lat="46.562716" lon="13.283541">
				<ele>1594.000000</ele>
			</trkpt>
			<trkpt lat="46.562914" lon="13.283765">
				<ele>1595.000000</ele>
			</trkpt>
			<trkpt lat="46.563012" lon="13.283918">
				<ele>1596.000000</ele>
			</trkpt>
			<trkpt lat="46.563056" lon="13.284026">
				<ele>1597.000000</ele>
			</trkpt>
			<trkpt lat="46.563124" lon="13.284187">
				<ele>1598.000000</ele>
			</trkpt>
			<trkpt lat="46.563197" lon="13.284304">
				<ele>1599.000000</ele>
			</trkpt>
			<trkpt lat="46.563364" lon="13.284520">
				<ele>1600.000000</ele>
			</trkpt>
			<trkpt lat="46.563420" lon="13.284583">
				<ele>1600.000000</ele>
			</trkpt>
			<trkpt lat="46.563488" lon="13.284627">
				<ele>1600.000000</ele>
			</trkpt>
			<trkpt lat="46.563624" lon="13.284655">
				<ele>1601.000000</ele>
			</trkpt>
			<trkpt lat="46.563710" lon="13.284700">
				<ele>1601.000000</ele>
			</trkpt>
			<trkpt lat="46.563840" lon="13.284816">
				<ele>1602.000000</ele>
			</trkpt>
			<trkpt lat="46.563877" lon="13.284862">
				<ele>1602.000000</ele>
			</trkpt>
			<trkpt lat="46.563920" lon="13.284942">
				<ele>1602.000000</ele>
			</trkpt>
			<trkpt lat="46.563957" lon="13.285032">
				<ele>1603.000000</ele>
			</trkpt>
			<trkpt lat="46.563976" lon="13.285131">
				<ele>1603.000000</ele>
			</trkpt>
			<trkpt lat="46.563982" lon="13.285212">
				<ele>1603.000000</ele>
			</trkpt>
			<trkpt lat="46.563976" lon="13.285283">
				<ele>1603.000000</ele>
			</trkpt>
			<trkpt lat="46.563920" lon="13.285445">
				<ele>1604.000000</ele>
			</trkpt>
			<trkpt lat="46.563895" lon="13.285598">
				<ele>1604.000000</ele>
			</trkpt>
			<trkpt lat="46.563895" lon="13.285669">
				<ele>1604.000000</ele>
			</trkpt>
			<trkpt lat="46.563914" lon="13.285715">
				<ele>1604.000000</ele>
			</trkpt>
			<trkpt lat="46.563945" lon="13.285751">
				<ele>1605.000000</ele>
			</trkpt>
			<trkpt lat="46.563970" lon="13.285768">
				<ele>1605.000000</ele>
			</trkpt>
			<trkpt lat="46.564007" lon="13.285778">
				<ele>1605.000000</ele>
			</trkpt>
			<trkpt lat="46.564044" lon="13.285768">
				<ele>1605.000000</ele>
			</trkpt>
			<trkpt lat="46.564229" lon="13.285688">
				<ele>1606.000000</ele>
			</trkpt>
			<trkpt lat="46.564266" lon="13.285669">
				<ele>1606.000000</ele>
			</trkpt>
			<trkpt lat="46.564309" lon="13.285616">
				<ele>1606.000000</ele>
			</trkpt>
			<trkpt lat="46.564359" lon="13.285535">
				<ele>1606.000000</ele>
			</trkpt>
			<trkpt lat="46.564390" lon="13.285472">
				<ele>1607.000000</ele>
			</trkpt>
			<trkpt lat="46.564451" lon="13.285319">
				<ele>1607.000000</ele>
			</trkpt>
			<trkpt lat="46.564470" lon="13.285275">
				<ele>1607.000000</ele>
			</trkpt>
			<trkpt lat="46.564513" lon="13.285203">
				<ele>1607.000000</ele>
			</trkpt>
			<trkpt lat="46.564594" lon="13.285149">
				<ele>1608.000000</ele>
			</trkpt>
			<trkpt lat="46.564655" lon="13.285131">
				<ele>1608.000000</ele>
			</trkpt>
			<trkpt lat="46.564736" lon="13.285185">
				<ele>1608.000000</ele>
			</trkpt>
			<trkpt lat="46.564934" lon="13.285400">
				<ele>1609.000000</ele>
			</trkpt>
			<trkpt lat="46.565168" lon="13.285732">
				<ele>1612.000000</ele>
			</trkpt>
			<trkpt lat="46.565304" lon="13.285939">
				<ele>1614.000000</ele>
			</trkpt>
			<trkpt lat="46.565334" lon="13.286047">
				<ele>1615.000000</ele>
			</trkpt>
			<trkpt lat="46.565341" lon="13.286055">
				<ele>1615.000000</ele>
			</trkpt>
			<trkpt lat="46.565341" lon="13.286182">
				<ele>1616.000000</ele>
			</trkpt>
			<trkpt lat="46.565328" lon="13.286919">
				<ele>1620.000000</ele>
			</trkpt>
			<trkpt lat="46.565328" lon="13.287036">
				<ele>1621.000000</ele>
			</trkpt>
			<trkpt lat="46.565322" lon="13.287197">
				<ele>1621.000000</ele>
			</trkpt>
			<trkpt lat="46.565341" lon="13.287592">
				<ele>1622.000000</ele>
			</trkpt>
			<trkpt lat="46.565322" lon="13.287816">
				<ele>1623.000000</ele>
			</trkpt>
			<trkpt lat="46.565304" lon="13.287879">
				<ele>1623.000000</ele>
			</trkpt>
			<trkpt lat="46.565273" lon="13.287952">
				<ele>1624.000000</ele>
			</trkpt>
			<trkpt lat="46.565248" lon="13.287988">
				<ele>1624.000000</ele>
			</trkpt>
			<trkpt lat="46.565242" lon="13.288042">
				<ele>1624.000000</ele>
			</trkpt>
			<trkpt lat="46.565236" lon="13.288059">
				<ele>1624.000000</ele>
			</trkpt>
			<trkpt lat="46.565236" lon="13.288105">
				<ele>1624.000000</ele>
			</trkpt>
			<trkpt lat="46.565255" lon="13.288168">
				<ele>1624.000000</ele>
			</trkpt>
			<trkpt lat="46.565310" lon="13.288275">
				<ele>1625.000000</ele>
			</trkpt>
			<trkpt lat="46.565365" lon="13.288338">
				<ele>1625.000000</ele>
			</trkpt>
			<trkpt lat="46.565415" lon="13.288365">
				<ele>1625.000000</ele>
			</trkpt>
			<trkpt lat="46.565471" lon="13.288382">
				<ele>1626.000000</ele>
			</trkpt>
			<trkpt lat="46.565495" lon="13.288491">
				<ele>1626.000000</ele>
			</trkpt>
			<trkpt lat="46.565526" lon="13.288589">
				<ele>1626.000000</ele>
			</trkpt>
			<trkpt lat="46.565607" lon="13.288751">
				<ele>1627.000000</ele>
			</trkpt>
			<trkpt lat="46.565699" lon="13.288877">
				<ele>1627.000000</ele>
			</trkpt>
			<trkpt lat="46.565717" lon="13.288913">
				<ele>1627.000000</ele>
			</trkpt>
			<trkpt lat="46.565767" lon="13.289038">
				<ele>1628.000000</ele>
			</trkpt>
			<trkpt lat="46.565773" lon="13.289074">
				<ele>1628.000000</ele>
			</trkpt>
			<trkpt lat="46.565773" lon="13.289120">
				<ele>1628.000000</ele>
			</trkpt>
			<trkpt lat="46.565804" lon="13.289200">
				<ele>1628.000000</ele>
			</trkpt>
			<trkpt lat="46.565860" lon="13.289281">
				<ele>1629.000000</ele>
			</trkpt>
			<trkpt lat="46.565909" lon="13.289371">
				<ele>1629.000000</ele>
			</trkpt>
			<trkpt lat="46.565934" lon="13.289479">
				<ele>1629.000000</ele>
			</trkpt>
			<trkpt lat="46.565977" lon="13.289587">
				<ele>1630.000000</ele>
			</trkpt>
			<trkpt lat="46.566008" lon="13.289686">
				<ele>1631.000000</ele>
			</trkpt>
			<trkpt lat="46.566069" lon="13.289856">
				<ele>1634.000000</ele>
			</trkpt>
			<trkpt lat="46.566107" lon="13.289937">
				<ele>1635.000000</ele>
			</trkpt>
			<trkpt lat="46.566144" lon="13.290072">
				<ele>1637.000000</ele>
			</trkpt>
			<trkpt lat="46.566169" lon="13.290170">
				<ele>1639.000000</ele>
			</trkpt>
			<trkpt lat="46.566193" lon="13.290216">
				<ele>1640.000000</ele>
			</trkpt>
			<trkpt lat="46.566206" lon="13.290313">
				<ele>1641.000000</ele>
			</trkpt>
			<trkpt lat="46.566230" lon="13.290413">
				<ele>1642.000000</ele>
			</trkpt>
			<trkpt lat="46.566261" lon="13.290458">
				<ele>1643.000000</ele>
			</trkpt>
			<trkpt lat="46.566329" lon="13.290503">
				<ele>1644.000000</ele>
			</trkpt>
			<trkpt lat="46.566354" lon="13.290556">
				<ele>1645.000000</ele>
			</trkpt>
			<trkpt lat="46.566391" lon="13.290602">
				<ele>1646.000000</ele>
			</trkpt>
			<trkpt lat="46.566428" lon="13.290655">
				<ele>1647.000000</ele>
			</trkpt>
			<trkpt lat="46.566446" lon="13.290755">
				<ele>1648.000000</ele>
			</trkpt>
			<trkpt lat="46.566446" lon="13.290818">
				<ele>1649.000000</ele>
			</trkpt>
			<trkpt lat="46.566446" lon="13.290952">
				<ele>1650.000000</ele>
			</trkpt>
			<trkpt lat="46.566440" lon="13.291158">
				<ele>1654.000000</ele>
			</trkpt>
			<trkpt lat="46.566434" lon="13.291419">
				<ele>1658.000000</ele>
			</trkpt>
			<trkpt lat="46.566452" lon="13.291571">
				<ele>1660.000000</ele>
			</trkpt>
			<trkpt lat="46.566483" lon="13.291734">
				<ele>1663.000000</ele>
			</trkpt>
			<trkpt lat="46.566515" lon="13.291850">
				<ele>1664.000000</ele>
			</trkpt>
			<trkpt lat="46.566496" lon="13.291976">
				<ele>1667.000000</ele>
			</trkpt>
			<trkpt lat="46.566452" lon="13.292129">
				<ele>1669.000000</ele>
			</trkpt>
			<trkpt lat="46.566459" lon="13.292246">
				<ele>1671.000000</ele>
			</trkpt>
			<trkpt lat="46.566465" lon="13.292461">
				<ele>1672.000000</ele>
			</trkpt>
			<trkpt lat="46.566502" lon="13.292596">
				<ele>1674.000000</ele>
			</trkpt>
			<trkpt lat="46.566521" lon="13.292695">
				<ele>1675.000000</ele>
			</trkpt>
			<trkpt lat="46.566521" lon="13.292820">
				<ele>1676.000000</ele>
			</trkpt>
			<trkpt lat="46.566521" lon="13.292902">
				<ele>1676.000000</ele>
			</trkpt>
			<trkpt lat="46.566546" lon="13.293009">
				<ele>1677.000000</ele>
			</trkpt>
			<trkpt lat="46.566582" lon="13.293063">
				<ele>1678.000000</ele>
			</trkpt>
			<trkpt lat="46.566638" lon="13.293072">
				<ele>1679.000000</ele>
			</trkpt>
			<trkpt lat="46.566718" lon="13.293090">
				<ele>1680.000000</ele>
			</trkpt>
			<trkpt lat="46.566792" lon="13.293116">
				<ele>1681.000000</ele>
			</trkpt>
			<trkpt lat="46.566891" lon="13.293153">
				<ele>1682.000000</ele>
			</trkpt>
			<trkpt lat="46.567033" lon="13.293252">
				<ele>1684.000000</ele>
			</trkpt>
			<trkpt lat="46.567064" lon="13.293269">
				<ele>1685.000000</ele>
			</trkpt>
			<trkpt lat="46.567138" lon="13.293369">
				<ele>1686.000000</ele>
			</trkpt>
			<trkpt lat="46.567194" lon="13.293440">
				<ele>1687.000000</ele>
			</trkpt>
			<trkpt lat="46.567262" lon="13.293521">
				<ele>1688.000000</ele>
			</trkpt>
			<trkpt lat="46.567342" lon="13.293638">
				<ele>1690.000000</ele>
			</trkpt>
			<trkpt lat="46.567373" lon="13.293682">
				<ele>1690.000000</ele>
			</trkpt>
			<trkpt lat="46.567404" lon="13.293755">
				<ele>1691.000000</ele>
			</trkpt>
			<trkpt lat="46.567416" lon="13.293827">
				<ele>1692.000000</ele>
			</trkpt>
			<trkpt lat="46.567416" lon="13.293917">
				<ele>1692.000000</ele>
			</trkpt>
			<trkpt lat="46.567410" lon="13.294006">
				<ele>1693.000000</ele>
			</trkpt>
			<trkpt lat="46.567422" lon="13.294069">
				<ele>1694.000000</ele>
			</trkpt>
			<trkpt lat="46.567478" lon="13.294150">
				<ele>1695.000000</ele>
			</trkpt>
			<trkpt lat="46.567539" lon="13.294248">
				<ele>1696.000000</ele>
			</trkpt>
			<trkpt lat="46.567595" lon="13.294311">
				<ele>1697.000000</ele>
			</trkpt>
			<trkpt lat="46.567669" lon="13.294338">
				<ele>1698.000000</ele>
			</trkpt>
			<trkpt lat="46.567743" lon="13.294321">
				<ele>1699.000000</ele>
			</trkpt>
			<trkpt lat="46.567805" lon="13.294321">
				<ele>1700.000000</ele>
			</trkpt>
			<trkpt lat="46.567873" lon="13.294357">
				<ele>1701.000000</ele>
			</trkpt>
			<trkpt lat="46.567941" lon="13.294437">
				<ele>1703.000000</ele>
			</trkpt>
			<trkpt lat="46.567997" lon="13.294518">
				<ele>1705.000000</ele>
			</trkpt>
			<trkpt lat="46.568046" lon="13.294571">
				<ele>1706.000000</ele>
			</trkpt>
			<trkpt lat="46.568108" lon="13.294653">
				<ele>1708.000000</ele>
			</trkpt>
			<trkpt lat="46.568151" lon="13.294716">
				<ele>1709.000000</ele>
			</trkpt>
			<trkpt lat="46.568206" lon="13.294797">
				<ele>1711.000000</ele>
			</trkpt>
			<trkpt lat="46.568256" lon="13.294887">
				<ele>1713.000000</ele>
			</trkpt>
			<trkpt lat="46.568299" lon="13.294977">
				<ele>1714.000000</ele>
			</trkpt>
			<trkpt lat="46.568361" lon="13.295048">
				<ele>1716.000000</ele>
			</trkpt>
			<trkpt lat="46.568398" lon="13.295066">
				<ele>1716.000000</ele>
			</trkpt>
			<trkpt lat="46.568429" lon="13.295066">
				<ele>1717.000000</ele>
			</trkpt>
			<trkpt lat="46.568454" lon="13.295057">
				<ele>1717.000000</ele>
			</trkpt>
			<trkpt lat="46.568472" lon="13.295030">
				<ele>1718.000000</ele>
			</trkpt>
			<trkpt lat="46.568478" lon="13.295021">
				<ele>1718.000000</ele>
			</trkpt>
			<trkpt lat="46.568478" lon="13.295013">
				<ele>1718.000000</ele>
			</trkpt>
			<trkpt lat="46.568528" lon="13.294967">
				<ele>1719.000000</ele>
			</trkpt>
			<trkpt lat="46.568589" lon="13.294967">
				<ele>1721.000000</ele>
			</trkpt>
			<trkpt lat="46.568645" lon="13.294967">
				<ele>1722.000000</ele>
			</trkpt>
			<trkpt lat="46.568676" lon="13.294977">
				<ele>1723.000000</ele>
			</trkpt>
			<trkpt lat="46.568719" lon="13.295040">
				<ele>1725.000000</ele>
			</trkpt>
			<trkpt lat="46.568707" lon="13.295084">
				<ele>1726.000000</ele>
			</trkpt>
			<trkpt lat="46.568707" lon="13.295111">
				<ele>1727.000000</ele>
			</trkpt>
			<trkpt lat="46.568719" lon="13.295147">
				<ele>1727.000000</ele>
			</trkpt>
			<trkpt lat="46.568719" lon="13.295255">
				<ele>1729.000000</ele>
			</trkpt>
			<trkpt lat="46.568695" lon="13.295290">
				<ele>1730.000000</ele>
			</trkpt>
			<trkpt lat="46.568676" lon="13.295327">
				<ele>1731.000000</ele>
			</trkpt>
			<trkpt lat="46.568664" lon="13.295372">
				<ele>1732.000000</ele>
			</trkpt>
			<trkpt lat="46.568657" lon="13.295399">
				<ele>1733.000000</ele>
			</trkpt>
			<trkpt lat="46.568633" lon="13.295435">
				<ele>1734.000000</ele>
			</trkpt>
			<trkpt lat="46.568626" lon="13.295443">
				<ele>1734.000000</ele>
			</trkpt>
			<trkpt lat="46.568633" lon="13.295479">
				<ele>1735.000000</ele>
			</trkpt>
			<trkpt lat="46.568614" lon="13.295506">
				<ele>1736.000000</ele>
			</trkpt>
			<trkpt lat="46.568614" lon="13.295579">
				<ele>1737.000000</ele>
			</trkpt>
			<trkpt lat="46.568633" lon="13.295605">
				<ele>1738.000000</ele>
			</trkpt>
			<trkpt lat="46.568639" lon="13.295632">
				<ele>1738.000000</ele>
			</trkpt>
			<trkpt lat="46.568626" lon="13.295659">
				<ele>1739.000000</ele>
			</trkpt>
			<trkpt lat="46.568626" lon="13.295695">
				<ele>1740.000000</ele>
			</trkpt>
			<trkpt lat="46.568633" lon="13.295722">
				<ele>1741.000000</ele>
			</trkpt>
			<trkpt lat="46.568633" lon="13.295785">
				<ele>1742.000000</ele>
			</trkpt>
			<trkpt lat="46.568664" lon="13.295829">
				<ele>1744.000000</ele>
			</trkpt>
			<trkpt lat="46.568676" lon="13.295875">
				<ele>1745.000000</ele>
			</trkpt>
			<trkpt lat="46.568707" lon="13.295911">
				<ele>1747.000000</ele>
			</trkpt>
			<trkpt lat="46.568744" lon="13.295892">
				<ele>1748.000000</ele>
			</trkpt>
			<trkpt lat="46.568781" lon="13.295875">
				<ele>1750.000000</ele>
			</trkpt>
			<trkpt lat="46.568843" lon="13.295856">
				<ele>1753.000000</ele>
			</trkpt>
			<trkpt lat="46.568905" lon="13.295856">
				<ele>1756.000000</ele>
			</trkpt>
			<trkpt lat="46.568935" lon="13.295866">
				<ele>1758.000000</ele>
			</trkpt>
			<trkpt lat="46.568997" lon="13.295883">
				<ele>1761.000000</ele>
			</trkpt>
			<trkpt lat="46.569034" lon="13.295866">
				<ele>1762.000000</ele>
			</trkpt>
			<trkpt lat="46.569047" lon="13.295892">
				<ele>1763.000000</ele>
			</trkpt>
			<trkpt lat="46.569071" lon="13.295902">
				<ele>1764.000000</ele>
			</trkpt>
			<trkpt lat="46.569133" lon="13.295911">
				<ele>1766.000000</ele>
			</trkpt>
			<trkpt lat="46.569182" lon="13.295902">
				<ele>1768.000000</ele>
			</trkpt>
			<trkpt lat="46.569244" lon="13.295965">
				<ele>1770.000000</ele>
			</trkpt>
			<trkpt lat="46.569293" lon="13.296045">
				<ele>1772.000000</ele>
			</trkpt>
			<trkpt lat="46.569349" lon="13.296118">
				<ele>1775.000000</ele>
			</trkpt>
			<trkpt lat="46.569399" lon="13.296153">
				<ele>1776.000000</ele>
			</trkpt>
			<trkpt lat="46.569503" lon="13.296216">
				<ele>1779.000000</ele>
			</trkpt>
			<trkpt lat="46.569584" lon="13.296261">
				<ele>1781.000000</ele>
			</trkpt>
			<trkpt lat="46.569701" lon="13.296288">
				<ele>1784.000000</ele>
			</trkpt>
			<trkpt lat="46.569782" lon="13.296297">
				<ele>1786.000000</ele>
			</trkpt>
			<trkpt lat="46.569880" lon="13.296315">
				<ele>1788.000000</ele>
			</trkpt>
			<trkpt lat="46.570010" lon="13.296359">
				<ele>1791.000000</ele>
			</trkpt>
			<trkpt lat="46.570127" lon="13.296395">
				<ele>1793.000000</ele>
			</trkpt>
			<trkpt lat="46.570207" lon="13.296432">
				<ele>1795.000000</ele>
			</trkpt>
			<trkpt lat="46.570306" lon="13.296495">
				<ele>1797.000000</ele>
			</trkpt>
			<trkpt lat="46.570386" lon="13.296531">
				<ele>1799.000000</ele>
			</trkpt>
			<trkpt lat="46.570461" lon="13.296548">
				<ele>1800.000000</ele>
			</trkpt>
			<trkpt lat="46.570541" lon="13.296521">
				<ele>1803.000000</ele>
			</trkpt>
			<trkpt lat="46.570652" lon="13.296495">
				<ele>1806.000000</ele>
			</trkpt>
			<trkpt lat="46.570788" lon="13.296477">
				<ele>1809.000000</ele>
			</trkpt>
			<trkpt lat="46.570881" lon="13.296458">
				<ele>1812.000000</ele>
			</trkpt>
			<trkpt lat="46.570942" lon="13.296449">
				<ele>1814.000000</ele>
			</trkpt>
			<trkpt lat="46.571041" lon="13.296414">
				<ele>1817.000000</ele>
			</trkpt>
			<trkpt lat="46.571109" lon="13.296395">
				<ele>1819.000000</ele>
			</trkpt>
			<trkpt lat="46.571177" lon="13.296378">
				<ele>1821.000000</ele>
			</trkpt>
			<trkpt lat="46.571233" lon="13.296351">
				<ele>1823.000000</ele>
			</trkpt>
			<trkpt lat="46.571257" lon="13.296324">
				<ele>1824.000000</ele>
			</trkpt>
			<trkpt lat="46.571276" lon="13.296315">
				<ele>1824.000000</ele>
			</trkpt>
			<trkpt lat="46.571387" lon="13.296324">
				<ele>1828.000000</ele>
			</trkpt>
			<trkpt lat="46.571566" lon="13.296342">
				<ele>1832.000000</ele>
			</trkpt>
			<trkpt lat="46.571671" lon="13.296395">
				<ele>1835.000000</ele>
			</trkpt>
			<trkpt lat="46.571831" lon="13.296531">
				<ele>1839.000000</ele>
			</trkpt>
			<trkpt lat="46.571912" lon="13.296558">
				<ele>1840.000000</ele>
			</trkpt>
			<trkpt lat="46.571986" lon="13.296521">
				<ele>1842.000000</ele>
			</trkpt>
			<trkpt lat="46.572023" lon="13.296521">
				<ele>1843.000000</ele>
			</trkpt>
			<trkpt lat="46.572041" lon="13.296567">
				<ele>1844.000000</ele>
			</trkpt>
			<trkpt lat="46.572054" lon="13.296629">
				<ele>1845.000000</ele>
			</trkpt>
			<trkpt lat="46.572054" lon="13.296719">
				<ele>1847.000000</ele>
			</trkpt>
			<trkpt lat="46.572066" lon="13.296854">
				<ele>1849.000000</ele>
			</trkpt>
			<trkpt lat="46.571992" lon="13.297097">
				<ele>1855.000000</ele>
			</trkpt>
			<trkpt lat="46.571906" lon="13.297420">
				<ele>1862.000000</ele>
			</trkpt>
			<trkpt lat="46.571831" lon="13.297609">
				<ele>1866.000000</ele>
			</trkpt>
			<trkpt lat="46.571875" lon="13.297627">
				<ele>1868.000000</ele>
			</trkpt>
			<trkpt lat="46.571924" lon="13.297600">
				<ele>1870.000000</ele>
			</trkpt>
			<trkpt lat="46.571955" lon="13.297590">
				<ele>1870.000000</ele>
			</trkpt>
			<trkpt lat="46.572004" lon="13.297554">
				<ele>1871.000000</ele>
			</trkpt>
			<trkpt lat="46.572085" lon="13.297546">
				<ele>1873.000000</ele>
			</trkpt>
			<trkpt lat="46.572110" lon="13.297527">
				<ele>1873.000000</ele>
			</trkpt>
			<trkpt lat="46.572171" lon="13.297519">
				<ele>1874.000000</ele>
			</trkpt>
			<trkpt lat="46.572233" lon="13.297491">
				<ele>1876.000000</ele>
			</trkpt>
			<trkpt lat="46.572301" lon="13.297474">
				<ele>1877.000000</ele>
			</trkpt>
			<trkpt lat="46.572350" lon="13.297474">
				<ele>1878.000000</ele>
			</trkpt>
			<trkpt lat="46.572400" lon="13.297447">
				<ele>1879.000000</ele>
			</trkpt>
			<trkpt lat="46.572443" lon="13.297437">
				<ele>1880.000000</ele>
			</trkpt>
			<trkpt lat="46.572530" lon="13.297393">
				<ele>1882.000000</ele>
			</trkpt>
			<trkpt lat="46.572585" lon="13.297366">
				<ele>1884.000000</ele>
			</trkpt>
			<trkpt lat="46.572647" lon="13.297357">
				<ele>1885.000000</ele>
			</trkpt>
			<trkpt lat="46.572659" lon="13.297330">
				<ele>1886.000000</ele>
			</trkpt>
			<trkpt lat="46.572715" lon="13.297276">
				<ele>1887.000000</ele>
			</trkpt>
			<trkpt lat="46.572789" lon="13.297231">
				<ele>1889.000000</ele>
			</trkpt>
			<trkpt lat="46.572863" lon="13.297195">
				<ele>1891.000000</ele>
			</trkpt>
			<trkpt lat="46.572943" lon="13.297150">
				<ele>1893.000000</ele>
			</trkpt>
			<trkpt lat="46.573036" lon="13.297087">
				<ele>1896.000000</ele>
			</trkpt>
			<trkpt lat="46.573067" lon="13.297051">
				<ele>1897.000000</ele>
			</trkpt>
			<trkpt lat="46.573085" lon="13.297015">
				<ele>1898.000000</ele>
			</trkpt>
			<trkpt lat="46.573104" lon="13.296988">
				<ele>1899.000000</ele>
			</trkpt>
			<trkpt lat="46.573203" lon="13.297015">
				<ele>1901.000000</ele>
			</trkpt>
			<trkpt lat="46.573283" lon="13.296998">
				<ele>1903.000000</ele>
			</trkpt>
			<trkpt lat="46.573301" lon="13.296998">
				<ele>1904.000000</ele>
			</trkpt>
			<trkpt lat="46.573357" lon="13.296961">
				<ele>1905.000000</ele>
			</trkpt>
			<trkpt lat="46.573425" lon="13.296871">
				<ele>1908.000000</ele>
			</trkpt>
			<trkpt lat="46.573505" lon="13.296835">
				<ele>1910.000000</ele>
			</trkpt>
			<trkpt lat="46.573555" lon="13.296818">
				<ele>1910.000000</ele>
			</trkpt>
			<trkpt lat="46.573629" lon="13.296774">
				<ele>1910.000000</ele>
			</trkpt>
			<trkpt lat="46.573684" lon="13.296774">
				<ele>1910.000000</ele>
			</trkpt>
			<trkpt lat="46.573765" lon="13.296745">
				<ele>1909.000000</ele>
			</trkpt>
			<trkpt lat="46.573808" lon="13.296711">
				<ele>1908.000000</ele>
			</trkpt>
			<trkpt lat="46.573857" lon="13.296656">
				<ele>1907.000000</ele>
			</trkpt>
			<trkpt lat="46.573925" lon="13.296611">
				<ele>1906.000000</ele>
			</trkpt>
			<trkpt lat="46.573987" lon="13.296602">
				<ele>1905.000000</ele>
			</trkpt>
			<trkpt lat="46.574055" lon="13.296584">
				<ele>1904.000000</ele>
			</trkpt>
			<trkpt lat="46.574098" lon="13.296567">
				<ele>1903.000000</ele>
			</trkpt>
			<trkpt lat="46.574172" lon="13.296512">
				<ele>1901.000000</ele>
			</trkpt>
			<trkpt lat="46.574221" lon="13.296495">
				<ele>1900.000000</ele>
			</trkpt>
			<trkpt lat="46.574277" lon="13.296477">
				<ele>1899.000000</ele>
			</trkpt>
			<trkpt lat="46.574302" lon="13.296468">
				<ele>1898.000000</ele>
			</trkpt>
			<trkpt lat="46.574333" lon="13.296422">
				<ele>1897.000000</ele>
			</trkpt>
			<trkpt lat="46.574388" lon="13.296387">
				<ele>1896.000000</ele>
			</trkpt>
			<trkpt lat="46.574419" lon="13.296378">
				<ele>1895.000000</ele>
			</trkpt>
			<trkpt lat="46.574512" lon="13.296324">
				<ele>1893.000000</ele>
			</trkpt>
			<trkpt lat="46.574561" lon="13.296306">
				<ele>1892.000000</ele>
			</trkpt>
			<trkpt lat="46.574586" lon="13.296297">
				<ele>1891.000000</ele>
			</trkpt>
			<trkpt lat="46.574617" lon="13.296288">
				<ele>1891.000000</ele>
			</trkpt>
			<trkpt lat="46.574648" lon="13.296279">
				<ele>1890.000000</ele>
			</trkpt>
			<trkpt lat="46.574703" lon="13.296225">
				<ele>1889.000000</ele>
			</trkpt>
			<trkpt lat="46.574740" lon="13.296198">
				<ele>1888.000000</ele>
			</trkpt>
			<trkpt lat="46.574789" lon="13.296189">
				<ele>1887.000000</ele>
			</trkpt>
			<trkpt lat="46.574827" lon="13.296189">
				<ele>1886.000000</ele>
			</trkpt>
			<trkpt lat="46.574901" lon="13.296216">
				<ele>1885.000000</ele>
			</trkpt>
			<trkpt lat="46.574950" lon="13.296225">
				<ele>1884.000000</ele>
			</trkpt>
			<trkpt lat="46.575062" lon="13.296216">
				<ele>1882.000000</ele>
			</trkpt>
			<trkpt lat="46.575141" lon="13.296225">
				<ele>1880.000000</ele>
			</trkpt>
			<trkpt lat="46.575210" lon="13.296234">
				<ele>1879.000000</ele>
			</trkpt>
			<trkpt lat="46.575241" lon="13.296252">
				<ele>1878.000000</ele>
			</trkpt>
			<trkpt lat="46.575290" lon="13.296252">
				<ele>1877.000000</ele>
			</trkpt>
			<trkpt lat="46.575358" lon="13.296252">
				<ele>1876.000000</ele>
			</trkpt>
			<trkpt lat="46.575407" lon="13.296261">
				<ele>1875.000000</ele>
			</trkpt>
			<trkpt lat="46.575463" lon="13.296269">
				<ele>1874.000000</ele>
			</trkpt>
			<trkpt lat="46.575506" lon="13.296288">
				<ele>1873.000000</ele>
			</trkpt>
			<trkpt lat="46.575555" lon="13.296324">
				<ele>1872.000000</ele>
			</trkpt>
			<trkpt lat="46.575599" lon="13.296359">
				<ele>1871.000000</ele>
			</trkpt>
			<trkpt lat="46.575654" lon="13.296414">
				<ele>1870.000000</ele>
			</trkpt>
			<trkpt lat="46.575691" lon="13.296432">
				<ele>1869.000000</ele>
			</trkpt>
			<trkpt lat="46.575728" lon="13.296449">
				<ele>1868.000000</ele>
			</trkpt>
			<trkpt lat="46.575765" lon="13.296432">
				<ele>1867.000000</ele>
			</trkpt>
			<trkpt lat="46.575784" lon="13.296441">
				<ele>1867.000000</ele>
			</trkpt>
			<trkpt lat="46.575821" lon="13.296468">
				<ele>1866.000000</ele>
			</trkpt>
			<trkpt lat="46.575870" lon="13.296504">
				<ele>1865.000000</ele>
			</trkpt>
			<trkpt lat="46.575920" lon="13.296539">
				<ele>1864.000000</ele>
			</trkpt>
			<trkpt lat="46.575951" lon="13.296575">
				<ele>1863.000000</ele>
			</trkpt>
			<trkpt lat="46.575994" lon="13.296594">
				<ele>1862.000000</ele>
			</trkpt>
			<trkpt lat="46.576037" lon="13.296602">
				<ele>1861.000000</ele>
			</trkpt>
			<trkpt lat="46.576068" lon="13.296629">
				<ele>1860.000000</ele>
			</trkpt>
			<trkpt lat="46.576080" lon="13.296656">
				<ele>1860.000000</ele>
			</trkpt>
			<trkpt lat="46.576099" lon="13.296711">
				<ele>1858.000000</ele>
			</trkpt>
			<trkpt lat="46.576142" lon="13.296774">
				<ele>1857.000000</ele>
			</trkpt>
			<trkpt lat="46.576191" lon="13.296827">
				<ele>1855.000000</ele>
			</trkpt>
			<trkpt lat="46.576247" lon="13.296845">
				<ele>1853.000000</ele>
			</trkpt>
			<trkpt lat="46.576284" lon="13.296863">
				<ele>1852.000000</ele>
			</trkpt>
			<trkpt lat="46.576321" lon="13.296863">
				<ele>1851.000000</ele>
			</trkpt>
			<trkpt lat="46.576376" lon="13.296854">
				<ele>1850.000000</ele>
			</trkpt>
			<trkpt lat="46.576451" lon="13.296863">
				<ele>1848.000000</ele>
			</trkpt>
			<trkpt lat="46.576500" lon="13.296881">
				<ele>1846.000000</ele>
			</trkpt>
			<trkpt lat="46.576525" lon="13.296881">
				<ele>1845.000000</ele>
			</trkpt>
			<trkpt lat="46.576543" lon="13.296881">
				<ele>1845.000000</ele>
			</trkpt>
			<trkpt lat="46.576549" lon="13.296890">
				<ele>1845.000000</ele>
			</trkpt>
			<trkpt lat="46.576537" lon="13.296917">
				<ele>1844.000000</ele>
			</trkpt>
			<trkpt lat="46.576488" lon="13.296953">
				<ele>1843.000000</ele>
			</trkpt>
			<trkpt lat="46.576420" lon="13.297024">
				<ele>1840.000000</ele>
			</trkpt>
			<trkpt lat="46.576358" lon="13.297078">
				<ele>1839.000000</ele>
			</trkpt>
			<trkpt lat="46.576315" lon="13.297105">
				<ele>1838.000000</ele>
			</trkpt>
			<trkpt lat="46.576228" lon="13.297150">
				<ele>1836.000000</ele>
			</trkpt>
			<trkpt lat="46.576161" lon="13.297168">
				<ele>1835.000000</ele>
			</trkpt>
			<trkpt lat="46.576111" lon="13.297168">
				<ele>1834.000000</ele>
			</trkpt>
			<trkpt lat="46.576074" lon="13.297160">
				<ele>1834.000000</ele>
			</trkpt>
			<trkpt lat="46.576061" lon="13.297168">
				<ele>1833.000000</ele>
			</trkpt>
			<trkpt lat="46.576055" lon="13.297195">
				<ele>1833.000000</ele>
			</trkpt>
			<trkpt lat="46.576074" lon="13.297204">
				<ele>1833.000000</ele>
			</trkpt>
			<trkpt lat="46.576099" lon="13.297213">
				<ele>1832.000000</ele>
			</trkpt>
			<trkpt lat="46.576136" lon="13.297231">
				<ele>1832.000000</ele>
			</trkpt>
			<trkpt lat="46.576185" lon="13.297267">
				<ele>1831.000000</ele>
			</trkpt>
			<trkpt lat="46.576228" lon="13.297321">
				<ele>1829.000000</ele>
			</trkpt>
			<trkpt lat="46.576259" lon="13.297348">
				<ele>1828.000000</ele>
			</trkpt>
			<trkpt lat="46.576296" lon="13.297401">
				<ele>1827.000000</ele>
			</trkpt>
			<trkpt lat="46.576327" lon="13.297447">
				<ele>1826.000000</ele>
			</trkpt>
			<trkpt lat="46.576401" lon="13.297456">
				<ele>1824.000000</ele>
			</trkpt>
			<trkpt lat="46.576549" lon="13.297393">
				<ele>1820.000000</ele>
			</trkpt>
			<trkpt lat="46.576667" lon="13.297366">
				<ele>1817.000000</ele>
			</trkpt>
			<trkpt lat="46.576975" lon="13.297321">
				<ele>1809.000000</ele>
			</trkpt>
			<trkpt lat="46.577130" lon="13.297250">
				<ele>1806.000000</ele>
			</trkpt>
			<trkpt lat="46.577340" lon="13.297168">
				<ele>1803.000000</ele>
			</trkpt>
			<trkpt lat="46.577451" lon="13.297078">
				<ele>1801.000000</ele>
			</trkpt>
			<trkpt lat="46.577531" lon="13.297087">
				<ele>1800.000000</ele>
			</trkpt>
			<trkpt lat="46.577599" lon="13.297177">
				<ele>1799.000000</ele>
			</trkpt>
			<trkpt lat="46.577698" lon="13.297285">
				<ele>1797.000000</ele>
			</trkpt>
			<trkpt lat="46.577741" lon="13.297285">
				<ele>1796.000000</ele>
			</trkpt>
			<trkpt lat="46.577778" lon="13.297240">
				<ele>1795.000000</ele>
			</trkpt>
			<trkpt lat="46.577803" lon="13.297195">
				<ele>1794.000000</ele>
			</trkpt>
			<trkpt lat="46.577834" lon="13.297187">
				<ele>1794.000000</ele>
			</trkpt>
			<trkpt lat="46.577858" lon="13.297177">
				<ele>1794.000000</ele>
			</trkpt>
			<trkpt lat="46.577964" lon="13.297177">
				<ele>1792.000000</ele>
			</trkpt>
			<trkpt lat="46.578056" lon="13.297195">
				<ele>1790.000000</ele>
			</trkpt>
			<trkpt lat="46.578074" lon="13.297195">
				<ele>1790.000000</ele>
			</trkpt>
			<trkpt lat="46.578118" lon="13.297168">
				<ele>1789.000000</ele>
			</trkpt>
			<trkpt lat="46.578149" lon="13.297160">
				<ele>1789.000000</ele>
			</trkpt>
			<trkpt lat="46.578260" lon="13.297187">
				<ele>1787.000000</ele>
			</trkpt>
			<trkpt lat="46.578322" lon="13.297222">
				<ele>1786.000000</ele>
			</trkpt>
			<trkpt lat="46.578433" lon="13.297357">
				<ele>1783.000000</ele>
			</trkpt>
			<trkpt lat="46.578482" lon="13.297429">
				<ele>1782.000000</ele>
			</trkpt>
			<trkpt lat="46.578488" lon="13.297510">
				<ele>1781.000000</ele>
			</trkpt>
			<trkpt lat="46.578488" lon="13.297636">
				<ele>1779.000000</ele>
			</trkpt>
			<trkpt lat="46.578495" lon="13.297707">
				<ele>1778.000000</ele>
			</trkpt>
			<trkpt lat="46.578569" lon="13.297833">
				<ele>1775.000000</ele>
			</trkpt>
			<trkpt lat="46.578612" lon="13.297860">
				<ele>1773.000000</ele>
			</trkpt>
			<trkpt lat="46.578636" lon="13.297850">
				<ele>1773.000000</ele>
			</trkpt>
			<trkpt lat="46.578699" lon="13.297824">
				<ele>1771.000000</ele>
			</trkpt>
			<trkpt lat="46.578760" lon="13.297816">
				<ele>1769.000000</ele>
			</trkpt>
			<trkpt lat="46.578815" lon="13.297816">
				<ele>1768.000000</ele>
			</trkpt>
			<trkpt lat="46.578878" lon="13.297833">
				<ele>1766.000000</ele>
			</trkpt>
			<trkpt lat="46.578939" lon="13.297869">
				<ele>1764.000000</ele>
			</trkpt>
			<trkpt lat="46.579001" lon="13.297923">
				<ele>1762.000000</ele>
			</trkpt>
			<trkpt lat="46.579044" lon="13.298003">
				<ele>1760.000000</ele>
			</trkpt>
			<trkpt lat="46.579081" lon="13.298129">
				<ele>1759.000000</ele>
			</trkpt>
			<trkpt lat="46.579124" lon="13.298246">
				<ele>1758.000000</ele>
			</trkpt>
			<trkpt lat="46.579149" lon="13.298408">
				<ele>1757.000000</ele>
			</trkpt>
			<trkpt lat="46.579136" lon="13.298552">
				<ele>1757.000000</ele>
			</trkpt>
			<trkpt lat="46.579143" lon="13.298651">
				<ele>1756.000000</ele>
			</trkpt>
			<trkpt lat="46.579186" lon="13.298768">
				<ele>1755.000000</ele>
			</trkpt>
			<trkpt lat="46.579217" lon="13.298875">
				<ele>1754.000000</ele>
			</trkpt>
			<trkpt lat="46.579174" lon="13.299064">
				<ele>1753.000000</ele>
			</trkpt>
			<trkpt lat="46.579205" lon="13.299261">
				<ele>1752.000000</ele>
			</trkpt>
			<trkpt lat="46.579217" lon="13.299432">
				<ele>1751.000000</ele>
			</trkpt>
			<trkpt lat="46.579217" lon="13.299603">
				<ele>1750.000000</ele>
			</trkpt>
			<trkpt lat="46.579260" lon="13.299791">
				<ele>1748.000000</ele>
			</trkpt>
			<trkpt lat="46.579297" lon="13.299953">
				<ele>1745.000000</ele>
			</trkpt>
			<trkpt lat="46.579316" lon="13.300106">
				<ele>1744.000000</ele>
			</trkpt>
			<trkpt lat="46.579309" lon="13.300240">
				<ele>1742.000000</ele>
			</trkpt>
			<trkpt lat="46.579285" lon="13.300366">
				<ele>1740.000000</ele>
			</trkpt>
			<trkpt lat="46.579236" lon="13.300420">
				<ele>1739.000000</ele>
			</trkpt>
			<trkpt lat="46.579136" lon="13.300573">
				<ele>1736.000000</ele>
			</trkpt>
			<trkpt lat="46.579069" lon="13.300726">
				<ele>1733.000000</ele>
			</trkpt>
			<trkpt lat="46.579026" lon="13.300825">
				<ele>1732.000000</ele>
			</trkpt>
			<trkpt lat="46.578988" lon="13.301013">
				<ele>1728.000000</ele>
			</trkpt>
			<trkpt lat="46.578951" lon="13.301076">
				<ele>1726.000000</ele>
			</trkpt>
			<trkpt lat="46.578853" lon="13.301121">
				<ele>1722.000000</ele>
			</trkpt>
			<trkpt lat="46.578766" lon="13.301139">
				<ele>1719.000000</ele>
			</trkpt>
			<trkpt lat="46.578742" lon="13.301183">
				<ele>1718.000000</ele>
			</trkpt>
			<trkpt lat="46.578754" lon="13.301256">
				<ele>1716.000000</ele>
			</trkpt>
			<trkpt lat="46.578815" lon="13.301391">
				<ele>1712.000000</ele>
			</trkpt>
			<trkpt lat="46.578890" lon="13.301535">
				<ele>1708.000000</ele>
			</trkpt>
			<trkpt lat="46.578945" lon="13.301598">
				<ele>1706.000000</ele>
			</trkpt>
			<trkpt lat="46.579057" lon="13.301615">
				<ele>1702.000000</ele>
			</trkpt>
			<trkpt lat="46.579130" lon="13.301659">
				<ele>1700.000000</ele>
			</trkpt>
			<trkpt lat="46.579198" lon="13.301642">
				<ele>1700.000000</ele>
			</trkpt>
			<trkpt lat="46.579260" lon="13.301687">
				<ele>1698.000000</ele>
			</trkpt>
			<trkpt lat="46.579316" lon="13.301785">
				<ele>1697.000000</ele>
			</trkpt>
			<trkpt lat="46.579390" lon="13.301839">
				<ele>1696.000000</ele>
			</trkpt>
			<trkpt lat="46.579446" lon="13.301974">
				<ele>1694.000000</ele>
			</trkpt>
			<trkpt lat="46.579513" lon="13.302154">
				<ele>1692.000000</ele>
			</trkpt>
			<trkpt lat="46.579525" lon="13.302298">
				<ele>1690.000000</ele>
			</trkpt>
			<trkpt lat="46.579507" lon="13.302397">
				<ele>1687.000000</ele>
			</trkpt>
			<trkpt lat="46.579470" lon="13.302514">
				<ele>1682.000000</ele>
			</trkpt>
			<trkpt lat="46.579402" lon="13.302531">
				<ele>1679.000000</ele>
			</trkpt>
			<trkpt lat="46.579346" lon="13.302495">
				<ele>1676.000000</ele>
			</trkpt>
			<trkpt lat="46.579303" lon="13.302441">
				<ele>1673.000000</ele>
			</trkpt>
			<trkpt lat="46.579260" lon="13.302468">
				<ele>1671.000000</ele>
			</trkpt>
			<trkpt lat="46.579267" lon="13.302540">
				<ele>1669.000000</ele>
			</trkpt>
			<trkpt lat="46.579303" lon="13.302711">
				<ele>1665.000000</ele>
			</trkpt>
			<trkpt lat="46.579359" lon="13.302900">
				<ele>1660.000000</ele>
			</trkpt>
			<trkpt lat="46.579408" lon="13.303026">
				<ele>1657.000000</ele>
			</trkpt>
			<trkpt lat="46.579415" lon="13.303142">
				<ele>1655.000000</ele>
			</trkpt>
			<trkpt lat="46.579452" lon="13.303169">
				<ele>1654.000000</ele>
			</trkpt>
			<trkpt lat="46.579470" lon="13.303322">
				<ele>1651.000000</ele>
			</trkpt>
			<trkpt lat="46.579489" lon="13.303349">
				<ele>1651.000000</ele>
			</trkpt>
			<trkpt lat="46.579489" lon="13.303439">
				<ele>1649.000000</ele>
			</trkpt>
			<trkpt lat="46.579507" lon="13.303519">
				<ele>1648.000000</ele>
			</trkpt>
			<trkpt lat="46.579563" lon="13.303672">
				<ele>1645.000000</ele>
			</trkpt>
			<trkpt lat="46.579575" lon="13.303869">
				<ele>1641.000000</ele>
			</trkpt>
			<trkpt lat="46.579606" lon="13.303995">
				<ele>1639.000000</ele>
			</trkpt>
			<trkpt lat="46.579655" lon="13.304166">
				<ele>1638.000000</ele>
			</trkpt>
			<trkpt lat="46.579711" lon="13.304301">
				<ele>1636.000000</ele>
			</trkpt>
			<trkpt lat="46.579760" lon="13.304427">
				<ele>1635.000000</ele>
			</trkpt>
			<trkpt lat="46.579841" lon="13.304517">
				<ele>1633.000000</ele>
			</trkpt>
			<trkpt lat="46.579877" lon="13.304615">
				<ele>1632.000000</ele>
			</trkpt>
			<trkpt lat="46.579939" lon="13.304750">
				<ele>1630.000000</ele>
			</trkpt>
			<trkpt lat="46.580020" lon="13.304875">
				<ele>1629.000000</ele>
			</trkpt>
			<trkpt lat="46.580081" lon="13.305011">
				<ele>1627.000000</ele>
			</trkpt>
			<trkpt lat="46.580131" lon="13.305137">
				<ele>1625.000000</ele>
			</trkpt>
			<trkpt lat="46.580187" lon="13.305244">
				<ele>1624.000000</ele>
			</trkpt>
			<trkpt lat="46.580273" lon="13.305307">
				<ele>1622.000000</ele>
			</trkpt>
			<trkpt lat="46.580372" lon="13.305379">
				<ele>1621.000000</ele>
			</trkpt>
			<trkpt lat="46.580433" lon="13.305496">
				<ele>1618.000000</ele>
			</trkpt>
			<trkpt lat="46.580476" lon="13.305586">
				<ele>1615.000000</ele>
			</trkpt>
			<trkpt lat="46.580551" lon="13.305756">
				<ele>1610.000000</ele>
			</trkpt>
			<trkpt lat="46.580569" lon="13.305801">
				<ele>1609.000000</ele>
			</trkpt>
			<trkpt lat="46.580655" lon="13.305999">
				<ele>1604.000000</ele>
			</trkpt>
			<trkpt lat="46.580779" lon="13.306242">
				<ele>1598.000000</ele>
			</trkpt>
			<trkpt lat="46.580859" lon="13.306466">
				<ele>1595.000000</ele>
			</trkpt>
			<trkpt lat="46.580995" lon="13.306699">
				<ele>1590.000000</ele>
			</trkpt>
			<trkpt lat="46.581082" lon="13.306753">
				<ele>1590.000000</ele>
			</trkpt>
			<trkpt lat="46.581168" lon="13.306906">
				<ele>1588.000000</ele>
			</trkpt>
			<trkpt lat="46.581255" lon="13.307041">
				<ele>1585.000000</ele>
			</trkpt>
			<trkpt lat="46.581409" lon="13.307248">
				<ele>1581.000000</ele>
			</trkpt>
			<trkpt lat="46.581489" lon="13.307382">
				<ele>1578.000000</ele>
			</trkpt>
			<trkpt lat="46.581526" lon="13.307427">
				<ele>1577.000000</ele>
			</trkpt>
			<trkpt lat="46.581508" lon="13.307472">
				<ele>1576.000000</ele>
			</trkpt>
			<trkpt lat="46.581465" lon="13.307481">
				<ele>1574.000000</ele>
			</trkpt>
			<trkpt lat="46.581656" lon="13.307741">
				<ele>1570.000000</ele>
			</trkpt>
			<trkpt lat="46.581675" lon="13.307823">
				<ele>1569.000000</ele>
			</trkpt>
			<trkpt lat="46.581699" lon="13.307885">
				<ele>1568.000000</ele>
			</trkpt>
			<trkpt lat="46.581779" lon="13.308001">
				<ele>1566.000000</ele>
			</trkpt>
			<trkpt lat="46.581860" lon="13.308154">
				<ele>1564.000000</ele>
			</trkpt>
			<trkpt lat="46.581890" lon="13.308290">
				<ele>1562.000000</ele>
			</trkpt>
			<trkpt lat="46.581896" lon="13.308433">
				<ele>1560.000000</ele>
			</trkpt>
			<trkpt lat="46.581921" lon="13.308523">
				<ele>1559.000000</ele>
			</trkpt>
			<trkpt lat="46.582008" lon="13.308613">
				<ele>1558.000000</ele>
			</trkpt>
			<trkpt lat="46.582088" lon="13.308693">
				<ele>1557.000000</ele>
			</trkpt>
			<trkpt lat="46.582168" lon="13.308829">
				<ele>1556.000000</ele>
			</trkpt>
			<trkpt lat="46.582212" lon="13.308900">
				<ele>1555.000000</ele>
			</trkpt>
			<trkpt lat="46.582242" lon="13.308972">
				<ele>1555.000000</ele>
			</trkpt>
			<trkpt lat="46.582267" lon="13.309080">
				<ele>1554.000000</ele>
			</trkpt>
			<trkpt lat="46.582279" lon="13.309215">
				<ele>1553.000000</ele>
			</trkpt>
			<trkpt lat="46.582249" lon="13.309565">
				<ele>1551.000000</ele>
			</trkpt>
			<trkpt lat="46.582292" lon="13.309852">
				<ele>1549.000000</ele>
			</trkpt>
			<trkpt lat="46.582304" lon="13.309961">
				<ele>1548.000000</ele>
			</trkpt>
			<trkpt lat="46.582316" lon="13.310014">
				<ele>1548.000000</ele>
			</trkpt>
			<trkpt lat="46.582341" lon="13.310158">
				<ele>1547.000000</ele>
			</trkpt>
			<trkpt lat="46.582397" lon="13.310284">
				<ele>1546.000000</ele>
			</trkpt>
			<trkpt lat="46.582422" lon="13.310418">
				<ele>1545.000000</ele>
			</trkpt>
			<trkpt lat="46.582471" lon="13.310777">
				<ele>1542.000000</ele>
			</trkpt>
			<trkpt lat="46.582576" lon="13.311119">
				<ele>1540.000000</ele>
			</trkpt>
			<trkpt lat="46.582631" lon="13.311263">
				<ele>1538.000000</ele>
			</trkpt>
			<trkpt lat="46.582687" lon="13.311389">
				<ele>1537.000000</ele>
			</trkpt>
			<trkpt lat="46.582774" lon="13.311595">
				<ele>1535.000000</ele>
			</trkpt>
			<trkpt lat="46.582884" lon="13.311775">
				<ele>1533.000000</ele>
			</trkpt>
			<trkpt lat="46.582983" lon="13.311882">
				<ele>1531.000000</ele>
			</trkpt>
			<trkpt lat="46.583039" lon="13.311936">
				<ele>1531.000000</ele>
			</trkpt>
			<trkpt lat="46.583076" lon="13.311972">
				<ele>1530.000000</ele>
			</trkpt>
			<trkpt lat="46.583187" lon="13.312224">
				<ele>1528.000000</ele>
			</trkpt>
			<trkpt lat="46.583305" lon="13.312431">
				<ele>1527.000000</ele>
			</trkpt>
			<trkpt lat="46.583298" lon="13.312475">
				<ele>1526.000000</ele>
			</trkpt>
			<trkpt lat="46.583280" lon="13.312494">
				<ele>1526.000000</ele>
			</trkpt>
			<trkpt lat="46.583267" lon="13.312511">
				<ele>1526.000000</ele>
			</trkpt>
			<trkpt lat="46.583150" lon="13.312341">
				<ele>1524.000000</ele>
			</trkpt>
			<trkpt lat="46.583107" lon="13.312287">
				<ele>1524.000000</ele>
			</trkpt>
			<trkpt lat="46.583070" lon="13.312269">
				<ele>1524.000000</ele>
			</trkpt>
			<trkpt lat="46.583045" lon="13.312296">
				<ele>1523.000000</ele>
			</trkpt>
			<trkpt lat="46.583039" lon="13.312305">
				<ele>1523.000000</ele>
			</trkpt>
			<trkpt lat="46.582983" lon="13.312332">
				<ele>1523.000000</ele>
			</trkpt>
			<trkpt lat="46.582953" lon="13.312314">
				<ele>1522.000000</ele>
			</trkpt>
			<trkpt lat="46.582847" lon="13.312198">
				<ele>1521.000000</ele>
			</trkpt>
			<trkpt lat="46.582687" lon="13.312035">
				<ele>1520.000000</ele>
			</trkpt>
			<trkpt lat="46.582539" lon="13.311838">
				<ele>1518.000000</ele>
			</trkpt>
			<trkpt lat="46.582434" lon="13.311659">
				<ele>1516.000000</ele>
			</trkpt>
			<trkpt lat="46.582360" lon="13.311577">
				<ele>1515.000000</ele>
			</trkpt>
			<trkpt lat="46.582323" lon="13.311595">
				<ele>1515.000000</ele>
			</trkpt>
			<trkpt lat="46.582323" lon="13.311649">
				<ele>1515.000000</ele>
			</trkpt>
			<trkpt lat="46.582354" lon="13.311703">
				<ele>1514.000000</ele>
			</trkpt>
			<trkpt lat="46.582397" lon="13.311783">
				<ele>1513.000000</ele>
			</trkpt>
			<trkpt lat="46.582483" lon="13.311955">
				<ele>1512.000000</ele>
			</trkpt>
			<trkpt lat="46.582502" lon="13.312018">
				<ele>1512.000000</ele>
			</trkpt>
			<trkpt lat="46.582514" lon="13.312081">
				<ele>1511.000000</ele>
			</trkpt>
			<trkpt lat="46.582539" lon="13.312385">
				<ele>1509.000000</ele>
			</trkpt>
			<trkpt lat="46.582564" lon="13.312458">
				<ele>1508.000000</ele>
			</trkpt>
			<trkpt lat="46.582582" lon="13.312511">
				<ele>1508.000000</ele>
			</trkpt>
			<trkpt lat="46.582681" lon="13.312674">
				<ele>1506.000000</ele>
			</trkpt>
			<trkpt lat="46.582699" lon="13.312727">
				<ele>1506.000000</ele>
			</trkpt>
			<trkpt lat="46.582705" lon="13.312808">
				<ele>1505.000000</ele>
			</trkpt>
			<trkpt lat="46.582737" lon="13.312988">
				<ele>1504.000000</ele>
			</trkpt>
			<trkpt lat="46.582780" lon="13.313194">
				<ele>1503.000000</ele>
			</trkpt>
			<trkpt lat="46.582810" lon="13.313293">
				<ele>1502.000000</ele>
			</trkpt>
			<trkpt lat="46.582841" lon="13.313374">
				<ele>1501.000000</ele>
			</trkpt>
			<trkpt lat="46.582872" lon="13.313383">
				<ele>1501.000000</ele>
			</trkpt>
			<trkpt lat="46.582909" lon="13.313374">
				<ele>1500.000000</ele>
			</trkpt>
			<trkpt lat="46.582983" lon="13.313338">
				<ele>1500.000000</ele>
			</trkpt>
			<trkpt lat="46.583008" lon="13.313338">
				<ele>1499.000000</ele>
			</trkpt>
			<trkpt lat="46.583032" lon="13.313364">
				<ele>1499.000000</ele>
			</trkpt>
			<trkpt lat="46.583045" lon="13.313401">
				<ele>1499.000000</ele>
			</trkpt>
			<trkpt lat="46.583070" lon="13.313481">
				<ele>1498.000000</ele>
			</trkpt>
			<trkpt lat="46.583119" lon="13.313670">
				<ele>1497.000000</ele>
			</trkpt>
			<trkpt lat="46.583150" lon="13.313743">
				<ele>1496.000000</ele>
			</trkpt>
			<trkpt lat="46.583255" lon="13.313806">
				<ele>1495.000000</ele>
			</trkpt>
			<trkpt lat="46.583342" lon="13.313886">
				<ele>1494.000000</ele>
			</trkpt>
			<trkpt lat="46.583378" lon="13.313940">
				<ele>1493.000000</ele>
			</trkpt>
			<trkpt lat="46.583403" lon="13.314012">
				<ele>1493.000000</ele>
			</trkpt>
			<trkpt lat="46.583471" lon="13.314119">
				<ele>1492.000000</ele>
			</trkpt>
			<trkpt lat="46.583521" lon="13.314173">
				<ele>1491.000000</ele>
			</trkpt>
			<trkpt lat="46.583570" lon="13.314192">
				<ele>1491.000000</ele>
			</trkpt>
			<trkpt lat="46.583613" lon="13.314192">
				<ele>1490.000000</ele>
			</trkpt>
			<trkpt lat="46.583650" lon="13.314209">
				<ele>1490.000000</ele>
			</trkpt>
			<trkpt lat="46.583687" lon="13.314236">
				<ele>1490.000000</ele>
			</trkpt>
			<trkpt lat="46.583712" lon="13.314272">
				<ele>1490.000000</ele>
			</trkpt>
			<trkpt lat="46.583749" lon="13.314343">
				<ele>1490.000000</ele>
			</trkpt>
			<trkpt lat="46.583798" lon="13.314452">
				<ele>1490.000000</ele>
			</trkpt>
			<trkpt lat="46.583792" lon="13.314488">
				<ele>1490.000000</ele>
			</trkpt>
			<trkpt lat="46.583780" lon="13.314515">
				<ele>1490.000000</ele>
			</trkpt>
			<trkpt lat="46.583854" lon="13.314668">
				<ele>1490.000000</ele>
			</trkpt>
			<trkpt lat="46.583928" lon="13.314829">
				<ele>1490.000000</ele>
			</trkpt>
			<trkpt lat="46.584002" lon="13.314999">
				<ele>1491.000000</ele>
			</trkpt>
			<trkpt lat="46.584076" lon="13.315161">
				<ele>1491.000000</ele>
			</trkpt>
			<trkpt lat="46.584231" lon="13.315475">
				<ele>1493.000000</ele>
			</trkpt>
			<trkpt lat="46.584286" lon="13.315530">
				<ele>1494.000000</ele>
			</trkpt>
			<trkpt lat="46.584360" lon="13.315575">
				<ele>1494.000000</ele>
			</trkpt>
			<trkpt lat="46.584435" lon="13.315638">
				<ele>1495.000000</ele>
			</trkpt>
			<trkpt lat="46.584483" lon="13.315737">
				<ele>1495.000000</ele>
			</trkpt>
			<trkpt lat="46.584551" lon="13.315890">
				<ele>1496.000000</ele>
			</trkpt>
			<trkpt lat="46.584601" lon="13.316041">
				<ele>1497.000000</ele>
			</trkpt>
			<trkpt lat="46.584650" lon="13.316194">
				<ele>1497.000000</ele>
			</trkpt>
			<trkpt lat="46.584774" lon="13.316590">
				<ele>1499.000000</ele>
			</trkpt>
			<trkpt lat="46.584848" lon="13.316787">
				<ele>1500.000000</ele>
			</trkpt>
			<trkpt lat="46.584922" lon="13.316993">
				<ele>1500.000000</ele>
			</trkpt>
			<trkpt lat="46.585045" lon="13.317318">
				<ele>1500.000000</ele>
			</trkpt>
			<trkpt lat="46.585138" lon="13.317722">
				<ele>1500.000000</ele>
			</trkpt>
			<trkpt lat="46.585243" lon="13.318162">
				<ele>1500.000000</ele>
			</trkpt>
			<trkpt lat="46.585286" lon="13.318278">
				<ele>1500.000000</ele>
			</trkpt>
			<trkpt lat="46.585391" lon="13.318548">
				<ele>1500.000000</ele>
			</trkpt>
			<trkpt lat="46.585459" lon="13.318737">
				<ele>1500.000000</ele>
			</trkpt>
			<trkpt lat="46.585515" lon="13.318890">
				<ele>1500.000000</ele>
			</trkpt>
			<trkpt lat="46.585552" lon="13.318926">
				<ele>1500.000000</ele>
			</trkpt>
			<trkpt lat="46.585638" lon="13.318953">
				<ele>1500.000000</ele>
			</trkpt>
			<trkpt lat="46.585688" lon="13.318943">
				<ele>1500.000000</ele>
			</trkpt>
			<trkpt lat="46.585731" lon="13.318926">
				<ele>1500.000000</ele>
			</trkpt>
			<trkpt lat="46.585860" lon="13.318827">
				<ele>1500.000000</ele>
			</trkpt>
			<trkpt lat="46.585910" lon="13.318790">
				<ele>1500.000000</ele>
			</trkpt>
			<trkpt lat="46.585959" lon="13.318746">
				<ele>1500.000000</ele>
			</trkpt>
			<trkpt lat="46.586015" lon="13.318683">
				<ele>1500.000000</ele>
			</trkpt>
			<trkpt lat="46.586058" lon="13.318630">
				<ele>1500.000000</ele>
			</trkpt>
			<trkpt lat="46.586089" lon="13.318611">
				<ele>1500.000000</ele>
			</trkpt>
			<trkpt lat="46.586132" lon="13.318611">
				<ele>1500.000000</ele>
			</trkpt>
			<trkpt lat="46.586150" lon="13.318638">
				<ele>1500.000000</ele>
			</trkpt>
			<trkpt lat="46.586181" lon="13.318674">
				<ele>1499.000000</ele>
			</trkpt>
			<trkpt lat="46.586249" lon="13.318800">
				<ele>1499.000000</ele>
			</trkpt>
			<trkpt lat="46.586348" lon="13.319016">
				<ele>1498.000000</ele>
			</trkpt>
			<trkpt lat="46.586385" lon="13.319069">
				<ele>1498.000000</ele>
			</trkpt>
			<trkpt lat="46.586410" lon="13.319106">
				<ele>1498.000000</ele>
			</trkpt>
			<trkpt lat="46.586441" lon="13.319123">
				<ele>1498.000000</ele>
			</trkpt>
			<trkpt lat="46.586521" lon="13.319141">
				<ele>1498.000000</ele>
			</trkpt>
			<trkpt lat="46.586651" lon="13.319159">
				<ele>1497.000000</ele>
			</trkpt>
			<trkpt lat="46.586817" lon="13.319150">
				<ele>1496.000000</ele>
			</trkpt>
			<trkpt lat="46.586928" lon="13.319159">
				<ele>1496.000000</ele>
			</trkpt>
			<trkpt lat="46.587058" lon="13.319204">
				<ele>1496.000000</ele>
			</trkpt>
			<trkpt lat="46.587249" lon="13.319177">
				<ele>1495.000000</ele>
			</trkpt>
			<trkpt lat="46.587323" lon="13.319186">
				<ele>1495.000000</ele>
			</trkpt>
			<trkpt lat="46.587478" lon="13.319213">
				<ele>1494.000000</ele>
			</trkpt>
			<trkpt lat="46.587663" lon="13.319240">
				<ele>1493.000000</ele>
			</trkpt>
			<trkpt lat="46.587744" lon="13.319285">
				<ele>1493.000000</ele>
			</trkpt>
			<trkpt lat="46.587817" lon="13.319375">
				<ele>1493.000000</ele>
			</trkpt>
			<trkpt lat="46.587873" lon="13.319456">
				<ele>1492.000000</ele>
			</trkpt>
			<trkpt lat="46.587910" lon="13.319473">
				<ele>1492.000000</ele>
			</trkpt>
			<trkpt lat="46.587954" lon="13.319483">
				<ele>1492.000000</ele>
			</trkpt>
			<trkpt lat="46.587996" lon="13.319483">
				<ele>1492.000000</ele>
			</trkpt>
			<trkpt lat="46.588064" lon="13.319473">
				<ele>1492.000000</ele>
			</trkpt>
			<trkpt lat="46.588133" lon="13.319456">
				<ele>1491.000000</ele>
			</trkpt>
			<trkpt lat="46.588188" lon="13.319429">
				<ele>1491.000000</ele>
			</trkpt>
			<trkpt lat="46.588225" lon="13.319366">
				<ele>1491.000000</ele>
			</trkpt>
			<trkpt lat="46.588243" lon="13.319276">
				<ele>1491.000000</ele>
			</trkpt>
			<trkpt lat="46.588281" lon="13.319222">
				<ele>1490.000000</ele>
			</trkpt>
			<trkpt lat="46.588361" lon="13.319132">
				<ele>1490.000000</ele>
			</trkpt>
			<trkpt lat="46.588441" lon="13.319043">
				<ele>1489.000000</ele>
			</trkpt>
			<trkpt lat="46.588614" lon="13.318880">
				<ele>1488.000000</ele>
			</trkpt>
			<trkpt lat="46.588707" lon="13.318800">
				<ele>1487.000000</ele>
			</trkpt>
			<trkpt lat="46.588793" lon="13.318710">
				<ele>1486.000000</ele>
			</trkpt>
			<trkpt lat="46.588836" lon="13.318664">
				<ele>1485.000000</ele>
			</trkpt>
			<trkpt lat="46.588867" lon="13.318630">
				<ele>1485.000000</ele>
			</trkpt>
			<trkpt lat="46.588892" lon="13.318575">
				<ele>1485.000000</ele>
			</trkpt>
			<trkpt lat="46.588910" lon="13.318494">
				<ele>1484.000000</ele>
			</trkpt>
			<trkpt lat="46.588935" lon="13.318387">
				<ele>1484.000000</ele>
			</trkpt>
			<trkpt lat="46.588953" lon="13.318305">
				<ele>1483.000000</ele>
			</trkpt>
			<trkpt lat="46.588984" lon="13.318234">
				<ele>1483.000000</ele>
			</trkpt>
			<trkpt lat="46.589003" lon="13.318198">
				<ele>1482.000000</ele>
			</trkpt>
			<trkpt lat="46.589021" lon="13.318188">
				<ele>1482.000000</ele>
			</trkpt>
			<trkpt lat="46.589052" lon="13.318198">
				<ele>1482.000000</ele>
			</trkpt>
			<trkpt lat="46.589102" lon="13.318243">
				<ele>1481.000000</ele>
			</trkpt>
			<trkpt lat="46.589132" lon="13.318278">
				<ele>1481.000000</ele>
			</trkpt>
			<trkpt lat="46.589163" lon="13.318305">
				<ele>1481.000000</ele>
			</trkpt>
			<trkpt lat="46.589231" lon="13.318351">
				<ele>1480.000000</ele>
			</trkpt>
			<trkpt lat="46.589305" lon="13.318377">
				<ele>1480.000000</ele>
			</trkpt>
			<trkpt lat="46.589354" lon="13.318395">
				<ele>1479.000000</ele>
			</trkpt>
			<trkpt lat="46.589417" lon="13.318414">
				<ele>1478.000000</ele>
			</trkpt>
			<trkpt lat="46.589448" lon="13.318431">
				<ele>1478.000000</ele>
			</trkpt>
			<trkpt lat="46.589460" lon="13.318450">
				<ele>1478.000000</ele>
			</trkpt>
			<trkpt lat="46.589472" lon="13.318467">
				<ele>1477.000000</ele>
			</trkpt>
			<trkpt lat="46.589515" lon="13.318593">
				<ele>1476.000000</ele>
			</trkpt>
			<trkpt lat="46.589533" lon="13.318647">
				<ele>1476.000000</ele>
			</trkpt>
			<trkpt lat="46.589564" lon="13.318691">
				<ele>1475.000000</ele>
			</trkpt>
			<trkpt lat="46.589620" lon="13.318764">
				<ele>1475.000000</ele>
			</trkpt>
			<trkpt lat="46.589651" lon="13.318790">
				<ele>1474.000000</ele>
			</trkpt>
			<trkpt lat="46.589688" lon="13.318790">
				<ele>1474.000000</ele>
			</trkpt>
			<trkpt lat="46.589787" lon="13.318773">
				<ele>1473.000000</ele>
			</trkpt>
			<trkpt lat="46.589941" lon="13.318746">
				<ele>1471.000000</ele>
			</trkpt>
			<trkpt lat="46.589978" lon="13.318719">
				<ele>1471.000000</ele>
			</trkpt>
			<trkpt lat="46.590003" lon="13.318674">
				<ele>1470.000000</ele>
			</trkpt>
			<trkpt lat="46.590016" lon="13.318630">
				<ele>1470.000000</ele>
			</trkpt>
			<trkpt lat="46.590022" lon="13.318513">
				<ele>1469.000000</ele>
			</trkpt>
			<trkpt lat="46.590022" lon="13.318431">
				<ele>1468.000000</ele>
			</trkpt>
			<trkpt lat="46.590028" lon="13.318395">
				<ele>1468.000000</ele>
			</trkpt>
			<trkpt lat="46.590040" lon="13.318368">
				<ele>1468.000000</ele>
			</trkpt>
			<trkpt lat="46.590095" lon="13.318278">
				<ele>1467.000000</ele>
			</trkpt>
			<trkpt lat="46.590120" lon="13.318215">
				<ele>1467.000000</ele>
			</trkpt>
			<trkpt lat="46.590132" lon="13.318144">
				<ele>1466.000000</ele>
			</trkpt>
			<trkpt lat="46.590151" lon="13.318027">
				<ele>1465.000000</ele>
			</trkpt>
			<trkpt lat="46.590170" lon="13.317947">
				<ele>1465.000000</ele>
			</trkpt>
			<trkpt lat="46.590188" lon="13.317911">
				<ele>1464.000000</ele>
			</trkpt>
			<trkpt lat="46.590207" lon="13.317892">
				<ele>1464.000000</ele>
			</trkpt>
			<trkpt lat="46.590231" lon="13.317892">
				<ele>1464.000000</ele>
			</trkpt>
			<trkpt lat="46.590256" lon="13.317911">
				<ele>1464.000000</ele>
			</trkpt>
			<trkpt lat="46.590299" lon="13.318009">
				<ele>1463.000000</ele>
			</trkpt>
			<trkpt lat="46.590336" lon="13.318117">
				<ele>1462.000000</ele>
			</trkpt>
			<trkpt lat="46.590367" lon="13.318261">
				<ele>1461.000000</ele>
			</trkpt>
			<trkpt lat="46.590398" lon="13.318395">
				<ele>1460.000000</ele>
			</trkpt>
			<trkpt lat="46.590429" lon="13.318530">
				<ele>1460.000000</ele>
			</trkpt>
			<trkpt lat="46.590466" lon="13.318638">
				<ele>1460.000000</ele>
			</trkpt>
			<trkpt lat="46.590503" lon="13.318701">
				<ele>1460.000000</ele>
			</trkpt>
			<trkpt lat="46.590546" lon="13.318727">
				<ele>1460.000000</ele>
			</trkpt>
			<trkpt lat="46.590577" lon="13.318719">
				<ele>1460.000000</ele>
			</trkpt>
			<trkpt lat="46.590608" lon="13.318701">
				<ele>1460.000000</ele>
			</trkpt>
			<trkpt lat="46.590645" lon="13.318630">
				<ele>1460.000000</ele>
			</trkpt>
			<trkpt lat="46.590682" lon="13.318540">
				<ele>1460.000000</ele>
			</trkpt>
			<trkpt lat="46.590700" lon="13.318440">
				<ele>1460.000000</ele>
			</trkpt>
			<trkpt lat="46.590731" lon="13.318305">
				<ele>1460.000000</ele>
			</trkpt>
			<trkpt lat="46.590787" lon="13.318108">
				<ele>1460.000000</ele>
			</trkpt>
			<trkpt lat="46.590805" lon="13.318037">
				<ele>1460.000000</ele>
			</trkpt>
			<trkpt lat="46.590830" lon="13.317991">
				<ele>1460.000000</ele>
			</trkpt>
			<trkpt lat="46.590861" lon="13.317947">
				<ele>1460.000000</ele>
			</trkpt>
			<trkpt lat="46.590904" lon="13.317884">
				<ele>1460.000000</ele>
			</trkpt>
			<trkpt lat="46.591003" lon="13.317821">
				<ele>1460.000000</ele>
			</trkpt>
			<trkpt lat="46.591349" lon="13.318054">
				<ele>1460.000000</ele>
			</trkpt>
			<trkpt lat="46.591485" lon="13.318225">
				<ele>1460.000000</ele>
			</trkpt>
			<trkpt lat="46.591571" lon="13.318440">
				<ele>1460.000000</ele>
			</trkpt>
			<trkpt lat="46.591639" lon="13.318683">
				<ele>1460.000000</ele>
			</trkpt>
			<trkpt lat="46.591701" lon="13.319079">
				<ele>1460.000000</ele>
			</trkpt>
			<trkpt lat="46.592034" lon="13.318980">
				<ele>1460.000000</ele>
			</trkpt>
			<trkpt lat="46.592318" lon="13.319230">
				<ele>1458.000000</ele>
			</trkpt>
			<trkpt lat="46.592682" lon="13.319106">
				<ele>1456.000000</ele>
			</trkpt>
			<trkpt lat="46.592843" lon="13.319582">
				<ele>1455.000000</ele>
			</trkpt>
			<trkpt lat="46.593176" lon="13.319483">
				<ele>1453.000000</ele>
			</trkpt>
			<trkpt lat="46.593515" lon="13.319689">
				<ele>1452.000000</ele>
			</trkpt>
			<trkpt lat="46.593750" lon="13.320542">
				<ele>1445.000000</ele>
			</trkpt>
			<trkpt lat="46.593942" lon="13.320749">
				<ele>1440.000000</ele>
			</trkpt>
			<trkpt lat="46.594250" lon="13.321190">
				<ele>1435.000000</ele>
			</trkpt>
			<trkpt lat="46.594528" lon="13.322995">
				<ele>1416.000000</ele>
			</trkpt>
			<trkpt lat="46.594454" lon="13.323399">
				<ele>1413.000000</ele>
			</trkpt>
			<trkpt lat="46.594620" lon="13.324280">
				<ele>1404.000000</ele>
			</trkpt>
			<trkpt lat="46.594552" lon="13.325169">
				<ele>1396.000000</ele>
			</trkpt>
			<trkpt lat="46.594583" lon="13.325312">
				<ele>1394.000000</ele>
			</trkpt>
			<trkpt lat="46.594614" lon="13.325475">
				<ele>1393.000000</ele>
			</trkpt>
			<trkpt lat="46.594855" lon="13.324846">
				<ele>1385.000000</ele>
			</trkpt>
			<trkpt lat="46.595417" lon="13.322582">
				<ele>1362.000000</ele>
			</trkpt>
			<trkpt lat="46.595503" lon="13.322295">
				<ele>1360.000000</ele>
			</trkpt>
			<trkpt lat="46.595596" lon="13.322438">
				<ele>1358.000000</ele>
			</trkpt>
			<trkpt lat="46.595602" lon="13.322672">
				<ele>1355.000000</ele>
			</trkpt>
			<trkpt lat="46.595608" lon="13.322905">
				<ele>1353.000000</ele>
			</trkpt>
			<trkpt lat="46.595830" lon="13.324001">
				<ele>1341.000000</ele>
			</trkpt>
			<trkpt lat="46.595947" lon="13.324872">
				<ele>1333.000000</ele>
			</trkpt>
			<trkpt lat="46.595602" lon="13.326597">
				<ele>1316.000000</ele>
			</trkpt>
			<trkpt lat="46.595281" lon="13.327836">
				<ele>1303.000000</ele>
			</trkpt>
			<trkpt lat="46.595059" lon="13.328699">
				<ele>1295.000000</ele>
			</trkpt>
			<trkpt lat="46.594886" lon="13.329507">
				<ele>1287.000000</ele>
			</trkpt>
			<trkpt lat="46.594849" lon="13.329679">
				<ele>1285.000000</ele>
			</trkpt>
			<trkpt lat="46.594935" lon="13.329651">
				<ele>1284.000000</ele>
			</trkpt>
			<trkpt lat="46.595188" lon="13.329346">
				<ele>1279.000000</ele>
			</trkpt>
			<trkpt lat="46.595608" lon="13.329203">
				<ele>1274.000000</ele>
			</trkpt>
			<trkpt lat="46.595892" lon="13.329167">
				<ele>1270.000000</ele>
			</trkpt>
			<trkpt lat="46.596139" lon="13.329230">
				<ele>1269.000000</ele>
			</trkpt>
			<trkpt lat="46.596207" lon="13.329301">
				<ele>1268.000000</ele>
			</trkpt>
			<trkpt lat="46.596207" lon="13.329364">
				<ele>1268.000000</ele>
			</trkpt>
			<trkpt lat="46.595645" lon="13.329993">
				<ele>1264.000000</ele>
			</trkpt>
			<trkpt lat="46.595442" lon="13.330299">
				<ele>1262.000000</ele>
			</trkpt>
			<trkpt lat="46.595435" lon="13.330370">
				<ele>1262.000000</ele>
			</trkpt>
			<trkpt lat="46.595361" lon="13.331169">
				<ele>1258.000000</ele>
			</trkpt>
			<trkpt lat="46.595466" lon="13.331915">
				<ele>1254.000000</ele>
			</trkpt>
			<trkpt lat="46.595521" lon="13.332149">
				<ele>1253.000000</ele>
			</trkpt>
			<trkpt lat="46.595577" lon="13.332383">
				<ele>1252.000000</ele>
			</trkpt>
			<trkpt lat="46.595546" lon="13.332912">
				<ele>1248.000000</ele>
			</trkpt>
			<trkpt lat="46.595540" lon="13.333173">
				<ele>1246.000000</ele>
			</trkpt>
			<trkpt lat="46.595806" lon="13.334673">
				<ele>1229.000000</ele>
			</trkpt>
			<trkpt lat="46.595954" lon="13.335104">
				<ele>1223.000000</ele>
			</trkpt>
			<trkpt lat="46.596065" lon="13.335545">
				<ele>1219.000000</ele>
			</trkpt>
			<trkpt lat="46.596151" lon="13.336048">
				<ele>1214.000000</ele>
			</trkpt>
			<trkpt lat="46.596528" lon="13.336874">
				<ele>1203.000000</ele>
			</trkpt>
			<trkpt lat="46.596657" lon="13.337107">
				<ele>1200.000000</ele>
			</trkpt>
			<trkpt lat="46.596824" lon="13.337188">
				<ele>1197.000000</ele>
			</trkpt>
			<trkpt lat="46.597089" lon="13.337107">
				<ele>1193.000000</ele>
			</trkpt>
			<trkpt lat="46.597158" lon="13.337180">
				<ele>1191.000000</ele>
			</trkpt>
			<trkpt lat="46.597176" lon="13.338482">
				<ele>1169.000000</ele>
			</trkpt>
			<trkpt lat="46.597207" lon="13.340359">
				<ele>1148.000000</ele>
			</trkpt>
			<trkpt lat="46.597058" lon="13.341051">
				<ele>1138.000000</ele>
			</trkpt>
			<trkpt lat="46.596645" lon="13.342983">
				<ele>1112.000000</ele>
			</trkpt>
			<trkpt lat="46.596355" lon="13.345193">
				<ele>1080.000000</ele>
			</trkpt>
			<trkpt lat="46.596386" lon="13.346639">
				<ele>1050.000000</ele>
			</trkpt>
			<trkpt lat="46.596793" lon="13.346962">
				<ele>1055.000000</ele>
			</trkpt>
			<trkpt lat="46.597200" lon="13.347277">
				<ele>1060.000000</ele>
			</trkpt>
			<trkpt lat="46.598071" lon="13.347132">
				<ele>1022.000000</ele>
			</trkpt>
			<trkpt lat="46.598509" lon="13.347465">
				<ele>989.000000</ele>
			</trkpt>
			<trkpt lat="46.598626" lon="13.347725">
				<ele>977.000000</ele>
			</trkpt>
			<trkpt lat="46.598997" lon="13.348084">
				<ele>958.000000</ele>
			</trkpt>
			<trkpt lat="46.599182" lon="13.348713">
				<ele>949.000000</ele>
			</trkpt>
			<trkpt lat="46.599386" lon="13.349036">
				<ele>943.000000</ele>
			</trkpt>
			<trkpt lat="46.599417" lon="13.349028">
				<ele>943.000000</ele>
			</trkpt>
			<trkpt lat="46.599435" lon="13.348956">
				<ele>942.000000</ele>
			</trkpt>
			<trkpt lat="46.599490" lon="13.348885">
				<ele>940.000000</ele>
			</trkpt>
			<trkpt lat="46.599534" lon="13.348803">
				<ele>938.000000</ele>
			</trkpt>
			<trkpt lat="46.599645" lon="13.348857">
				<ele>935.000000</ele>
			</trkpt>
			<trkpt lat="46.599682" lon="13.348902">
				<ele>933.000000</ele>
			</trkpt>
			<trkpt lat="46.599725" lon="13.348992">
				<ele>931.000000</ele>
			</trkpt>
			<trkpt lat="46.599756" lon="13.349082">
				<ele>929.000000</ele>
			</trkpt>
			<trkpt lat="46.599824" lon="13.349235">
				<ele>925.000000</ele>
			</trkpt>
			<trkpt lat="46.599898" lon="13.349378">
				<ele>921.000000</ele>
			</trkpt>
			<trkpt lat="46.600003" lon="13.349558">
				<ele>919.000000</ele>
			</trkpt>
			<trkpt lat="46.600083" lon="13.349728">
				<ele>919.000000</ele>
			</trkpt>
			<trkpt lat="46.600157" lon="13.349872">
				<ele>918.000000</ele>
			</trkpt>
			<trkpt lat="46.600182" lon="13.349981">
				<ele>918.000000</ele>
			</trkpt>
			<trkpt lat="46.600188" lon="13.350250">
				<ele>917.000000</ele>
			</trkpt>
			<trkpt lat="46.600231" lon="13.350384">
				<ele>916.000000</ele>
			</trkpt>
			<trkpt lat="46.600274" lon="13.350573">
				<ele>915.000000</ele>
			</trkpt>
			<trkpt lat="46.600299" lon="13.350636">
				<ele>915.000000</ele>
			</trkpt>
			<trkpt lat="46.600355" lon="13.350744">
				<ele>915.000000</ele>
			</trkpt>
			<trkpt lat="46.600386" lon="13.350807">
				<ele>914.000000</ele>
			</trkpt>
			<trkpt lat="46.600386" lon="13.351149">
				<ele>913.000000</ele>
			</trkpt>
			<trkpt lat="46.600330" lon="13.351453">
				<ele>912.000000</ele>
			</trkpt>
			<trkpt lat="46.600336" lon="13.351885">
				<ele>910.000000</ele>
			</trkpt>
			<trkpt lat="46.600398" lon="13.352199">
				<ele>907.000000</ele>
			</trkpt>
			<trkpt lat="46.600416" lon="13.352495">
				<ele>903.000000</ele>
			</trkpt>
			<trkpt lat="46.600441" lon="13.352765">
				<ele>900.000000</ele>
			</trkpt>
			<trkpt lat="46.600490" lon="13.352908">
				<ele>897.000000</ele>
			</trkpt>
			<trkpt lat="46.600465" lon="13.353017">
				<ele>895.000000</ele>
			</trkpt>
			<trkpt lat="46.600577" lon="13.353044">
				<ele>892.000000</ele>
			</trkpt>
			<trkpt lat="46.600602" lon="13.353070">
				<ele>892.000000</ele>
			</trkpt>
			<trkpt lat="46.600694" lon="13.353124">
				<ele>889.000000</ele>
			</trkpt>
			<trkpt lat="46.600663" lon="13.353197">
				<ele>886.000000</ele>
			</trkpt>
			<trkpt lat="46.600688" lon="13.353260">
				<ele>884.000000</ele>
			</trkpt>
			<trkpt lat="46.600688" lon="13.353313">
				<ele>883.000000</ele>
			</trkpt>
			<trkpt lat="46.600713" lon="13.353376">
				<ele>881.000000</ele>
			</trkpt>
			<trkpt lat="46.600731" lon="13.353510">
				<ele>879.000000</ele>
			</trkpt>
			<trkpt lat="46.600719" lon="13.353591">
				<ele>877.000000</ele>
			</trkpt>
			<trkpt lat="46.600737" lon="13.353636">
				<ele>876.000000</ele>
			</trkpt>
			<trkpt lat="46.600725" lon="13.353717">
				<ele>875.000000</ele>
			</trkpt>
			<trkpt lat="46.600737" lon="13.353789">
				<ele>874.000000</ele>
			</trkpt>
			<trkpt lat="46.600706" lon="13.353960">
				<ele>871.000000</ele>
			</trkpt>
			<trkpt lat="46.600713" lon="13.354013">
				<ele>870.000000</ele>
			</trkpt>
			<trkpt lat="46.600719" lon="13.354059">
				<ele>870.000000</ele>
			</trkpt>
			<trkpt lat="46.600756" lon="13.354166">
				<ele>868.000000</ele>
			</trkpt>
			<trkpt lat="46.600762" lon="13.354229">
				<ele>867.000000</ele>
			</trkpt>
			<trkpt lat="46.600756" lon="13.354310">
				<ele>866.000000</ele>
			</trkpt>
			<trkpt lat="46.600768" lon="13.354391">
				<ele>864.000000</ele>
			</trkpt>
			<trkpt lat="46.600750" lon="13.354481">
				<ele>863.000000</ele>
			</trkpt>
			<trkpt lat="46.600775" lon="13.354579">
				<ele>861.000000</ele>
			</trkpt>
			<trkpt lat="46.600768" lon="13.354589">
				<ele>861.000000</ele>
			</trkpt>
			<trkpt lat="46.600947" lon="13.354965">
				<ele>849.000000</ele>
			</trkpt>
			<trkpt lat="46.601039" lon="13.355227">
				<ele>843.000000</ele>
			</trkpt>
			<trkpt lat="46.601101" lon="13.355433">
				<ele>839.000000</ele>
			</trkpt>
			<trkpt lat="46.601133" lon="13.355558">
				<ele>837.000000</ele>
			</trkpt>
			<trkpt lat="46.601139" lon="13.355784">
				<ele>834.000000</ele>
			</trkpt>
			<trkpt lat="46.601089" lon="13.355828">
				<ele>832.000000</ele>
			</trkpt>
			<trkpt lat="46.601114" lon="13.355864">
				<ele>832.000000</ele>
			</trkpt>
			<trkpt lat="46.601101" lon="13.355954">
				<ele>830.000000</ele>
			</trkpt>
			<trkpt lat="46.601126" lon="13.356026">
				<ele>829.000000</ele>
			</trkpt>
			<trkpt lat="46.601169" lon="13.356053">
				<ele>828.000000</ele>
			</trkpt>
			<trkpt lat="46.601218" lon="13.355981">
				<ele>826.000000</ele>
			</trkpt>
			<trkpt lat="46.601274" lon="13.355944">
				<ele>825.000000</ele>
			</trkpt>
			<trkpt lat="46.601280" lon="13.355910">
				<ele>824.000000</ele>
			</trkpt>
			<trkpt lat="46.601287" lon="13.355855">
				<ele>824.000000</ele>
			</trkpt>
			<trkpt lat="46.601274" lon="13.355774">
				<ele>822.000000</ele>
			</trkpt>
			<trkpt lat="46.601280" lon="13.355684">
				<ele>821.000000</ele>
			</trkpt>
			<trkpt lat="46.601280" lon="13.355648">
				<ele>820.000000</ele>
			</trkpt>
			<trkpt lat="46.601293" lon="13.355604">
				<ele>819.000000</ele>
			</trkpt>
			<trkpt lat="46.601324" lon="13.355558">
				<ele>818.000000</ele>
			</trkpt>
			<trkpt lat="46.601367" lon="13.355451">
				<ele>815.000000</ele>
			</trkpt>
			<trkpt lat="46.601373" lon="13.355397">
				<ele>814.000000</ele>
			</trkpt>
			<trkpt lat="46.601601" lon="13.355109">
				<ele>806.000000</ele>
			</trkpt>
			<trkpt lat="46.601663" lon="13.354939">
				<ele>802.000000</ele>
			</trkpt>
			<trkpt lat="46.601719" lon="13.354723">
				<ele>800.000000</ele>
			</trkpt>
			<trkpt lat="46.601780" lon="13.354615">
				<ele>799.000000</ele>
			</trkpt>
			<trkpt lat="46.601873" lon="13.354463">
				<ele>798.000000</ele>
			</trkpt>
			<trkpt lat="46.601904" lon="13.354688">
				<ele>792.000000</ele>
			</trkpt>
			<trkpt lat="46.601904" lon="13.354768">
				<ele>790.000000</ele>
			</trkpt>
			<trkpt lat="46.601923" lon="13.354868">
				<ele>788.000000</ele>
			</trkpt>
			<trkpt lat="46.601898" lon="13.354965">
				<ele>785.000000</ele>
			</trkpt>
			<trkpt lat="46.601916" lon="13.355028">
				<ele>783.000000</ele>
			</trkpt>
			<trkpt lat="46.601929" lon="13.355118">
				<ele>781.000000</ele>
			</trkpt>
			<trkpt lat="46.601965" lon="13.355208">
				<ele>779.000000</ele>
			</trkpt>
			<trkpt lat="46.601990" lon="13.355307">
				<ele>777.000000</ele>
			</trkpt>
			<trkpt lat="46.601984" lon="13.355334">
				<ele>776.000000</ele>
			</trkpt>
			<trkpt lat="46.602002" lon="13.355352">
				<ele>775.000000</ele>
			</trkpt>
			<trkpt lat="46.602058" lon="13.355298">
				<ele>773.000000</ele>
			</trkpt>
			<trkpt lat="46.602126" lon="13.355289">
				<ele>771.000000</ele>
			</trkpt>
			<trkpt lat="46.602138" lon="13.355325">
				<ele>770.000000</ele>
			</trkpt>
			<trkpt lat="46.602150" lon="13.355361">
				<ele>769.000000</ele>
			</trkpt>
			<trkpt lat="46.602126" lon="13.355550">
				<ele>766.000000</ele>
			</trkpt>
			<trkpt lat="46.602052" lon="13.355703">
				<ele>762.000000</ele>
			</trkpt>
			<trkpt lat="46.601984" lon="13.356026">
				<ele>759.000000</ele>
			</trkpt>
			<trkpt lat="46.601848" lon="13.356843">
				<ele>754.000000</ele>
			</trkpt>
			<trkpt lat="46.601873" lon="13.357076">
				<ele>752.000000</ele>
			</trkpt>
			<trkpt lat="46.602033" lon="13.357409">
				<ele>750.000000</ele>
			</trkpt>
			<trkpt lat="46.602108" lon="13.357724">
				<ele>748.000000</ele>
			</trkpt>
			<trkpt lat="46.602033" lon="13.357921">
				<ele>747.000000</ele>
			</trkpt>
			<trkpt lat="46.602021" lon="13.358092">
				<ele>746.000000</ele>
			</trkpt>
			<trkpt lat="46.601910" lon="13.358793">
				<ele>743.000000</ele>
			</trkpt>
			<trkpt lat="46.601879" lon="13.359107">
				<ele>742.000000</ele>
			</trkpt>
			<trkpt lat="46.601904" lon="13.359179">
				<ele>741.000000</ele>
			</trkpt>
			<trkpt lat="46.601916" lon="13.359286">
				<ele>741.000000</ele>
			</trkpt>
			<trkpt lat="46.601935" lon="13.359386">
				<ele>740.000000</ele>
			</trkpt>
			<trkpt lat="46.601947" lon="13.359422">
				<ele>740.000000</ele>
			</trkpt>
			<trkpt lat="46.602021" lon="13.359476">
				<ele>738.000000</ele>
			</trkpt>
			<trkpt lat="46.602077" lon="13.359512">
				<ele>737.000000</ele>
			</trkpt>
			<trkpt lat="46.602095" lon="13.359592">
				<ele>736.000000</ele>
			</trkpt>
			<trkpt lat="46.602126" lon="13.359682">
				<ele>734.000000</ele>
			</trkpt>
			<trkpt lat="46.602194" lon="13.359726">
				<ele>732.000000</ele>
			</trkpt>
			<trkpt lat="46.602249" lon="13.359772">
				<ele>731.000000</ele>
			</trkpt>
			<trkpt lat="46.602311" lon="13.359808">
				<ele>729.000000</ele>
			</trkpt>
			<trkpt lat="46.602373" lon="13.359844">
				<ele>728.000000</ele>
			</trkpt>
			<trkpt lat="46.602435" lon="13.359808">
				<ele>727.000000</ele>
			</trkpt>
			<trkpt lat="46.602509" lon="13.359781">
				<ele>725.000000</ele>
			</trkpt>
			<trkpt lat="46.602545" lon="13.359781">
				<ele>724.000000</ele>
			</trkpt>
			<trkpt lat="46.602583" lon="13.359835">
				<ele>723.000000</ele>
			</trkpt>
			<trkpt lat="46.602595" lon="13.359915">
				<ele>722.000000</ele>
			</trkpt>
			<trkpt lat="46.602607" lon="13.360023">
				<ele>720.000000</ele>
			</trkpt>
			<trkpt lat="46.602651" lon="13.360202">
				<ele>718.000000</ele>
			</trkpt>
			<trkpt lat="46.602694" lon="13.360365">
				<ele>717.000000</ele>
			</trkpt>
			<trkpt lat="46.602743" lon="13.360481">
				<ele>715.000000</ele>
			</trkpt>
			<trkpt lat="46.602768" lon="13.360554">
				<ele>715.000000</ele>
			</trkpt>
			<trkpt lat="46.602823" lon="13.360841">
				<ele>712.000000</ele>
			</trkpt>
			<trkpt lat="46.602823" lon="13.360904">
				<ele>711.000000</ele>
			</trkpt>
			<trkpt lat="46.602836" lon="13.360967">
				<ele>711.000000</ele>
			</trkpt>
			<trkpt lat="46.602836" lon="13.360984">
				<ele>710.000000</ele>
			</trkpt>
			<trkpt lat="46.602922" lon="13.361093">
				<ele>708.000000</ele>
			</trkpt>
			<trkpt lat="46.603002" lon="13.361128">
				<ele>707.000000</ele>
			</trkpt>
			<trkpt lat="46.603046" lon="13.361218">
				<ele>705.000000</ele>
			</trkpt>
			<trkpt lat="46.603077" lon="13.361326">
				<ele>704.000000</ele>
			</trkpt>
			<trkpt lat="46.603077" lon="13.361407">
				<ele>703.000000</ele>
			</trkpt>
			<trkpt lat="46.603144" lon="13.361514">
				<ele>701.000000</ele>
			</trkpt>
			<trkpt lat="46.603206" lon="13.361604">
				<ele>699.000000</ele>
			</trkpt>
			<trkpt lat="46.603231" lon="13.361730">
				<ele>698.000000</ele>
			</trkpt>
			<trkpt lat="46.603206" lon="13.361829">
				<ele>697.000000</ele>
			</trkpt>
			<trkpt lat="46.603212" lon="13.362000">
				<ele>696.000000</ele>
			</trkpt>
			<trkpt lat="46.603200" lon="13.362072">
				<ele>695.000000</ele>
			</trkpt>
			<trkpt lat="46.603219" lon="13.362206">
				<ele>694.000000</ele>
			</trkpt>
			<trkpt lat="46.603157" lon="13.362359">
				<ele>692.000000</ele>
			</trkpt>
			<trkpt lat="46.603231" lon="13.362512">
				<ele>691.000000</ele>
			</trkpt>
			<trkpt lat="46.603243" lon="13.362808">
				<ele>686.000000</ele>
			</trkpt>
			<trkpt lat="46.603219" lon="13.362979">
				<ele>683.000000</ele>
			</trkpt>
			<trkpt lat="46.603231" lon="13.363024">
				<ele>682.000000</ele>
			</trkpt>
			<trkpt lat="46.603225" lon="13.363060">
				<ele>681.000000</ele>
			</trkpt>
			<trkpt lat="46.603237" lon="13.363131">
				<ele>680.000000</ele>
			</trkpt>
			<trkpt lat="46.603268" lon="13.363212">
				<ele>679.000000</ele>
			</trkpt>
			<trkpt lat="46.603317" lon="13.363221">
				<ele>678.000000</ele>
			</trkpt>
			<trkpt lat="46.603360" lon="13.363141">
				<ele>677.000000</ele>
			</trkpt>
			<trkpt lat="46.603410" lon="13.363105">
				<ele>677.000000</ele>
			</trkpt>
			<trkpt lat="46.603514" lon="13.362952">
				<ele>674.000000</ele>
			</trkpt>
			<trkpt lat="46.603570" lon="13.362889">
				<ele>673.000000</ele>
			</trkpt>
			<trkpt lat="46.603601" lon="13.362799">
				<ele>673.000000</ele>
			</trkpt>
			<trkpt lat="46.603675" lon="13.362728">
				<ele>671.000000</ele>
			</trkpt>
			<trkpt lat="46.603774" lon="13.362583">
				<ele>669.000000</ele>
			</trkpt>
			<trkpt lat="46.603928" lon="13.362323">
				<ele>666.000000</ele>
			</trkpt>
			<trkpt lat="46.604021" lon="13.362206">
				<ele>664.000000</ele>
			</trkpt>
			<trkpt lat="46.604070" lon="13.361990">
				<ele>662.000000</ele>
			</trkpt>
			<trkpt lat="46.604138" lon="13.361784">
				<ele>660.000000</ele>
			</trkpt>
			<trkpt lat="46.604150" lon="13.361694">
				<ele>659.000000</ele>
			</trkpt>
			<trkpt lat="46.604119" lon="13.361497">
				<ele>658.000000</ele>
			</trkpt>
			<trkpt lat="46.604317" lon="13.361550">
				<ele>655.000000</ele>
			</trkpt>
			<trkpt lat="46.604416" lon="13.361847">
				<ele>652.000000</ele>
			</trkpt>
			<trkpt lat="46.604477" lon="13.362359">
				<ele>647.000000</ele>
			</trkpt>
			<trkpt lat="46.604440" lon="13.362898">
				<ele>640.000000</ele>
			</trkpt>
			<trkpt lat="46.604225" lon="13.363581">
				<ele>632.000000</ele>
			</trkpt>
			<trkpt lat="46.604039" lon="13.363967">
				<ele>627.000000</ele>
			</trkpt>
			<trkpt lat="46.603953" lon="13.364497">
				<ele>621.000000</ele>
			</trkpt>
			<trkpt lat="46.603909" lon="13.365252">
				<ele>614.000000</ele>
			</trkpt>
			<trkpt lat="46.603824" lon="13.365665">
				<ele>610.000000</ele>
			</trkpt>
			<trkpt lat="46.603848" lon="13.365835">
				<ele>609.000000</ele>
			</trkpt>
			<trkpt lat="46.603860" lon="13.365881">
				<ele>609.000000</ele>
			</trkpt>
			<trkpt lat="46.603903" lon="13.365934">
				<ele>609.000000</ele>
			</trkpt>
			<trkpt lat="46.603959" lon="13.365979">
				<ele>609.000000</ele>
			</trkpt>
			<trkpt lat="46.604015" lon="13.365997">
				<ele>608.000000</ele>
			</trkpt>
			<trkpt lat="46.604163" lon="13.365997">
				<ele>608.000000</ele>
			</trkpt>
			<trkpt lat="46.604267" lon="13.365997">
				<ele>607.000000</ele>
			</trkpt>
			<trkpt lat="46.604273" lon="13.366068">
				<ele>607.000000</ele>
			</trkpt>
			<trkpt lat="46.604225" lon="13.366276">
				<ele>606.000000</ele>
			</trkpt>
			<trkpt lat="46.604169" lon="13.366626">
				<ele>605.000000</ele>
			</trkpt>
			<trkpt lat="46.604169" lon="13.366734">
				<ele>605.000000</ele>
			</trkpt>
			<trkpt lat="46.604280" lon="13.366976">
				<ele>604.000000</ele>
			</trkpt>
			<trkpt lat="46.604323" lon="13.367084">
				<ele>603.000000</ele>
			</trkpt>
			<trkpt lat="46.604471" lon="13.367139">
				<ele>603.000000</ele>
			</trkpt>
			<trkpt lat="46.604595" lon="13.367192">
				<ele>603.000000</ele>
			</trkpt>
			<trkpt lat="46.604891" lon="13.367435">
				<ele>602.000000</ele>
			</trkpt>
			<trkpt lat="46.605200" lon="13.367479">
				<ele>601.000000</ele>
			</trkpt>
			<trkpt lat="46.605897" lon="13.367372">
				<ele>599.000000</ele>
			</trkpt>
			<trkpt lat="46.606033" lon="13.367353">
				<ele>599.000000</ele>
			</trkpt>
			<trkpt lat="46.606298" lon="13.367129">
				<ele>597.000000</ele>
			</trkpt>
			<trkpt lat="46.606360" lon="13.367102">
				<ele>597.000000</ele>
			</trkpt>
			<trkpt lat="46.606415" lon="13.367110">
				<ele>597.000000</ele>
			</trkpt>
			<trkpt lat="46.606619" lon="13.367110">
				<ele>596.000000</ele>
			</trkpt>
			<trkpt lat="46.606742" lon="13.367076">
				<ele>595.000000</ele>
			</trkpt>
			<trkpt lat="46.606866" lon="13.367013">
				<ele>595.000000</ele>
			</trkpt>
			<trkpt lat="46.607020" lon="13.366904">
				<ele>594.000000</ele>
			</trkpt>
			<trkpt lat="46.607199" lon="13.366841">
				<ele>593.000000</ele>
			</trkpt>
			<trkpt lat="46.607452" lon="13.366797">
				<ele>592.000000</ele>
			</trkpt>
			<trkpt lat="46.607915" lon="13.366697">
				<ele>590.000000</ele>
			</trkpt>
			<trkpt lat="46.608334" lon="13.366671">
				<ele>589.000000</ele>
			</trkpt>
			<trkpt lat="46.608656" lon="13.366644">
				<ele>588.000000</ele>
			</trkpt>
			<trkpt lat="46.608853" lon="13.366634">
				<ele>587.000000</ele>
			</trkpt>
			<trkpt lat="46.608977" lon="13.366617">
				<ele>587.000000</ele>
			</trkpt>
			<trkpt lat="46.609100" lon="13.366573">
				<ele>586.000000</ele>
			</trkpt>
			<trkpt lat="46.609155" lon="13.366510">
				<ele>586.000000</ele>
			</trkpt>
			<trkpt lat="46.609260" lon="13.366374">
				<ele>586.000000</ele>
			</trkpt>
			<trkpt lat="46.609334" lon="13.366284">
				<ele>585.000000</ele>
			</trkpt>
			<trkpt lat="46.609427" lon="13.366186">
				<ele>585.000000</ele>
			</trkpt>
			<trkpt lat="46.609557" lon="13.366097">
				<ele>585.000000</ele>
			</trkpt>
			<trkpt lat="46.609804" lon="13.365988">
				<ele>584.000000</ele>
			</trkpt>
			<trkpt lat="46.609983" lon="13.365961">
				<ele>583.000000</ele>
			</trkpt>
			<trkpt lat="46.610192" lon="13.365961">
				<ele>583.000000</ele>
			</trkpt>
			<trkpt lat="46.610359" lon="13.365934">
				<ele>582.000000</ele>
			</trkpt>
			<trkpt lat="46.610649" lon="13.365871">
				<ele>581.000000</ele>
			</trkpt>
			<trkpt lat="46.610791" lon="13.365827">
				<ele>581.000000</ele>
			</trkpt>
			<trkpt lat="46.610951" lon="13.365772">
				<ele>580.000000</ele>
			</trkpt>
			<trkpt lat="46.611062" lon="13.365755">
				<ele>580.000000</ele>
			</trkpt>
			<trkpt lat="46.611149" lon="13.365781">
				<ele>580.000000</ele>
			</trkpt>
			<trkpt lat="46.611229" lon="13.365827">
				<ele>580.000000</ele>
			</trkpt>
			<trkpt lat="46.611291" lon="13.365881">
				<ele>580.000000</ele>
			</trkpt>
			<trkpt lat="46.611365" lon="13.365925">
				<ele>580.000000</ele>
			</trkpt>
			<trkpt lat="46.611501" lon="13.365979">
				<ele>580.000000</ele>
			</trkpt>
			<trkpt lat="46.611580" lon="13.365979">
				<ele>580.000000</ele>
			</trkpt>
			<trkpt lat="46.611877" lon="13.365997">
				<ele>580.000000</ele>
			</trkpt>
			<trkpt lat="46.612592" lon="13.366078">
				<ele>580.000000</ele>
			</trkpt>
			<trkpt lat="46.612784" lon="13.366105">
				<ele>580.000000</ele>
			</trkpt>
			<trkpt lat="46.612821" lon="13.366114">
				<ele>580.000000</ele>
			</trkpt>
			<trkpt lat="46.612963" lon="13.366141">
				<ele>580.000000</ele>
			</trkpt>
			<trkpt lat="46.613518" lon="13.366240">
				<ele>580.000000</ele>
			</trkpt>
			<trkpt lat="46.613574" lon="13.366248">
				<ele>580.000000</ele>
			</trkpt>
			<trkpt lat="46.613987" lon="13.366258">
				<ele>580.000000</ele>
			</trkpt>
			<trkpt lat="46.614068" lon="13.366258">
				<ele>580.000000</ele>
			</trkpt>
			<trkpt lat="46.614308" lon="13.366248">
				<ele>580.000000</ele>
			</trkpt>
			<trkpt lat="46.614413" lon="13.366248">
				<ele>580.000000</ele>
			</trkpt>
			<trkpt lat="46.615234" lon="13.366195">
				<ele>580.000000</ele>
			</trkpt>
			<trkpt lat="46.615869" lon="13.366150">
				<ele>580.000000</ele>
			</trkpt>
			<trkpt lat="46.615943" lon="13.366158">
				<ele>580.000000</ele>
			</trkpt>
			<trkpt lat="46.616178" lon="13.366177">
				<ele>580.000000</ele>
			</trkpt>
			<trkpt lat="46.616437" lon="13.366240">
				<ele>580.000000</ele>
			</trkpt>
			<trkpt lat="46.616653" lon="13.366284">
				<ele>580.000000</ele>
			</trkpt>
			<trkpt lat="46.616862" lon="13.366330">
				<ele>580.000000</ele>
			</trkpt>
			<trkpt lat="46.616980" lon="13.366384">
				<ele>580.000000</ele>
			</trkpt>
			<trkpt lat="46.617128" lon="13.366473">
				<ele>580.000000</ele>
			</trkpt>
			<trkpt lat="46.617387" lon="13.366680">
				<ele>580.000000</ele>
			</trkpt>
			<trkpt lat="46.617658" lon="13.366896">
				<ele>580.000000</ele>
			</trkpt>
			<trkpt lat="46.617967" lon="13.367139">
				<ele>580.000000</ele>
			</trkpt>
			<trkpt lat="46.618165" lon="13.367246">
				<ele>580.000000</ele>
			</trkpt>
			<trkpt lat="46.618244" lon="13.367282">
				<ele>580.000000</ele>
			</trkpt>
			<trkpt lat="46.618338" lon="13.367318">
				<ele>580.000000</ele>
			</trkpt>
			<trkpt lat="46.618479" lon="13.367380">
				<ele>580.000000</ele>
			</trkpt>
			<trkpt lat="46.618917" lon="13.367470">
				<ele>581.000000</ele>
			</trkpt>
			<trkpt lat="46.619121" lon="13.367525">
				<ele>581.000000</ele>
			</trkpt>
			<trkpt lat="46.619207" lon="13.367552">
				<ele>581.000000</ele>
			</trkpt>
			<trkpt lat="46.619250" lon="13.367579">
				<ele>582.000000</ele>
			</trkpt>
			<trkpt lat="46.619288" lon="13.367587">
				<ele>582.000000</ele>
			</trkpt>
			<trkpt lat="46.619356" lon="13.367623">
				<ele>582.000000</ele>
			</trkpt>
			<trkpt lat="46.619491" lon="13.367705">
				<ele>582.000000</ele>
			</trkpt>
			<trkpt lat="46.619602" lon="13.367803">
				<ele>583.000000</ele>
			</trkpt>
			<trkpt lat="46.619781" lon="13.367992">
				<ele>583.000000</ele>
			</trkpt>
			<trkpt lat="46.619892" lon="13.368208">
				<ele>584.000000</ele>
			</trkpt>
			<trkpt lat="46.619942" lon="13.368305">
				<ele>584.000000</ele>
			</trkpt>
			<trkpt lat="46.620127" lon="13.368665">
				<ele>585.000000</ele>
			</trkpt>
			<trkpt lat="46.620318" lon="13.369141">
				<ele>586.000000</ele>
			</trkpt>
			<trkpt lat="46.620392" lon="13.369330">
				<ele>586.000000</ele>
			</trkpt>
			<trkpt lat="46.620460" lon="13.369492">
				<ele>586.000000</ele>
			</trkpt>
			<trkpt lat="46.620522" lon="13.369600">
				<ele>587.000000</ele>
			</trkpt>
			<trkpt lat="46.620601" lon="13.369680">
				<ele>587.000000</ele>
			</trkpt>
			<trkpt lat="46.620694" lon="13.369752">
				<ele>587.000000</ele>
			</trkpt>
			<trkpt lat="46.620805" lon="13.369797">
				<ele>587.000000</ele>
			</trkpt>
			<trkpt lat="46.621052" lon="13.369833">
				<ele>588.000000</ele>
			</trkpt>
			<trkpt lat="46.621212" lon="13.369860">
				<ele>588.000000</ele>
			</trkpt>
			<trkpt lat="46.621281" lon="13.369879">
				<ele>589.000000</ele>
			</trkpt>
			<trkpt lat="46.621490" lon="13.369905">
				<ele>589.000000</ele>
			</trkpt>
			<trkpt lat="46.621829" lon="13.369923">
				<ele>590.000000</ele>
			</trkpt>
			<trkpt lat="46.621904" lon="13.370039">
				<ele>590.000000</ele>
			</trkpt>
			<trkpt lat="46.621971" lon="13.370156">
				<ele>590.000000</ele>
			</trkpt>
			<trkpt lat="46.622385" lon="13.370821">
				<ele>590.000000</ele>
			</trkpt>
			<trkpt lat="46.622625" lon="13.371307">
				<ele>590.000000</ele>
			</trkpt>
			<trkpt lat="46.622761" lon="13.371603">
				<ele>590.000000</ele>
			</trkpt>
			<trkpt lat="46.622897" lon="13.371854">
				<ele>590.000000</ele>
			</trkpt>
			<trkpt lat="46.623026" lon="13.372016">
				<ele>590.000000</ele>
			</trkpt>
			<trkpt lat="46.623156" lon="13.372142">
				<ele>590.000000</ele>
			</trkpt>
			<trkpt lat="46.623298" lon="13.372231">
				<ele>590.000000</ele>
			</trkpt>
			<trkpt lat="46.623520" lon="13.372267">
				<ele>590.000000</ele>
			</trkpt>
			<trkpt lat="46.623791" lon="13.372231">
				<ele>590.000000</ele>
			</trkpt>
			<trkpt lat="46.624063" lon="13.372196">
				<ele>590.000000</ele>
			</trkpt>
			<trkpt lat="46.624402" lon="13.372142">
				<ele>590.000000</ele>
			</trkpt>
			<trkpt lat="46.624396" lon="13.372259">
				<ele>590.000000</ele>
			</trkpt>
			<trkpt lat="46.624477" lon="13.372250">
				<ele>590.000000</ele>
			</trkpt>
			<trkpt lat="46.624729" lon="13.372294">
				<ele>590.000000</ele>
			</trkpt>
			<trkpt lat="46.624853" lon="13.372330">
				<ele>590.000000</ele>
			</trkpt>
			<trkpt lat="46.624890" lon="13.372339">
				<ele>590.000000</ele>
			</trkpt>
			<trkpt lat="46.625075" lon="13.372483">
				<ele>590.000000</ele>
			</trkpt>
			<trkpt lat="46.625155" lon="13.372573">
				<ele>590.000000</ele>
			</trkpt>
			<trkpt lat="46.625260" lon="13.372680">
				<ele>590.000000</ele>
			</trkpt>
			<trkpt lat="46.625426" lon="13.372923">
				<ele>590.000000</ele>
			</trkpt>
			<trkpt lat="46.625414" lon="13.372932">
				<ele>590.000000</ele>
			</trkpt>
			<trkpt lat="46.625383" lon="13.372950">
				<ele>590.000000</ele>
			</trkpt>
			<trkpt lat="46.625364" lon="13.372986">
				<ele>590.000000</ele>
			</trkpt>
			<trkpt lat="46.625334" lon="13.373381">
				<ele>590.000000</ele>
			</trkpt>
			<trkpt lat="46.625297" lon="13.373435">
				<ele>590.000000</ele>
			</trkpt>
			<trkpt lat="46.625309" lon="13.373489">
				<ele>590.000000</ele>
			</trkpt>
			<trkpt lat="46.625408" lon="13.373462">
				<ele>590.000000</ele>
			</trkpt>
			<trkpt lat="46.625451" lon="13.373481">
				<ele>590.000000</ele>
			</trkpt>
			<trkpt lat="46.625507" lon="13.373534">
				<ele>590.000000</ele>
			</trkpt>
			<trkpt lat="46.625568" lon="13.373571">
				<ele>590.000000</ele>
			</trkpt>
			<trkpt lat="46.625611" lon="13.373588">
				<ele>590.000000</ele>
			</trkpt>
			<trkpt lat="46.625649" lon="13.373615">
				<ele>590.000000</ele>
			</trkpt>
			<trkpt lat="46.625692" lon="13.373668">
				<ele>590.000000</ele>
			</trkpt>
			<trkpt lat="46.625765" lon="13.373965">
				<ele>590.000000</ele>
			</trkpt>
			<trkpt lat="46.625865" lon="13.374226">
				<ele>590.000000</ele>
			</trkpt>
			<trkpt lat="46.626000" lon="13.374513">
				<ele>590.000000</ele>
			</trkpt>
			<trkpt lat="46.626204" lon="13.374846">
				<ele>590.000000</ele>
			</trkpt>
			<trkpt lat="46.626129" lon="13.374999">
				<ele>590.000000</ele>
			</trkpt>
		</trkseg>
	</trk>
</gpx>

