<?xml version="1.0" encoding="utf-8"?>
<gpx xmlns="http://www.topografix.com/GPX/1/1" version="1.1" creator="https://mapy.com/">
	<trk>
		<name>den 4</name>
		<trkseg>
			<trkpt lat="46.642969" lon="12.740276">
				<ele>1868.000000</ele>
			</trkpt>
			<trkpt lat="46.642926" lon="12.740176">
				<ele>1870.000000</ele>
			</trkpt>
			<trkpt lat="46.642950" lon="12.740438">
				<ele>1870.000000</ele>
			</trkpt>
			<trkpt lat="46.642901" lon="12.740528">
				<ele>1870.000000</ele>
			</trkpt>
			<trkpt lat="46.642895" lon="12.740671">
				<ele>1870.000000</ele>
			</trkpt>
			<trkpt lat="46.642870" lon="12.740707">
				<ele>1870.000000</ele>
			</trkpt>
			<trkpt lat="46.642655" lon="12.740941">
				<ele>1870.000000</ele>
			</trkpt>
			<trkpt lat="46.642562" lon="12.741075">
				<ele>1871.000000</ele>
			</trkpt>
			<trkpt lat="46.642476" lon="12.741201">
				<ele>1872.000000</ele>
			</trkpt>
			<trkpt lat="46.642396" lon="12.741335">
				<ele>1873.000000</ele>
			</trkpt>
			<trkpt lat="46.642260" lon="12.741390">
				<ele>1874.000000</ele>
			</trkpt>
			<trkpt lat="46.642093" lon="12.741417">
				<ele>1875.000000</ele>
			</trkpt>
			<trkpt lat="46.642038" lon="12.741453">
				<ele>1876.000000</ele>
			</trkpt>
			<trkpt lat="46.641976" lon="12.741444">
				<ele>1876.000000</ele>
			</trkpt>
			<trkpt lat="46.641859" lon="12.741543">
				<ele>1877.000000</ele>
			</trkpt>
			<trkpt lat="46.641729" lon="12.741650">
				<ele>1878.000000</ele>
			</trkpt>
			<trkpt lat="46.641698" lon="12.741740">
				<ele>1879.000000</ele>
			</trkpt>
			<trkpt lat="46.641698" lon="12.741784">
				<ele>1879.000000</ele>
			</trkpt>
			<trkpt lat="46.641766" lon="12.741821">
				<ele>1879.000000</ele>
			</trkpt>
			<trkpt lat="46.641822" lon="12.741874">
				<ele>1880.000000</ele>
			</trkpt>
			<trkpt lat="46.641785" lon="12.741947">
				<ele>1881.000000</ele>
			</trkpt>
			<trkpt lat="46.641877" lon="12.742046">
				<ele>1885.000000</ele>
			</trkpt>
			<trkpt lat="46.641933" lon="12.742081">
				<ele>1887.000000</ele>
			</trkpt>
			<trkpt lat="46.641982" lon="12.742126">
				<ele>1888.000000</ele>
			</trkpt>
			<trkpt lat="46.642001" lon="12.742189">
				<ele>1890.000000</ele>
			</trkpt>
			<trkpt lat="46.642007" lon="12.742260">
				<ele>1891.000000</ele>
			</trkpt>
			<trkpt lat="46.641982" lon="12.742260">
				<ele>1892.000000</ele>
			</trkpt>
			<trkpt lat="46.641951" lon="12.742297">
				<ele>1893.000000</ele>
			</trkpt>
			<trkpt lat="46.641865" lon="12.742360">
				<ele>1896.000000</ele>
			</trkpt>
			<trkpt lat="46.641729" lon="12.742386">
				<ele>1900.000000</ele>
			</trkpt>
			<trkpt lat="46.641631" lon="12.742503">
				<ele>1904.000000</ele>
			</trkpt>
			<trkpt lat="46.641557" lon="12.742557">
				<ele>1906.000000</ele>
			</trkpt>
			<trkpt lat="46.641507" lon="12.742549">
				<ele>1908.000000</ele>
			</trkpt>
			<trkpt lat="46.641464" lon="12.742692">
				<ele>1911.000000</ele>
			</trkpt>
			<trkpt lat="46.641409" lon="12.742702">
				<ele>1914.000000</ele>
			</trkpt>
			<trkpt lat="46.641403" lon="12.742809">
				<ele>1917.000000</ele>
			</trkpt>
			<trkpt lat="46.641409" lon="12.742853">
				<ele>1918.000000</ele>
			</trkpt>
			<trkpt lat="46.641390" lon="12.742872">
				<ele>1919.000000</ele>
			</trkpt>
			<trkpt lat="46.641322" lon="12.742908">
				<ele>1921.000000</ele>
			</trkpt>
			<trkpt lat="46.641230" lon="12.742943">
				<ele>1924.000000</ele>
			</trkpt>
			<trkpt lat="46.641224" lon="12.743015">
				<ele>1926.000000</ele>
			</trkpt>
			<trkpt lat="46.641266" lon="12.743088">
				<ele>1928.000000</ele>
			</trkpt>
			<trkpt lat="46.641266" lon="12.743195">
				<ele>1930.000000</ele>
			</trkpt>
			<trkpt lat="46.641260" lon="12.743258">
				<ele>1932.000000</ele>
			</trkpt>
			<trkpt lat="46.641236" lon="12.743331">
				<ele>1933.000000</ele>
			</trkpt>
			<trkpt lat="46.641156" lon="12.743375">
				<ele>1936.000000</ele>
			</trkpt>
			<trkpt lat="46.641100" lon="12.743392">
				<ele>1938.000000</ele>
			</trkpt>
			<trkpt lat="46.641082" lon="12.743402">
				<ele>1938.000000</ele>
			</trkpt>
			<trkpt lat="46.641075" lon="12.743447">
				<ele>1939.000000</ele>
			</trkpt>
			<trkpt lat="46.641088" lon="12.743482">
				<ele>1940.000000</ele>
			</trkpt>
			<trkpt lat="46.641100" lon="12.743518">
				<ele>1941.000000</ele>
			</trkpt>
			<trkpt lat="46.641113" lon="12.743545">
				<ele>1942.000000</ele>
			</trkpt>
			<trkpt lat="46.641100" lon="12.743581">
				<ele>1943.000000</ele>
			</trkpt>
			<trkpt lat="46.641032" lon="12.743608">
				<ele>1945.000000</ele>
			</trkpt>
			<trkpt lat="46.640965" lon="12.743698">
				<ele>1948.000000</ele>
			</trkpt>
			<trkpt lat="46.640959" lon="12.743860">
				<ele>1951.000000</ele>
			</trkpt>
			<trkpt lat="46.640940" lon="12.743958">
				<ele>1953.000000</ele>
			</trkpt>
			<trkpt lat="46.640909" lon="12.744031">
				<ele>1954.000000</ele>
			</trkpt>
			<trkpt lat="46.640884" lon="12.744057">
				<ele>1955.000000</ele>
			</trkpt>
			<trkpt lat="46.640890" lon="12.744111">
				<ele>1956.000000</ele>
			</trkpt>
			<trkpt lat="46.640915" lon="12.744165">
				<ele>1957.000000</ele>
			</trkpt>
			<trkpt lat="46.640940" lon="12.744264">
				<ele>1959.000000</ele>
			</trkpt>
			<trkpt lat="46.640965" lon="12.744363">
				<ele>1960.000000</ele>
			</trkpt>
			<trkpt lat="46.641032" lon="12.744434">
				<ele>1961.000000</ele>
			</trkpt>
			<trkpt lat="46.641051" lon="12.744524">
				<ele>1962.000000</ele>
			</trkpt>
			<trkpt lat="46.641075" lon="12.744633">
				<ele>1965.000000</ele>
			</trkpt>
			<trkpt lat="46.641069" lon="12.744794">
				<ele>1968.000000</ele>
			</trkpt>
			<trkpt lat="46.641063" lon="12.744973">
				<ele>1972.000000</ele>
			</trkpt>
			<trkpt lat="46.641113" lon="12.745063">
				<ele>1974.000000</ele>
			</trkpt>
			<trkpt lat="46.641113" lon="12.745073">
				<ele>1974.000000</ele>
			</trkpt>
			<trkpt lat="46.641106" lon="12.745145">
				<ele>1976.000000</ele>
			</trkpt>
			<trkpt lat="46.641193" lon="12.745199">
				<ele>1978.000000</ele>
			</trkpt>
			<trkpt lat="46.641242" lon="12.745252">
				<ele>1980.000000</ele>
			</trkpt>
			<trkpt lat="46.641248" lon="12.745315">
				<ele>1982.000000</ele>
			</trkpt>
			<trkpt lat="46.641218" lon="12.745405">
				<ele>1985.000000</ele>
			</trkpt>
			<trkpt lat="46.641181" lon="12.745432">
				<ele>1986.000000</ele>
			</trkpt>
			<trkpt lat="46.641168" lon="12.745450">
				<ele>1987.000000</ele>
			</trkpt>
			<trkpt lat="46.641119" lon="12.745486">
				<ele>1990.000000</ele>
			</trkpt>
			<trkpt lat="46.641069" lon="12.745612">
				<ele>1993.000000</ele>
			</trkpt>
			<trkpt lat="46.641026" lon="12.745683">
				<ele>1996.000000</ele>
			</trkpt>
			<trkpt lat="46.640959" lon="12.745711">
				<ele>1998.000000</ele>
			</trkpt>
			<trkpt lat="46.640909" lon="12.745711">
				<ele>2000.000000</ele>
			</trkpt>
			<trkpt lat="46.640903" lon="12.745765">
				<ele>2002.000000</ele>
			</trkpt>
			<trkpt lat="46.640859" lon="12.745765">
				<ele>2003.000000</ele>
			</trkpt>
			<trkpt lat="46.640841" lon="12.745855">
				<ele>2006.000000</ele>
			</trkpt>
			<trkpt lat="46.640823" lon="12.745952">
				<ele>2008.000000</ele>
			</trkpt>
			<trkpt lat="46.640804" lon="12.746007">
				<ele>2010.000000</ele>
			</trkpt>
			<trkpt lat="46.640718" lon="12.746151">
				<ele>2012.000000</ele>
			</trkpt>
			<trkpt lat="46.640712" lon="12.746159">
				<ele>2012.000000</ele>
			</trkpt>
			<trkpt lat="46.640644" lon="12.746195">
				<ele>2011.000000</ele>
			</trkpt>
			<trkpt lat="46.640625" lon="12.746222">
				<ele>2011.000000</ele>
			</trkpt>
			<trkpt lat="46.640613" lon="12.746258">
				<ele>2010.000000</ele>
			</trkpt>
			<trkpt lat="46.640613" lon="12.746304">
				<ele>2010.000000</ele>
			</trkpt>
			<trkpt lat="46.640601" lon="12.746357">
				<ele>2010.000000</ele>
			</trkpt>
			<trkpt lat="46.640576" lon="12.746421">
				<ele>2008.000000</ele>
			</trkpt>
			<trkpt lat="46.640558" lon="12.746447">
				<ele>2007.000000</ele>
			</trkpt>
			<trkpt lat="46.640552" lon="12.746484">
				<ele>2006.000000</ele>
			</trkpt>
			<trkpt lat="46.640539" lon="12.746537">
				<ele>2004.000000</ele>
			</trkpt>
			<trkpt lat="46.640521" lon="12.746591">
				<ele>2002.000000</ele>
			</trkpt>
			<trkpt lat="46.640527" lon="12.746707">
				<ele>1999.000000</ele>
			</trkpt>
			<trkpt lat="46.640533" lon="12.746744">
				<ele>1999.000000</ele>
			</trkpt>
			<trkpt lat="46.640539" lon="12.746797">
				<ele>1997.000000</ele>
			</trkpt>
			<trkpt lat="46.640539" lon="12.746843">
				<ele>1996.000000</ele>
			</trkpt>
			<trkpt lat="46.640545" lon="12.746914">
				<ele>1995.000000</ele>
			</trkpt>
			<trkpt lat="46.640558" lon="12.746950">
				<ele>1994.000000</ele>
			</trkpt>
			<trkpt lat="46.640570" lon="12.747004">
				<ele>1993.000000</ele>
			</trkpt>
			<trkpt lat="46.640589" lon="12.747076">
				<ele>1991.000000</ele>
			</trkpt>
			<trkpt lat="46.640589" lon="12.747139">
				<ele>1990.000000</ele>
			</trkpt>
			<trkpt lat="46.640595" lon="12.747193">
				<ele>1989.000000</ele>
			</trkpt>
			<trkpt lat="46.640582" lon="12.747237">
				<ele>1988.000000</ele>
			</trkpt>
			<trkpt lat="46.640570" lon="12.747264">
				<ele>1987.000000</ele>
			</trkpt>
			<trkpt lat="46.640576" lon="12.747300">
				<ele>1987.000000</ele>
			</trkpt>
			<trkpt lat="46.640595" lon="12.747336">
				<ele>1986.000000</ele>
			</trkpt>
			<trkpt lat="46.640631" lon="12.747381">
				<ele>1985.000000</ele>
			</trkpt>
			<trkpt lat="46.640668" lon="12.747426">
				<ele>1983.000000</ele>
			</trkpt>
			<trkpt lat="46.640705" lon="12.747499">
				<ele>1982.000000</ele>
			</trkpt>
			<trkpt lat="46.640718" lon="12.747570">
				<ele>1981.000000</ele>
			</trkpt>
			<trkpt lat="46.640730" lon="12.747650">
				<ele>1980.000000</ele>
			</trkpt>
			<trkpt lat="46.640755" lon="12.747705">
				<ele>1979.000000</ele>
			</trkpt>
			<trkpt lat="46.640767" lon="12.747750">
				<ele>1978.000000</ele>
			</trkpt>
			<trkpt lat="46.640823" lon="12.747795">
				<ele>1978.000000</ele>
			</trkpt>
			<trkpt lat="46.640872" lon="12.747885">
				<ele>1976.000000</ele>
			</trkpt>
			<trkpt lat="46.640890" lon="12.747920">
				<ele>1976.000000</ele>
			</trkpt>
			<trkpt lat="46.640915" lon="12.747975">
				<ele>1975.000000</ele>
			</trkpt>
			<trkpt lat="46.640928" lon="12.748082">
				<ele>1974.000000</ele>
			</trkpt>
			<trkpt lat="46.640934" lon="12.748118">
				<ele>1974.000000</ele>
			</trkpt>
			<trkpt lat="46.640909" lon="12.748315">
				<ele>1972.000000</ele>
			</trkpt>
			<trkpt lat="46.640915" lon="12.748388">
				<ele>1971.000000</ele>
			</trkpt>
			<trkpt lat="46.640921" lon="12.748459">
				<ele>1971.000000</ele>
			</trkpt>
			<trkpt lat="46.640921" lon="12.748486">
				<ele>1970.000000</ele>
			</trkpt>
			<trkpt lat="46.640915" lon="12.748541">
				<ele>1970.000000</ele>
			</trkpt>
			<trkpt lat="46.640921" lon="12.748602">
				<ele>1969.000000</ele>
			</trkpt>
			<trkpt lat="46.640915" lon="12.748720">
				<ele>1967.000000</ele>
			</trkpt>
			<trkpt lat="46.640909" lon="12.748792">
				<ele>1966.000000</ele>
			</trkpt>
			<trkpt lat="46.640909" lon="12.748891">
				<ele>1965.000000</ele>
			</trkpt>
			<trkpt lat="46.640903" lon="12.748944">
				<ele>1965.000000</ele>
			</trkpt>
			<trkpt lat="46.640909" lon="12.748971">
				<ele>1964.000000</ele>
			</trkpt>
			<trkpt lat="46.640909" lon="12.748998">
				<ele>1964.000000</ele>
			</trkpt>
			<trkpt lat="46.640921" lon="12.749142">
				<ele>1962.000000</ele>
			</trkpt>
			<trkpt lat="46.640915" lon="12.749178">
				<ele>1962.000000</ele>
			</trkpt>
			<trkpt lat="46.640890" lon="12.749187">
				<ele>1961.000000</ele>
			</trkpt>
			<trkpt lat="46.640829" lon="12.749134">
				<ele>1960.000000</ele>
			</trkpt>
			<trkpt lat="46.640774" lon="12.749071">
				<ele>1958.000000</ele>
			</trkpt>
			<trkpt lat="46.640730" lon="12.748989">
				<ele>1956.000000</ele>
			</trkpt>
			<trkpt lat="46.640705" lon="12.748989">
				<ele>1955.000000</ele>
			</trkpt>
			<trkpt lat="46.640687" lon="12.749044">
				<ele>1954.000000</ele>
			</trkpt>
			<trkpt lat="46.640668" lon="12.749107">
				<ele>1953.000000</ele>
			</trkpt>
			<trkpt lat="46.640662" lon="12.749134">
				<ele>1952.000000</ele>
			</trkpt>
			<trkpt lat="46.640668" lon="12.749205">
				<ele>1951.000000</ele>
			</trkpt>
			<trkpt lat="46.640668" lon="12.749241">
				<ele>1950.000000</ele>
			</trkpt>
			<trkpt lat="46.640674" lon="12.749313">
				<ele>1949.000000</ele>
			</trkpt>
			<trkpt lat="46.640656" lon="12.749331">
				<ele>1948.000000</ele>
			</trkpt>
			<trkpt lat="46.640601" lon="12.749268">
				<ele>1945.000000</ele>
			</trkpt>
			<trkpt lat="46.640582" lon="12.749241">
				<ele>1945.000000</ele>
			</trkpt>
			<trkpt lat="46.640539" lon="12.749214">
				<ele>1943.000000</ele>
			</trkpt>
			<trkpt lat="46.640514" lon="12.749214">
				<ele>1942.000000</ele>
			</trkpt>
			<trkpt lat="46.640508" lon="12.749250">
				<ele>1941.000000</ele>
			</trkpt>
			<trkpt lat="46.640502" lon="12.749277">
				<ele>1941.000000</ele>
			</trkpt>
			<trkpt lat="46.640496" lon="12.749348">
				<ele>1939.000000</ele>
			</trkpt>
			<trkpt lat="46.640496" lon="12.749447">
				<ele>1937.000000</ele>
			</trkpt>
			<trkpt lat="46.640496" lon="12.749493">
				<ele>1936.000000</ele>
			</trkpt>
			<trkpt lat="46.640490" lon="12.749520">
				<ele>1935.000000</ele>
			</trkpt>
			<trkpt lat="46.640502" lon="12.749547">
				<ele>1935.000000</ele>
			</trkpt>
			<trkpt lat="46.640502" lon="12.749573">
				<ele>1934.000000</ele>
			</trkpt>
			<trkpt lat="46.640496" lon="12.749591">
				<ele>1934.000000</ele>
			</trkpt>
			<trkpt lat="46.640459" lon="12.749591">
				<ele>1933.000000</ele>
			</trkpt>
			<trkpt lat="46.640422" lon="12.749547">
				<ele>1931.000000</ele>
			</trkpt>
			<trkpt lat="46.640385" lon="12.749520">
				<ele>1930.000000</ele>
			</trkpt>
			<trkpt lat="46.640354" lon="12.749493">
				<ele>1928.000000</ele>
			</trkpt>
			<trkpt lat="46.640311" lon="12.749457">
				<ele>1926.000000</ele>
			</trkpt>
			<trkpt lat="46.640261" lon="12.749384">
				<ele>1923.000000</ele>
			</trkpt>
			<trkpt lat="46.640243" lon="12.749375">
				<ele>1923.000000</ele>
			</trkpt>
			<trkpt lat="46.640224" lon="12.749403">
				<ele>1922.000000</ele>
			</trkpt>
			<trkpt lat="46.640218" lon="12.749403">
				<ele>1921.000000</ele>
			</trkpt>
			<trkpt lat="46.640188" lon="12.749367">
				<ele>1920.000000</ele>
			</trkpt>
			<trkpt lat="46.640163" lon="12.749348">
				<ele>1919.000000</ele>
			</trkpt>
			<trkpt lat="46.640157" lon="12.749304">
				<ele>1918.000000</ele>
			</trkpt>
			<trkpt lat="46.640144" lon="12.749285">
				<ele>1918.000000</ele>
			</trkpt>
			<trkpt lat="46.640126" lon="12.749277">
				<ele>1917.000000</ele>
			</trkpt>
			<trkpt lat="46.640107" lon="12.749250">
				<ele>1916.000000</ele>
			</trkpt>
			<trkpt lat="46.640089" lon="12.749205">
				<ele>1915.000000</ele>
			</trkpt>
			<trkpt lat="46.640076" lon="12.749142">
				<ele>1914.000000</ele>
			</trkpt>
			<trkpt lat="46.640058" lon="12.749107">
				<ele>1913.000000</ele>
			</trkpt>
			<trkpt lat="46.640039" lon="12.749088">
				<ele>1913.000000</ele>
			</trkpt>
			<trkpt lat="46.640027" lon="12.749097">
				<ele>1912.000000</ele>
			</trkpt>
			<trkpt lat="46.639990" lon="12.749115">
				<ele>1911.000000</ele>
			</trkpt>
			<trkpt lat="46.639984" lon="12.749160">
				<ele>1910.000000</ele>
			</trkpt>
			<trkpt lat="46.639947" lon="12.749214">
				<ele>1907.000000</ele>
			</trkpt>
			<trkpt lat="46.639929" lon="12.749223">
				<ele>1906.000000</ele>
			</trkpt>
			<trkpt lat="46.639898" lon="12.749268">
				<ele>1904.000000</ele>
			</trkpt>
			<trkpt lat="46.639891" lon="12.749313">
				<ele>1902.000000</ele>
			</trkpt>
			<trkpt lat="46.639848" lon="12.749394">
				<ele>1899.000000</ele>
			</trkpt>
			<trkpt lat="46.639823" lon="12.749403">
				<ele>1898.000000</ele>
			</trkpt>
			<trkpt lat="46.639781" lon="12.749457">
				<ele>1896.000000</ele>
			</trkpt>
			<trkpt lat="46.639768" lon="12.749520">
				<ele>1894.000000</ele>
			</trkpt>
			<trkpt lat="46.639793" lon="12.749564">
				<ele>1893.000000</ele>
			</trkpt>
			<trkpt lat="46.639787" lon="12.749600">
				<ele>1892.000000</ele>
			</trkpt>
			<trkpt lat="46.639737" lon="12.749717">
				<ele>1889.000000</ele>
			</trkpt>
			<trkpt lat="46.639731" lon="12.749753">
				<ele>1888.000000</ele>
			</trkpt>
			<trkpt lat="46.639713" lon="12.749780">
				<ele>1887.000000</ele>
			</trkpt>
			<trkpt lat="46.639682" lon="12.749860">
				<ele>1884.000000</ele>
			</trkpt>
			<trkpt lat="46.639663" lon="12.749897">
				<ele>1883.000000</ele>
			</trkpt>
			<trkpt lat="46.639644" lon="12.749960">
				<ele>1882.000000</ele>
			</trkpt>
			<trkpt lat="46.639626" lon="12.749986">
				<ele>1881.000000</ele>
			</trkpt>
			<trkpt lat="46.639614" lon="12.750013">
				<ele>1880.000000</ele>
			</trkpt>
			<trkpt lat="46.639608" lon="12.750050">
				<ele>1879.000000</ele>
			</trkpt>
			<trkpt lat="46.639595" lon="12.750076">
				<ele>1878.000000</ele>
			</trkpt>
			<trkpt lat="46.639589" lon="12.750113">
				<ele>1877.000000</ele>
			</trkpt>
			<trkpt lat="46.639534" lon="12.750229">
				<ele>1873.000000</ele>
			</trkpt>
			<trkpt lat="46.639490" lon="12.750292">
				<ele>1870.000000</ele>
			</trkpt>
			<trkpt lat="46.639490" lon="12.750300">
				<ele>1870.000000</ele>
			</trkpt>
			<trkpt lat="46.639435" lon="12.750373">
				<ele>1867.000000</ele>
			</trkpt>
			<trkpt lat="46.639429" lon="12.750390">
				<ele>1866.000000</ele>
			</trkpt>
			<trkpt lat="46.639422" lon="12.750409">
				<ele>1866.000000</ele>
			</trkpt>
			<trkpt lat="46.639453" lon="12.750463">
				<ele>1864.000000</ele>
			</trkpt>
			<trkpt lat="46.639453" lon="12.750499">
				<ele>1863.000000</ele>
			</trkpt>
			<trkpt lat="46.639435" lon="12.750526">
				<ele>1862.000000</ele>
			</trkpt>
			<trkpt lat="46.639441" lon="12.750562">
				<ele>1861.000000</ele>
			</trkpt>
			<trkpt lat="46.639429" lon="12.750589">
				<ele>1860.000000</ele>
			</trkpt>
			<trkpt lat="46.639410" lon="12.750642">
				<ele>1858.000000</ele>
			</trkpt>
			<trkpt lat="46.639447" lon="12.750696">
				<ele>1856.000000</ele>
			</trkpt>
			<trkpt lat="46.639472" lon="12.750687">
				<ele>1855.000000</ele>
			</trkpt>
			<trkpt lat="46.639478" lon="12.750723">
				<ele>1854.000000</ele>
			</trkpt>
			<trkpt lat="46.639453" lon="12.750742">
				<ele>1853.000000</ele>
			</trkpt>
			<trkpt lat="46.639435" lon="12.750768">
				<ele>1852.000000</ele>
			</trkpt>
			<trkpt lat="46.639441" lon="12.750805">
				<ele>1851.000000</ele>
			</trkpt>
			<trkpt lat="46.639441" lon="12.750839">
				<ele>1850.000000</ele>
			</trkpt>
			<trkpt lat="46.639404" lon="12.750876">
				<ele>1848.000000</ele>
			</trkpt>
			<trkpt lat="46.639374" lon="12.750876">
				<ele>1847.000000</ele>
			</trkpt>
			<trkpt lat="46.639355" lon="12.750893">
				<ele>1846.000000</ele>
			</trkpt>
			<trkpt lat="46.639343" lon="12.750921">
				<ele>1845.000000</ele>
			</trkpt>
			<trkpt lat="46.639324" lon="12.750948">
				<ele>1844.000000</ele>
			</trkpt>
			<trkpt lat="46.639299" lon="12.750948">
				<ele>1843.000000</ele>
			</trkpt>
			<trkpt lat="46.639256" lon="12.750983">
				<ele>1841.000000</ele>
			</trkpt>
			<trkpt lat="46.639244" lon="12.751002">
				<ele>1840.000000</ele>
			</trkpt>
			<trkpt lat="46.639207" lon="12.751046">
				<ele>1839.000000</ele>
			</trkpt>
			<trkpt lat="46.639164" lon="12.751082">
				<ele>1838.000000</ele>
			</trkpt>
			<trkpt lat="46.639152" lon="12.751109">
				<ele>1838.000000</ele>
			</trkpt>
			<trkpt lat="46.639090" lon="12.751136">
				<ele>1836.000000</ele>
			</trkpt>
			<trkpt lat="46.639090" lon="12.751145">
				<ele>1836.000000</ele>
			</trkpt>
			<trkpt lat="46.639071" lon="12.751155">
				<ele>1836.000000</ele>
			</trkpt>
			<trkpt lat="46.639083" lon="12.751226">
				<ele>1835.000000</ele>
			</trkpt>
			<trkpt lat="46.639102" lon="12.751235">
				<ele>1835.000000</ele>
			</trkpt>
			<trkpt lat="46.639201" lon="12.751226">
				<ele>1833.000000</ele>
			</trkpt>
			<trkpt lat="46.639231" lon="12.751244">
				<ele>1832.000000</ele>
			</trkpt>
			<trkpt lat="46.639281" lon="12.751262">
				<ele>1831.000000</ele>
			</trkpt>
			<trkpt lat="46.639299" lon="12.751281">
				<ele>1831.000000</ele>
			</trkpt>
			<trkpt lat="46.639306" lon="12.751316">
				<ele>1831.000000</ele>
			</trkpt>
			<trkpt lat="46.639318" lon="12.751342">
				<ele>1830.000000</ele>
			</trkpt>
			<trkpt lat="46.639318" lon="12.751379">
				<ele>1830.000000</ele>
			</trkpt>
			<trkpt lat="46.639318" lon="12.751442">
				<ele>1829.000000</ele>
			</trkpt>
			<trkpt lat="46.639318" lon="12.751487">
				<ele>1828.000000</ele>
			</trkpt>
			<trkpt lat="46.639330" lon="12.751558">
				<ele>1827.000000</ele>
			</trkpt>
			<trkpt lat="46.639330" lon="12.751667">
				<ele>1825.000000</ele>
			</trkpt>
			<trkpt lat="46.639312" lon="12.751738">
				<ele>1823.000000</ele>
			</trkpt>
			<trkpt lat="46.639318" lon="12.751784">
				<ele>1823.000000</ele>
			</trkpt>
			<trkpt lat="46.639330" lon="12.751818">
				<ele>1822.000000</ele>
			</trkpt>
			<trkpt lat="46.639330" lon="12.751847">
				<ele>1822.000000</ele>
			</trkpt>
			<trkpt lat="46.639330" lon="12.751864">
				<ele>1821.000000</ele>
			</trkpt>
			<trkpt lat="46.639324" lon="12.751891">
				<ele>1821.000000</ele>
			</trkpt>
			<trkpt lat="46.639318" lon="12.751900">
				<ele>1820.000000</ele>
			</trkpt>
			<trkpt lat="46.639299" lon="12.751908">
				<ele>1820.000000</ele>
			</trkpt>
			<trkpt lat="46.639268" lon="12.751908">
				<ele>1819.000000</ele>
			</trkpt>
			<trkpt lat="46.639237" lon="12.751881">
				<ele>1818.000000</ele>
			</trkpt>
			<trkpt lat="46.639164" lon="12.751873">
				<ele>1816.000000</ele>
			</trkpt>
			<trkpt lat="46.639133" lon="12.751881">
				<ele>1816.000000</ele>
			</trkpt>
			<trkpt lat="46.639121" lon="12.751900">
				<ele>1815.000000</ele>
			</trkpt>
			<trkpt lat="46.639108" lon="12.751936">
				<ele>1815.000000</ele>
			</trkpt>
			<trkpt lat="46.639114" lon="12.751971">
				<ele>1814.000000</ele>
			</trkpt>
			<trkpt lat="46.639127" lon="12.751998">
				<ele>1813.000000</ele>
			</trkpt>
			<trkpt lat="46.639139" lon="12.752071">
				<ele>1812.000000</ele>
			</trkpt>
			<trkpt lat="46.639133" lon="12.752134">
				<ele>1811.000000</ele>
			</trkpt>
			<trkpt lat="46.639121" lon="12.752170">
				<ele>1810.000000</ele>
			</trkpt>
			<trkpt lat="46.639114" lon="12.752197">
				<ele>1810.000000</ele>
			</trkpt>
			<trkpt lat="46.639108" lon="12.752214">
				<ele>1809.000000</ele>
			</trkpt>
			<trkpt lat="46.639090" lon="12.752233">
				<ele>1809.000000</ele>
			</trkpt>
			<trkpt lat="46.639077" lon="12.752250">
				<ele>1808.000000</ele>
			</trkpt>
			<trkpt lat="46.639065" lon="12.752260">
				<ele>1808.000000</ele>
			</trkpt>
			<trkpt lat="46.639021" lon="12.752268">
				<ele>1807.000000</ele>
			</trkpt>
			<trkpt lat="46.638991" lon="12.752277">
				<ele>1806.000000</ele>
			</trkpt>
			<trkpt lat="46.638942" lon="12.752331">
				<ele>1804.000000</ele>
			</trkpt>
			<trkpt lat="46.638923" lon="12.752340">
				<ele>1803.000000</ele>
			</trkpt>
			<trkpt lat="46.638917" lon="12.752376">
				<ele>1803.000000</ele>
			</trkpt>
			<trkpt lat="46.638917" lon="12.752403">
				<ele>1802.000000</ele>
			</trkpt>
			<trkpt lat="46.638911" lon="12.752457">
				<ele>1801.000000</ele>
			</trkpt>
			<trkpt lat="46.638898" lon="12.752547">
				<ele>1799.000000</ele>
			</trkpt>
			<trkpt lat="46.638880" lon="12.752573">
				<ele>1799.000000</ele>
			</trkpt>
			<trkpt lat="46.638880" lon="12.752591">
				<ele>1798.000000</ele>
			</trkpt>
			<trkpt lat="46.638861" lon="12.752646">
				<ele>1797.000000</ele>
			</trkpt>
			<trkpt lat="46.638855" lon="12.752690">
				<ele>1797.000000</ele>
			</trkpt>
			<trkpt lat="46.638843" lon="12.752726">
				<ele>1796.000000</ele>
			</trkpt>
			<trkpt lat="46.638830" lon="12.752744">
				<ele>1796.000000</ele>
			</trkpt>
			<trkpt lat="46.638812" lon="12.752744">
				<ele>1795.000000</ele>
			</trkpt>
			<trkpt lat="46.638775" lon="12.752744">
				<ele>1795.000000</ele>
			</trkpt>
			<trkpt lat="46.638738" lon="12.752736">
				<ele>1794.000000</ele>
			</trkpt>
			<trkpt lat="46.638732" lon="12.752736">
				<ele>1794.000000</ele>
			</trkpt>
			<trkpt lat="46.638676" lon="12.752780">
				<ele>1792.000000</ele>
			</trkpt>
			<trkpt lat="46.638633" lon="12.752834">
				<ele>1791.000000</ele>
			</trkpt>
			<trkpt lat="46.638614" lon="12.752879">
				<ele>1790.000000</ele>
			</trkpt>
			<trkpt lat="46.638596" lon="12.752915">
				<ele>1789.000000</ele>
			</trkpt>
			<trkpt lat="46.638584" lon="12.752996">
				<ele>1787.000000</ele>
			</trkpt>
			<trkpt lat="46.638578" lon="12.753067">
				<ele>1786.000000</ele>
			</trkpt>
			<trkpt lat="46.638559" lon="12.753113">
				<ele>1784.000000</ele>
			</trkpt>
			<trkpt lat="46.638553" lon="12.753176">
				<ele>1783.000000</ele>
			</trkpt>
			<trkpt lat="46.638535" lon="12.753229">
				<ele>1782.000000</ele>
			</trkpt>
			<trkpt lat="46.638522" lon="12.753275">
				<ele>1780.000000</ele>
			</trkpt>
			<trkpt lat="46.638498" lon="12.753337">
				<ele>1779.000000</ele>
			</trkpt>
			<trkpt lat="46.638479" lon="12.753409">
				<ele>1778.000000</ele>
			</trkpt>
			<trkpt lat="46.638454" lon="12.753455">
				<ele>1777.000000</ele>
			</trkpt>
			<trkpt lat="46.638429" lon="12.753489">
				<ele>1777.000000</ele>
			</trkpt>
			<trkpt lat="46.638405" lon="12.753508">
				<ele>1776.000000</ele>
			</trkpt>
			<trkpt lat="46.638331" lon="12.753552">
				<ele>1774.000000</ele>
			</trkpt>
			<trkpt lat="46.638288" lon="12.753579">
				<ele>1773.000000</ele>
			</trkpt>
			<trkpt lat="46.638220" lon="12.753589">
				<ele>1772.000000</ele>
			</trkpt>
			<trkpt lat="46.638128" lon="12.753606">
				<ele>1770.000000</ele>
			</trkpt>
			<trkpt lat="46.638047" lon="12.753606">
				<ele>1768.000000</ele>
			</trkpt>
			<trkpt lat="46.637973" lon="12.753571">
				<ele>1766.000000</ele>
			</trkpt>
			<trkpt lat="46.637924" lon="12.753544">
				<ele>1765.000000</ele>
			</trkpt>
			<trkpt lat="46.637844" lon="12.753472">
				<ele>1763.000000</ele>
			</trkpt>
			<trkpt lat="46.637745" lon="12.753418">
				<ele>1761.000000</ele>
			</trkpt>
			<trkpt lat="46.637702" lon="12.753409">
				<ele>1760.000000</ele>
			</trkpt>
			<trkpt lat="46.637683" lon="12.753392">
				<ele>1759.000000</ele>
			</trkpt>
			<trkpt lat="46.637621" lon="12.753365">
				<ele>1758.000000</ele>
			</trkpt>
			<trkpt lat="46.637560" lon="12.753365">
				<ele>1757.000000</ele>
			</trkpt>
			<trkpt lat="46.637542" lon="12.753365">
				<ele>1756.000000</ele>
			</trkpt>
			<trkpt lat="46.637455" lon="12.753329">
				<ele>1754.000000</ele>
			</trkpt>
			<trkpt lat="46.637393" lon="12.753337">
				<ele>1753.000000</ele>
			</trkpt>
			<trkpt lat="46.637314" lon="12.753337">
				<ele>1751.000000</ele>
			</trkpt>
			<trkpt lat="46.637295" lon="12.753355">
				<ele>1750.000000</ele>
			</trkpt>
			<trkpt lat="46.637295" lon="12.753409">
				<ele>1749.000000</ele>
			</trkpt>
			<trkpt lat="46.637332" lon="12.753472">
				<ele>1748.000000</ele>
			</trkpt>
			<trkpt lat="46.637344" lon="12.753489">
				<ele>1747.000000</ele>
			</trkpt>
			<trkpt lat="46.637375" lon="12.753544">
				<ele>1746.000000</ele>
			</trkpt>
			<trkpt lat="46.637393" lon="12.753606">
				<ele>1745.000000</ele>
			</trkpt>
			<trkpt lat="46.637406" lon="12.753669">
				<ele>1743.000000</ele>
			</trkpt>
			<trkpt lat="46.637424" lon="12.753705">
				<ele>1742.000000</ele>
			</trkpt>
			<trkpt lat="46.637424" lon="12.753751">
				<ele>1742.000000</ele>
			</trkpt>
			<trkpt lat="46.637436" lon="12.753786">
				<ele>1741.000000</ele>
			</trkpt>
			<trkpt lat="46.637461" lon="12.753849">
				<ele>1739.000000</ele>
			</trkpt>
			<trkpt lat="46.637480" lon="12.753939">
				<ele>1737.000000</ele>
			</trkpt>
			<trkpt lat="46.637511" lon="12.754074">
				<ele>1734.000000</ele>
			</trkpt>
			<trkpt lat="46.637523" lon="12.754101">
				<ele>1733.000000</ele>
			</trkpt>
			<trkpt lat="46.637536" lon="12.754164">
				<ele>1732.000000</ele>
			</trkpt>
			<trkpt lat="46.637542" lon="12.754172">
				<ele>1731.000000</ele>
			</trkpt>
			<trkpt lat="46.637536" lon="12.754227">
				<ele>1730.000000</ele>
			</trkpt>
			<trkpt lat="46.637554" lon="12.754262">
				<ele>1730.000000</ele>
			</trkpt>
			<trkpt lat="46.637560" lon="12.754334">
				<ele>1729.000000</ele>
			</trkpt>
			<trkpt lat="46.637578" lon="12.754352">
				<ele>1728.000000</ele>
			</trkpt>
			<trkpt lat="46.637646" lon="12.754379">
				<ele>1727.000000</ele>
			</trkpt>
			<trkpt lat="46.637665" lon="12.754379">
				<ele>1727.000000</ele>
			</trkpt>
			<trkpt lat="46.637690" lon="12.754388">
				<ele>1726.000000</ele>
			</trkpt>
			<trkpt lat="46.637727" lon="12.754388">
				<ele>1726.000000</ele>
			</trkpt>
			<trkpt lat="46.637764" lon="12.754415">
				<ele>1725.000000</ele>
			</trkpt>
			<trkpt lat="46.637794" lon="12.754451">
				<ele>1725.000000</ele>
			</trkpt>
			<trkpt lat="46.637813" lon="12.754497">
				<ele>1724.000000</ele>
			</trkpt>
			<trkpt lat="46.637825" lon="12.754558">
				<ele>1723.000000</ele>
			</trkpt>
			<trkpt lat="46.637837" lon="12.754658">
				<ele>1722.000000</ele>
			</trkpt>
			<trkpt lat="46.637837" lon="12.754703">
				<ele>1722.000000</ele>
			</trkpt>
			<trkpt lat="46.637813" lon="12.754801">
				<ele>1720.000000</ele>
			</trkpt>
			<trkpt lat="46.637794" lon="12.754855">
				<ele>1720.000000</ele>
			</trkpt>
			<trkpt lat="46.637751" lon="12.754883">
				<ele>1718.000000</ele>
			</trkpt>
			<trkpt lat="46.637677" lon="12.754900">
				<ele>1716.000000</ele>
			</trkpt>
			<trkpt lat="46.637628" lon="12.754937">
				<ele>1715.000000</ele>
			</trkpt>
			<trkpt lat="46.637609" lon="12.754973">
				<ele>1714.000000</ele>
			</trkpt>
			<trkpt lat="46.637603" lon="12.755008">
				<ele>1713.000000</ele>
			</trkpt>
			<trkpt lat="46.637609" lon="12.755080">
				<ele>1712.000000</ele>
			</trkpt>
			<trkpt lat="46.637603" lon="12.755116">
				<ele>1711.000000</ele>
			</trkpt>
			<trkpt lat="46.637609" lon="12.755160">
				<ele>1710.000000</ele>
			</trkpt>
			<trkpt lat="46.637597" lon="12.755214">
				<ele>1709.000000</ele>
			</trkpt>
			<trkpt lat="46.637591" lon="12.755250">
				<ele>1708.000000</ele>
			</trkpt>
			<trkpt lat="46.637572" lon="12.755287">
				<ele>1707.000000</ele>
			</trkpt>
			<trkpt lat="46.637548" lon="12.755331">
				<ele>1706.000000</ele>
			</trkpt>
			<trkpt lat="46.637529" lon="12.755359">
				<ele>1705.000000</ele>
			</trkpt>
			<trkpt lat="46.637467" lon="12.755386">
				<ele>1703.000000</ele>
			</trkpt>
			<trkpt lat="46.637424" lon="12.755430">
				<ele>1701.000000</ele>
			</trkpt>
			<trkpt lat="46.637406" lon="12.755457">
				<ele>1700.000000</ele>
			</trkpt>
			<trkpt lat="46.637399" lon="12.755476">
				<ele>1700.000000</ele>
			</trkpt>
			<trkpt lat="46.637387" lon="12.755511">
				<ele>1699.000000</ele>
			</trkpt>
			<trkpt lat="46.637375" lon="12.755547">
				<ele>1698.000000</ele>
			</trkpt>
			<trkpt lat="46.637375" lon="12.755583">
				<ele>1698.000000</ele>
			</trkpt>
			<trkpt lat="46.637363" lon="12.755637">
				<ele>1697.000000</ele>
			</trkpt>
			<trkpt lat="46.637357" lon="12.755690">
				<ele>1696.000000</ele>
			</trkpt>
			<trkpt lat="46.637350" lon="12.755753">
				<ele>1695.000000</ele>
			</trkpt>
			<trkpt lat="46.637344" lon="12.755807">
				<ele>1694.000000</ele>
			</trkpt>
			<trkpt lat="46.637338" lon="12.755826">
				<ele>1693.000000</ele>
			</trkpt>
			<trkpt lat="46.637320" lon="12.755942">
				<ele>1691.000000</ele>
			</trkpt>
			<trkpt lat="46.637314" lon="12.756023">
				<ele>1690.000000</ele>
			</trkpt>
			<trkpt lat="46.637307" lon="12.756076">
				<ele>1689.000000</ele>
			</trkpt>
			<trkpt lat="46.637289" lon="12.756158">
				<ele>1687.000000</ele>
			</trkpt>
			<trkpt lat="46.637283" lon="12.756185">
				<ele>1686.000000</ele>
			</trkpt>
			<trkpt lat="46.637264" lon="12.756212">
				<ele>1685.000000</ele>
			</trkpt>
			<trkpt lat="46.637239" lon="12.756229">
				<ele>1684.000000</ele>
			</trkpt>
			<trkpt lat="46.637221" lon="12.756266">
				<ele>1683.000000</ele>
			</trkpt>
			<trkpt lat="46.637202" lon="12.756311">
				<ele>1682.000000</ele>
			</trkpt>
			<trkpt lat="46.637196" lon="12.756355">
				<ele>1681.000000</ele>
			</trkpt>
			<trkpt lat="46.637184" lon="12.756418">
				<ele>1680.000000</ele>
			</trkpt>
			<trkpt lat="46.637184" lon="12.756491">
				<ele>1679.000000</ele>
			</trkpt>
			<trkpt lat="46.637190" lon="12.756545">
				<ele>1678.000000</ele>
			</trkpt>
			<trkpt lat="46.637184" lon="12.756581">
				<ele>1677.000000</ele>
			</trkpt>
			<trkpt lat="46.637184" lon="12.756625">
				<ele>1676.000000</ele>
			</trkpt>
			<trkpt lat="46.637177" lon="12.756652">
				<ele>1676.000000</ele>
			</trkpt>
			<trkpt lat="46.637171" lon="12.756724">
				<ele>1675.000000</ele>
			</trkpt>
			<trkpt lat="46.637165" lon="12.756778">
				<ele>1674.000000</ele>
			</trkpt>
			<trkpt lat="46.637153" lon="12.756822">
				<ele>1673.000000</ele>
			</trkpt>
			<trkpt lat="46.637141" lon="12.756849">
				<ele>1672.000000</ele>
			</trkpt>
			<trkpt lat="46.637135" lon="12.756895">
				<ele>1672.000000</ele>
			</trkpt>
			<trkpt lat="46.637135" lon="12.756921">
				<ele>1671.000000</ele>
			</trkpt>
			<trkpt lat="46.637129" lon="12.756958">
				<ele>1670.000000</ele>
			</trkpt>
			<trkpt lat="46.637129" lon="12.756994">
				<ele>1670.000000</ele>
			</trkpt>
			<trkpt lat="46.637122" lon="12.757021">
				<ele>1669.000000</ele>
			</trkpt>
			<trkpt lat="46.637116" lon="12.757047">
				<ele>1669.000000</ele>
			</trkpt>
			<trkpt lat="46.637116" lon="12.757084">
				<ele>1669.000000</ele>
			</trkpt>
			<trkpt lat="46.637110" lon="12.757118">
				<ele>1668.000000</ele>
			</trkpt>
			<trkpt lat="46.637110" lon="12.757155">
				<ele>1667.000000</ele>
			</trkpt>
			<trkpt lat="46.637104" lon="12.757182">
				<ele>1667.000000</ele>
			</trkpt>
			<trkpt lat="46.637104" lon="12.757200">
				<ele>1667.000000</ele>
			</trkpt>
			<trkpt lat="46.637110" lon="12.757245">
				<ele>1666.000000</ele>
			</trkpt>
			<trkpt lat="46.637116" lon="12.757344">
				<ele>1665.000000</ele>
			</trkpt>
			<trkpt lat="46.637147" lon="12.757361">
				<ele>1664.000000</ele>
			</trkpt>
			<trkpt lat="46.637165" lon="12.757388">
				<ele>1663.000000</ele>
			</trkpt>
			<trkpt lat="46.637171" lon="12.757460">
				<ele>1662.000000</ele>
			</trkpt>
			<trkpt lat="46.637141" lon="12.757505">
				<ele>1661.000000</ele>
			</trkpt>
			<trkpt lat="46.637122" lon="12.757560">
				<ele>1661.000000</ele>
			</trkpt>
			<trkpt lat="46.637116" lon="12.757587">
				<ele>1660.000000</ele>
			</trkpt>
			<trkpt lat="46.637129" lon="12.757631">
				<ele>1659.000000</ele>
			</trkpt>
			<trkpt lat="46.637141" lon="12.757658">
				<ele>1659.000000</ele>
			</trkpt>
			<trkpt lat="46.637153" lon="12.757694">
				<ele>1658.000000</ele>
			</trkpt>
			<trkpt lat="46.637171" lon="12.757766">
				<ele>1656.000000</ele>
			</trkpt>
			<trkpt lat="46.637177" lon="12.757856">
				<ele>1654.000000</ele>
			</trkpt>
			<trkpt lat="46.637202" lon="12.757919">
				<ele>1653.000000</ele>
			</trkpt>
			<trkpt lat="46.637214" lon="12.758036">
				<ele>1651.000000</ele>
			</trkpt>
			<trkpt lat="46.637221" lon="12.758099">
				<ele>1650.000000</ele>
			</trkpt>
			<trkpt lat="46.637227" lon="12.758152">
				<ele>1649.000000</ele>
			</trkpt>
			<trkpt lat="46.637252" lon="12.758224">
				<ele>1648.000000</ele>
			</trkpt>
			<trkpt lat="46.637276" lon="12.758287">
				<ele>1647.000000</ele>
			</trkpt>
			<trkpt lat="46.637295" lon="12.758323">
				<ele>1646.000000</ele>
			</trkpt>
			<trkpt lat="46.637307" lon="12.758359">
				<ele>1645.000000</ele>
			</trkpt>
			<trkpt lat="46.637320" lon="12.758403">
				<ele>1645.000000</ele>
			</trkpt>
			<trkpt lat="46.637393" lon="12.758529">
				<ele>1642.000000</ele>
			</trkpt>
			<trkpt lat="46.637418" lon="12.758575">
				<ele>1641.000000</ele>
			</trkpt>
			<trkpt lat="46.637449" lon="12.758629">
				<ele>1640.000000</ele>
			</trkpt>
			<trkpt lat="46.637474" lon="12.758665">
				<ele>1640.000000</ele>
			</trkpt>
			<trkpt lat="46.637498" lon="12.758726">
				<ele>1638.000000</ele>
			</trkpt>
			<trkpt lat="46.637505" lon="12.758826">
				<ele>1636.000000</ele>
			</trkpt>
			<trkpt lat="46.637505" lon="12.758933">
				<ele>1634.000000</ele>
			</trkpt>
			<trkpt lat="46.637492" lon="12.759005">
				<ele>1633.000000</ele>
			</trkpt>
			<trkpt lat="46.637467" lon="12.759051">
				<ele>1632.000000</ele>
			</trkpt>
			<trkpt lat="46.637449" lon="12.759086">
				<ele>1631.000000</ele>
			</trkpt>
			<trkpt lat="46.637430" lon="12.759131">
				<ele>1630.000000</ele>
			</trkpt>
			<trkpt lat="46.637412" lon="12.759158">
				<ele>1630.000000</ele>
			</trkpt>
			<trkpt lat="46.637399" lon="12.759195">
				<ele>1629.000000</ele>
			</trkpt>
			<trkpt lat="46.637363" lon="12.759248">
				<ele>1628.000000</ele>
			</trkpt>
			<trkpt lat="46.637338" lon="12.759302">
				<ele>1627.000000</ele>
			</trkpt>
			<trkpt lat="46.637332" lon="12.759329">
				<ele>1627.000000</ele>
			</trkpt>
			<trkpt lat="46.637295" lon="12.759410">
				<ele>1626.000000</ele>
			</trkpt>
			<trkpt lat="46.637270" lon="12.759455">
				<ele>1625.000000</ele>
			</trkpt>
			<trkpt lat="46.637258" lon="12.759482">
				<ele>1625.000000</ele>
			</trkpt>
			<trkpt lat="46.637239" lon="12.759499">
				<ele>1624.000000</ele>
			</trkpt>
			<trkpt lat="46.637214" lon="12.759571">
				<ele>1623.000000</ele>
			</trkpt>
			<trkpt lat="46.637190" lon="12.759652">
				<ele>1622.000000</ele>
			</trkpt>
			<trkpt lat="46.637171" lon="12.759715">
				<ele>1621.000000</ele>
			</trkpt>
			<trkpt lat="46.637159" lon="12.759769">
				<ele>1621.000000</ele>
			</trkpt>
			<trkpt lat="46.637135" lon="12.759805">
				<ele>1620.000000</ele>
			</trkpt>
			<trkpt lat="46.637122" lon="12.759877">
				<ele>1620.000000</ele>
			</trkpt>
			<trkpt lat="46.637129" lon="12.759976">
				<ele>1619.000000</ele>
			</trkpt>
			<trkpt lat="46.637147" lon="12.760030">
				<ele>1619.000000</ele>
			</trkpt>
			<trkpt lat="46.637171" lon="12.760093">
				<ele>1618.000000</ele>
			</trkpt>
			<trkpt lat="46.637177" lon="12.760155">
				<ele>1618.000000</ele>
			</trkpt>
			<trkpt lat="46.637196" lon="12.760210">
				<ele>1617.000000</ele>
			</trkpt>
			<trkpt lat="46.637221" lon="12.760300">
				<ele>1617.000000</ele>
			</trkpt>
			<trkpt lat="46.637239" lon="12.760363">
				<ele>1616.000000</ele>
			</trkpt>
			<trkpt lat="46.637245" lon="12.760416">
				<ele>1616.000000</ele>
			</trkpt>
			<trkpt lat="46.637245" lon="12.760470">
				<ele>1616.000000</ele>
			</trkpt>
			<trkpt lat="46.637239" lon="12.760514">
				<ele>1615.000000</ele>
			</trkpt>
			<trkpt lat="46.637233" lon="12.760596">
				<ele>1615.000000</ele>
			</trkpt>
			<trkpt lat="46.637221" lon="12.760640">
				<ele>1615.000000</ele>
			</trkpt>
			<trkpt lat="46.637221" lon="12.760676">
				<ele>1614.000000</ele>
			</trkpt>
			<trkpt lat="46.637202" lon="12.760694">
				<ele>1614.000000</ele>
			</trkpt>
			<trkpt lat="46.637202" lon="12.760721">
				<ele>1614.000000</ele>
			</trkpt>
			<trkpt lat="46.637196" lon="12.760776">
				<ele>1614.000000</ele>
			</trkpt>
			<trkpt lat="46.637202" lon="12.760784">
				<ele>1614.000000</ele>
			</trkpt>
			<trkpt lat="46.637208" lon="12.760811">
				<ele>1613.000000</ele>
			</trkpt>
			<trkpt lat="46.637202" lon="12.760900">
				<ele>1613.000000</ele>
			</trkpt>
			<trkpt lat="46.637227" lon="12.761009">
				<ele>1612.000000</ele>
			</trkpt>
			<trkpt lat="46.637245" lon="12.761107">
				<ele>1612.000000</ele>
			</trkpt>
			<trkpt lat="46.637245" lon="12.761135">
				<ele>1611.000000</ele>
			</trkpt>
			<trkpt lat="46.637245" lon="12.761197">
				<ele>1611.000000</ele>
			</trkpt>
			<trkpt lat="46.637239" lon="12.761242">
				<ele>1611.000000</ele>
			</trkpt>
			<trkpt lat="46.637233" lon="12.761287">
				<ele>1610.000000</ele>
			</trkpt>
			<trkpt lat="46.637190" lon="12.761405">
				<ele>1610.000000</ele>
			</trkpt>
			<trkpt lat="46.637165" lon="12.761476">
				<ele>1610.000000</ele>
			</trkpt>
			<trkpt lat="46.637147" lon="12.761539">
				<ele>1609.000000</ele>
			</trkpt>
			<trkpt lat="46.637135" lon="12.761602">
				<ele>1609.000000</ele>
			</trkpt>
			<trkpt lat="46.637116" lon="12.761682">
				<ele>1609.000000</ele>
			</trkpt>
			<trkpt lat="46.637110" lon="12.761736">
				<ele>1609.000000</ele>
			</trkpt>
			<trkpt lat="46.637085" lon="12.761799">
				<ele>1608.000000</ele>
			</trkpt>
			<trkpt lat="46.637067" lon="12.761871">
				<ele>1608.000000</ele>
			</trkpt>
			<trkpt lat="46.637048" lon="12.761961">
				<ele>1608.000000</ele>
			</trkpt>
			<trkpt lat="46.637048" lon="12.762024">
				<ele>1608.000000</ele>
			</trkpt>
			<trkpt lat="46.637042" lon="12.762105">
				<ele>1607.000000</ele>
			</trkpt>
			<trkpt lat="46.637042" lon="12.762221">
				<ele>1607.000000</ele>
			</trkpt>
			<trkpt lat="46.637048" lon="12.762248">
				<ele>1607.000000</ele>
			</trkpt>
			<trkpt lat="46.637048" lon="12.762311">
				<ele>1607.000000</ele>
			</trkpt>
			<trkpt lat="46.637054" lon="12.762392">
				<ele>1606.000000</ele>
			</trkpt>
			<trkpt lat="46.637054" lon="12.762419">
				<ele>1606.000000</ele>
			</trkpt>
			<trkpt lat="46.637073" lon="12.762464">
				<ele>1606.000000</ele>
			</trkpt>
			<trkpt lat="46.637116" lon="12.762598">
				<ele>1606.000000</ele>
			</trkpt>
			<trkpt lat="46.637147" lon="12.762688">
				<ele>1605.000000</ele>
			</trkpt>
			<trkpt lat="46.637171" lon="12.762743">
				<ele>1605.000000</ele>
			</trkpt>
			<trkpt lat="46.637184" lon="12.762770">
				<ele>1605.000000</ele>
			</trkpt>
			<trkpt lat="46.637196" lon="12.762787">
				<ele>1605.000000</ele>
			</trkpt>
			<trkpt lat="46.637208" lon="12.762824">
				<ele>1605.000000</ele>
			</trkpt>
			<trkpt lat="46.637208" lon="12.762860">
				<ele>1605.000000</ele>
			</trkpt>
			<trkpt lat="46.637221" lon="12.762887">
				<ele>1605.000000</ele>
			</trkpt>
			<trkpt lat="46.637227" lon="12.762913">
				<ele>1604.000000</ele>
			</trkpt>
			<trkpt lat="46.637239" lon="12.762958">
				<ele>1604.000000</ele>
			</trkpt>
			<trkpt lat="46.637239" lon="12.762994">
				<ele>1604.000000</ele>
			</trkpt>
			<trkpt lat="46.637245" lon="12.763057">
				<ele>1604.000000</ele>
			</trkpt>
			<trkpt lat="46.637252" lon="12.763129">
				<ele>1604.000000</ele>
			</trkpt>
			<trkpt lat="46.637252" lon="12.763192">
				<ele>1604.000000</ele>
			</trkpt>
			<trkpt lat="46.637245" lon="12.763246">
				<ele>1603.000000</ele>
			</trkpt>
			<trkpt lat="46.637245" lon="12.763317">
				<ele>1603.000000</ele>
			</trkpt>
			<trkpt lat="46.637245" lon="12.763380">
				<ele>1603.000000</ele>
			</trkpt>
			<trkpt lat="46.637252" lon="12.763416">
				<ele>1603.000000</ele>
			</trkpt>
			<trkpt lat="46.637245" lon="12.763443">
				<ele>1603.000000</ele>
			</trkpt>
			<trkpt lat="46.637245" lon="12.763470">
				<ele>1603.000000</ele>
			</trkpt>
			<trkpt lat="46.637245" lon="12.763506">
				<ele>1603.000000</ele>
			</trkpt>
			<trkpt lat="46.637245" lon="12.763542">
				<ele>1602.000000</ele>
			</trkpt>
			<trkpt lat="46.637270" lon="12.763668">
				<ele>1602.000000</ele>
			</trkpt>
			<trkpt lat="46.637276" lon="12.763803">
				<ele>1602.000000</ele>
			</trkpt>
			<trkpt lat="46.637276" lon="12.763919">
				<ele>1601.000000</ele>
			</trkpt>
			<trkpt lat="46.637270" lon="12.763965">
				<ele>1601.000000</ele>
			</trkpt>
			<trkpt lat="46.637264" lon="12.763992">
				<ele>1601.000000</ele>
			</trkpt>
			<trkpt lat="46.637227" lon="12.764063">
				<ele>1601.000000</ele>
			</trkpt>
			<trkpt lat="46.637208" lon="12.764116">
				<ele>1600.000000</ele>
			</trkpt>
			<trkpt lat="46.637202" lon="12.764162">
				<ele>1600.000000</ele>
			</trkpt>
			<trkpt lat="46.637196" lon="12.764225">
				<ele>1600.000000</ele>
			</trkpt>
			<trkpt lat="46.637171" lon="12.764296">
				<ele>1600.000000</ele>
			</trkpt>
			<trkpt lat="46.637147" lon="12.764369">
				<ele>1599.000000</ele>
			</trkpt>
			<trkpt lat="46.637141" lon="12.764432">
				<ele>1599.000000</ele>
			</trkpt>
			<trkpt lat="46.637122" lon="12.764485">
				<ele>1598.000000</ele>
			</trkpt>
			<trkpt lat="46.637104" lon="12.764521">
				<ele>1598.000000</ele>
			</trkpt>
			<trkpt lat="46.637085" lon="12.764592">
				<ele>1598.000000</ele>
			</trkpt>
			<trkpt lat="46.637073" lon="12.764647">
				<ele>1597.000000</ele>
			</trkpt>
			<trkpt lat="46.637048" lon="12.764719">
				<ele>1597.000000</ele>
			</trkpt>
			<trkpt lat="46.637029" lon="12.764818">
				<ele>1596.000000</ele>
			</trkpt>
			<trkpt lat="46.637005" lon="12.764898">
				<ele>1596.000000</ele>
			</trkpt>
			<trkpt lat="46.636998" lon="12.764925">
				<ele>1596.000000</ele>
			</trkpt>
			<trkpt lat="46.636998" lon="12.765069">
				<ele>1595.000000</ele>
			</trkpt>
			<trkpt lat="46.636980" lon="12.765105">
				<ele>1595.000000</ele>
			</trkpt>
			<trkpt lat="46.636974" lon="12.765158">
				<ele>1594.000000</ele>
			</trkpt>
			<trkpt lat="46.636986" lon="12.765213">
				<ele>1594.000000</ele>
			</trkpt>
			<trkpt lat="46.636974" lon="12.765338">
				<ele>1593.000000</ele>
			</trkpt>
			<trkpt lat="46.636992" lon="12.765428">
				<ele>1593.000000</ele>
			</trkpt>
			<trkpt lat="46.637005" lon="12.765474">
				<ele>1592.000000</ele>
			</trkpt>
			<trkpt lat="46.637011" lon="12.765518">
				<ele>1592.000000</ele>
			</trkpt>
			<trkpt lat="46.637036" lon="12.765554">
				<ele>1592.000000</ele>
			</trkpt>
			<trkpt lat="46.637054" lon="12.765581">
				<ele>1592.000000</ele>
			</trkpt>
			<trkpt lat="46.637085" lon="12.765644">
				<ele>1591.000000</ele>
			</trkpt>
			<trkpt lat="46.637091" lon="12.765671">
				<ele>1591.000000</ele>
			</trkpt>
			<trkpt lat="46.637085" lon="12.765724">
				<ele>1591.000000</ele>
			</trkpt>
			<trkpt lat="46.637079" lon="12.765761">
				<ele>1590.000000</ele>
			</trkpt>
			<trkpt lat="46.637029" lon="12.765824">
				<ele>1590.000000</ele>
			</trkpt>
			<trkpt lat="46.637005" lon="12.765850">
				<ele>1589.000000</ele>
			</trkpt>
			<trkpt lat="46.636986" lon="12.765869">
				<ele>1589.000000</ele>
			</trkpt>
			<trkpt lat="46.636962" lon="12.765904">
				<ele>1588.000000</ele>
			</trkpt>
			<trkpt lat="46.636931" lon="12.765931">
				<ele>1587.000000</ele>
			</trkpt>
			<trkpt lat="46.636919" lon="12.765986">
				<ele>1587.000000</ele>
			</trkpt>
			<trkpt lat="46.636906" lon="12.766013">
				<ele>1586.000000</ele>
			</trkpt>
			<trkpt lat="46.636900" lon="12.766049">
				<ele>1586.000000</ele>
			</trkpt>
			<trkpt lat="46.636888" lon="12.766076">
				<ele>1585.000000</ele>
			</trkpt>
			<trkpt lat="46.636888" lon="12.766103">
				<ele>1585.000000</ele>
			</trkpt>
			<trkpt lat="46.636882" lon="12.766139">
				<ele>1585.000000</ele>
			</trkpt>
			<trkpt lat="46.636882" lon="12.766174">
				<ele>1584.000000</ele>
			</trkpt>
			<trkpt lat="46.636875" lon="12.766200">
				<ele>1584.000000</ele>
			</trkpt>
			<trkpt lat="46.636869" lon="12.766237">
				<ele>1583.000000</ele>
			</trkpt>
			<trkpt lat="46.636863" lon="12.766263">
				<ele>1583.000000</ele>
			</trkpt>
			<trkpt lat="46.636857" lon="12.766300">
				<ele>1583.000000</ele>
			</trkpt>
			<trkpt lat="46.636857" lon="12.766336">
				<ele>1582.000000</ele>
			</trkpt>
			<trkpt lat="46.636857" lon="12.766372">
				<ele>1582.000000</ele>
			</trkpt>
			<trkpt lat="46.636863" lon="12.766408">
				<ele>1581.000000</ele>
			</trkpt>
			<trkpt lat="46.636863" lon="12.766443">
				<ele>1581.000000</ele>
			</trkpt>
			<trkpt lat="46.636875" lon="12.766479">
				<ele>1580.000000</ele>
			</trkpt>
			<trkpt lat="46.636882" lon="12.766525">
				<ele>1580.000000</ele>
			</trkpt>
			<trkpt lat="46.636875" lon="12.766552">
				<ele>1580.000000</ele>
			</trkpt>
			<trkpt lat="46.636875" lon="12.766579">
				<ele>1579.000000</ele>
			</trkpt>
			<trkpt lat="46.636875" lon="12.766686">
				<ele>1579.000000</ele>
			</trkpt>
			<trkpt lat="46.636882" lon="12.766722">
				<ele>1578.000000</ele>
			</trkpt>
			<trkpt lat="46.636943" lon="12.766892">
				<ele>1577.000000</ele>
			</trkpt>
			<trkpt lat="46.636956" lon="12.767001">
				<ele>1576.000000</ele>
			</trkpt>
			<trkpt lat="46.636949" lon="12.767145">
				<ele>1575.000000</ele>
			</trkpt>
			<trkpt lat="46.636998" lon="12.767351">
				<ele>1574.000000</ele>
			</trkpt>
			<trkpt lat="46.637005" lon="12.767441">
				<ele>1573.000000</ele>
			</trkpt>
			<trkpt lat="46.637011" lon="12.767495">
				<ele>1572.000000</ele>
			</trkpt>
			<trkpt lat="46.637005" lon="12.767575">
				<ele>1572.000000</ele>
			</trkpt>
			<trkpt lat="46.637023" lon="12.767629">
				<ele>1571.000000</ele>
			</trkpt>
			<trkpt lat="46.637029" lon="12.767719">
				<ele>1571.000000</ele>
			</trkpt>
			<trkpt lat="46.637036" lon="12.767782">
				<ele>1570.000000</ele>
			</trkpt>
			<trkpt lat="46.637017" lon="12.767837">
				<ele>1570.000000</ele>
			</trkpt>
			<trkpt lat="46.636998" lon="12.767961">
				<ele>1570.000000</ele>
			</trkpt>
			<trkpt lat="46.636937" lon="12.768403">
				<ele>1570.000000</ele>
			</trkpt>
			<trkpt lat="46.636931" lon="12.768636">
				<ele>1570.000000</ele>
			</trkpt>
			<trkpt lat="46.636764" lon="12.768932">
				<ele>1570.000000</ele>
			</trkpt>
			<trkpt lat="46.636524" lon="12.769147">
				<ele>1570.000000</ele>
			</trkpt>
			<trkpt lat="46.636499" lon="12.769292">
				<ele>1570.000000</ele>
			</trkpt>
			<trkpt lat="46.636450" lon="12.769390">
				<ele>1570.000000</ele>
			</trkpt>
			<trkpt lat="46.636406" lon="12.769534">
				<ele>1570.000000</ele>
			</trkpt>
			<trkpt lat="46.636363" lon="12.769624">
				<ele>1570.000000</ele>
			</trkpt>
			<trkpt lat="46.636296" lon="12.769776">
				<ele>1570.000000</ele>
			</trkpt>
			<trkpt lat="46.636246" lon="12.769982">
				<ele>1570.000000</ele>
			</trkpt>
			<trkpt lat="46.636234" lon="12.770208">
				<ele>1570.000000</ele>
			</trkpt>
			<trkpt lat="46.636209" lon="12.770342">
				<ele>1570.000000</ele>
			</trkpt>
			<trkpt lat="46.636234" lon="12.770477">
				<ele>1570.000000</ele>
			</trkpt>
			<trkpt lat="46.636234" lon="12.770567">
				<ele>1570.000000</ele>
			</trkpt>
			<trkpt lat="46.636172" lon="12.770900">
				<ele>1570.000000</ele>
			</trkpt>
			<trkpt lat="46.636215" lon="12.771250">
				<ele>1570.000000</ele>
			</trkpt>
			<trkpt lat="46.636197" lon="12.771645">
				<ele>1570.000000</ele>
			</trkpt>
			<trkpt lat="46.636197" lon="12.771816">
				<ele>1570.000000</ele>
			</trkpt>
			<trkpt lat="46.636197" lon="12.772049">
				<ele>1570.000000</ele>
			</trkpt>
			<trkpt lat="46.636184" lon="12.772336">
				<ele>1570.000000</ele>
			</trkpt>
			<trkpt lat="46.636147" lon="12.772399">
				<ele>1570.000000</ele>
			</trkpt>
			<trkpt lat="46.636154" lon="12.772598">
				<ele>1568.000000</ele>
			</trkpt>
			<trkpt lat="46.636129" lon="12.772678">
				<ele>1568.000000</ele>
			</trkpt>
			<trkpt lat="46.636030" lon="12.773064">
				<ele>1566.000000</ele>
			</trkpt>
			<trkpt lat="46.636043" lon="12.773351">
				<ele>1564.000000</ele>
			</trkpt>
			<trkpt lat="46.635968" lon="12.773854">
				<ele>1561.000000</ele>
			</trkpt>
			<trkpt lat="46.635932" lon="12.774026">
				<ele>1560.000000</ele>
			</trkpt>
			<trkpt lat="46.635882" lon="12.774142">
				<ele>1559.000000</ele>
			</trkpt>
			<trkpt lat="46.635833" lon="12.774303">
				<ele>1557.000000</ele>
			</trkpt>
			<trkpt lat="46.635740" lon="12.774502">
				<ele>1554.000000</ele>
			</trkpt>
			<trkpt lat="46.635654" lon="12.774627">
				<ele>1552.000000</ele>
			</trkpt>
			<trkpt lat="46.635592" lon="12.774708">
				<ele>1551.000000</ele>
			</trkpt>
			<trkpt lat="46.635555" lon="12.774753">
				<ele>1550.000000</ele>
			</trkpt>
			<trkpt lat="46.635500" lon="12.774789">
				<ele>1549.000000</ele>
			</trkpt>
			<trkpt lat="46.635463" lon="12.774869">
				<ele>1548.000000</ele>
			</trkpt>
			<trkpt lat="46.635420" lon="12.774951">
				<ele>1547.000000</ele>
			</trkpt>
			<trkpt lat="46.635401" lon="12.775068">
				<ele>1546.000000</ele>
			</trkpt>
			<trkpt lat="46.635364" lon="12.775265">
				<ele>1544.000000</ele>
			</trkpt>
			<trkpt lat="46.635272" lon="12.775508">
				<ele>1542.000000</ele>
			</trkpt>
			<trkpt lat="46.635266" lon="12.775651">
				<ele>1540.000000</ele>
			</trkpt>
			<trkpt lat="46.635142" lon="12.775804">
				<ele>1539.000000</ele>
			</trkpt>
			<trkpt lat="46.635111" lon="12.775840">
				<ele>1538.000000</ele>
			</trkpt>
			<trkpt lat="46.635056" lon="12.775903">
				<ele>1537.000000</ele>
			</trkpt>
			<trkpt lat="46.635006" lon="12.775984">
				<ele>1537.000000</ele>
			</trkpt>
			<trkpt lat="46.634926" lon="12.776190">
				<ele>1535.000000</ele>
			</trkpt>
			<trkpt lat="46.634951" lon="12.776477">
				<ele>1533.000000</ele>
			</trkpt>
			<trkpt lat="46.634945" lon="12.776540">
				<ele>1533.000000</ele>
			</trkpt>
			<trkpt lat="46.634981" lon="12.776766">
				<ele>1531.000000</ele>
			</trkpt>
			<trkpt lat="46.634890" lon="12.776837">
				<ele>1530.000000</ele>
			</trkpt>
			<trkpt lat="46.634759" lon="12.777008">
				<ele>1530.000000</ele>
			</trkpt>
			<trkpt lat="46.634735" lon="12.777098">
				<ele>1530.000000</ele>
			</trkpt>
			<trkpt lat="46.634778" lon="12.777152">
				<ele>1530.000000</ele>
			</trkpt>
			<trkpt lat="46.634704" lon="12.777242">
				<ele>1530.000000</ele>
			</trkpt>
			<trkpt lat="46.634519" lon="12.777529">
				<ele>1530.000000</ele>
			</trkpt>
			<trkpt lat="46.634464" lon="12.777699">
				<ele>1530.000000</ele>
			</trkpt>
			<trkpt lat="46.634464" lon="12.778058">
				<ele>1530.000000</ele>
			</trkpt>
			<trkpt lat="46.634352" lon="12.778221">
				<ele>1530.000000</ele>
			</trkpt>
			<trkpt lat="46.634328" lon="12.778347">
				<ele>1530.000000</ele>
			</trkpt>
			<trkpt lat="46.634334" lon="12.778831">
				<ele>1530.000000</ele>
			</trkpt>
			<trkpt lat="46.634303" lon="12.779101">
				<ele>1530.000000</ele>
			</trkpt>
			<trkpt lat="46.634124" lon="12.779406">
				<ele>1530.000000</ele>
			</trkpt>
			<trkpt lat="46.633717" lon="12.780242">
				<ele>1535.000000</ele>
			</trkpt>
			<trkpt lat="46.633650" lon="12.780439">
				<ele>1536.000000</ele>
			</trkpt>
			<trkpt lat="46.633465" lon="12.780655">
				<ele>1538.000000</ele>
			</trkpt>
			<trkpt lat="46.633465" lon="12.780691">
				<ele>1539.000000</ele>
			</trkpt>
			<trkpt lat="46.633458" lon="12.780735">
				<ele>1539.000000</ele>
			</trkpt>
			<trkpt lat="46.633218" lon="12.781158">
				<ele>1540.000000</ele>
			</trkpt>
			<trkpt lat="46.633211" lon="12.781517">
				<ele>1540.000000</ele>
			</trkpt>
			<trkpt lat="46.633310" lon="12.782030">
				<ele>1540.000000</ele>
			</trkpt>
			<trkpt lat="46.633298" lon="12.782110">
				<ele>1540.000000</ele>
			</trkpt>
			<trkpt lat="46.633101" lon="12.782146">
				<ele>1540.000000</ele>
			</trkpt>
			<trkpt lat="46.632879" lon="12.782129">
				<ele>1538.000000</ele>
			</trkpt>
			<trkpt lat="46.632292" lon="12.782030">
				<ele>1533.000000</ele>
			</trkpt>
			<trkpt lat="46.632071" lon="12.782227">
				<ele>1531.000000</ele>
			</trkpt>
			<trkpt lat="46.631934" lon="12.782416">
				<ele>1530.000000</ele>
			</trkpt>
			<trkpt lat="46.631898" lon="12.782695">
				<ele>1530.000000</ele>
			</trkpt>
			<trkpt lat="46.631892" lon="12.782982">
				<ele>1530.000000</ele>
			</trkpt>
			<trkpt lat="46.631940" lon="12.783081">
				<ele>1530.000000</ele>
			</trkpt>
			<trkpt lat="46.631971" lon="12.783269">
				<ele>1530.000000</ele>
			</trkpt>
			<trkpt lat="46.631848" lon="12.783341">
				<ele>1530.000000</ele>
			</trkpt>
			<trkpt lat="46.631385" lon="12.783440">
				<ele>1530.000000</ele>
			</trkpt>
			<trkpt lat="46.631318" lon="12.783494">
				<ele>1530.000000</ele>
			</trkpt>
			<trkpt lat="46.631059" lon="12.783511">
				<ele>1531.000000</ele>
			</trkpt>
			<trkpt lat="46.630978" lon="12.783448">
				<ele>1533.000000</ele>
			</trkpt>
			<trkpt lat="46.630953" lon="12.783422">
				<ele>1534.000000</ele>
			</trkpt>
			<trkpt lat="46.630929" lon="12.783422">
				<ele>1535.000000</ele>
			</trkpt>
			<trkpt lat="46.630910" lon="12.783440">
				<ele>1535.000000</ele>
			</trkpt>
			<trkpt lat="46.630904" lon="12.783467">
				<ele>1536.000000</ele>
			</trkpt>
			<trkpt lat="46.630880" lon="12.783584">
				<ele>1538.000000</ele>
			</trkpt>
			<trkpt lat="46.630793" lon="12.783664">
				<ele>1540.000000</ele>
			</trkpt>
			<trkpt lat="46.630565" lon="12.783655">
				<ele>1544.000000</ele>
			</trkpt>
			<trkpt lat="46.630553" lon="12.783655">
				<ele>1544.000000</ele>
			</trkpt>
			<trkpt lat="46.630485" lon="12.783709">
				<ele>1545.000000</ele>
			</trkpt>
			<trkpt lat="46.630189" lon="12.783790">
				<ele>1550.000000</ele>
			</trkpt>
			<trkpt lat="46.630139" lon="12.783835">
				<ele>1551.000000</ele>
			</trkpt>
			<trkpt lat="46.630109" lon="12.783943">
				<ele>1552.000000</ele>
			</trkpt>
			<trkpt lat="46.630047" lon="12.784087">
				<ele>1553.000000</ele>
			</trkpt>
			<trkpt lat="46.630004" lon="12.784203">
				<ele>1554.000000</ele>
			</trkpt>
			<trkpt lat="46.629991" lon="12.784257">
				<ele>1555.000000</ele>
			</trkpt>
			<trkpt lat="46.629973" lon="12.784320">
				<ele>1555.000000</ele>
			</trkpt>
			<trkpt lat="46.629954" lon="12.784454">
				<ele>1557.000000</ele>
			</trkpt>
			<trkpt lat="46.629948" lon="12.784500">
				<ele>1557.000000</ele>
			</trkpt>
			<trkpt lat="46.629942" lon="12.784580">
				<ele>1558.000000</ele>
			</trkpt>
			<trkpt lat="46.629954" lon="12.784689">
				<ele>1559.000000</ele>
			</trkpt>
			<trkpt lat="46.629954" lon="12.784814">
				<ele>1560.000000</ele>
			</trkpt>
			<trkpt lat="46.629942" lon="12.784922">
				<ele>1561.000000</ele>
			</trkpt>
			<trkpt lat="46.629954" lon="12.785030">
				<ele>1562.000000</ele>
			</trkpt>
			<trkpt lat="46.629954" lon="12.785119">
				<ele>1563.000000</ele>
			</trkpt>
			<trkpt lat="46.629954" lon="12.785165">
				<ele>1563.000000</ele>
			</trkpt>
			<trkpt lat="46.629929" lon="12.785282">
				<ele>1565.000000</ele>
			</trkpt>
			<trkpt lat="46.629887" lon="12.785389">
				<ele>1566.000000</ele>
			</trkpt>
			<trkpt lat="46.629856" lon="12.785469">
				<ele>1567.000000</ele>
			</trkpt>
			<trkpt lat="46.629844" lon="12.785532">
				<ele>1568.000000</ele>
			</trkpt>
			<trkpt lat="46.629800" lon="12.785632">
				<ele>1569.000000</ele>
			</trkpt>
			<trkpt lat="46.629769" lon="12.785739">
				<ele>1570.000000</ele>
			</trkpt>
			<trkpt lat="46.629738" lon="12.785865">
				<ele>1572.000000</ele>
			</trkpt>
			<trkpt lat="46.629714" lon="12.785972">
				<ele>1574.000000</ele>
			</trkpt>
			<trkpt lat="46.629689" lon="12.786081">
				<ele>1575.000000</ele>
			</trkpt>
			<trkpt lat="46.629659" lon="12.786215">
				<ele>1577.000000</ele>
			</trkpt>
			<trkpt lat="46.629652" lon="12.786324">
				<ele>1578.000000</ele>
			</trkpt>
			<trkpt lat="46.629659" lon="12.786359">
				<ele>1579.000000</ele>
			</trkpt>
			<trkpt lat="46.629659" lon="12.786414">
				<ele>1580.000000</ele>
			</trkpt>
			<trkpt lat="46.629665" lon="12.786431">
				<ele>1580.000000</ele>
			</trkpt>
			<trkpt lat="46.629671" lon="12.786477">
				<ele>1580.000000</ele>
			</trkpt>
			<trkpt lat="46.629652" lon="12.786548">
				<ele>1581.000000</ele>
			</trkpt>
			<trkpt lat="46.629646" lon="12.786566">
				<ele>1581.000000</ele>
			</trkpt>
			<trkpt lat="46.629578" lon="12.786647">
				<ele>1582.000000</ele>
			</trkpt>
			<trkpt lat="46.629516" lon="12.786746">
				<ele>1584.000000</ele>
			</trkpt>
			<trkpt lat="46.629510" lon="12.786808">
				<ele>1584.000000</ele>
			</trkpt>
			<trkpt lat="46.629504" lon="12.786880">
				<ele>1585.000000</ele>
			</trkpt>
			<trkpt lat="46.629504" lon="12.787006">
				<ele>1586.000000</ele>
			</trkpt>
			<trkpt lat="46.629510" lon="12.787123">
				<ele>1587.000000</ele>
			</trkpt>
			<trkpt lat="46.629467" lon="12.787230">
				<ele>1588.000000</ele>
			</trkpt>
			<trkpt lat="46.629331" lon="12.787330">
				<ele>1590.000000</ele>
			</trkpt>
			<trkpt lat="46.629325" lon="12.787339">
				<ele>1590.000000</ele>
			</trkpt>
			<trkpt lat="46.629325" lon="12.787456">
				<ele>1592.000000</ele>
			</trkpt>
			<trkpt lat="46.629350" lon="12.787509">
				<ele>1595.000000</ele>
			</trkpt>
			<trkpt lat="46.629368" lon="12.787572">
				<ele>1598.000000</ele>
			</trkpt>
			<trkpt lat="46.629387" lon="12.787626">
				<ele>1601.000000</ele>
			</trkpt>
			<trkpt lat="46.629387" lon="12.787680">
				<ele>1603.000000</ele>
			</trkpt>
			<trkpt lat="46.629368" lon="12.787779">
				<ele>1607.000000</ele>
			</trkpt>
			<trkpt lat="46.629362" lon="12.787896">
				<ele>1612.000000</ele>
			</trkpt>
			<trkpt lat="46.629393" lon="12.787985">
				<ele>1616.000000</ele>
			</trkpt>
			<trkpt lat="46.629412" lon="12.788048">
				<ele>1619.000000</ele>
			</trkpt>
			<trkpt lat="46.629449" lon="12.788119">
				<ele>1623.000000</ele>
			</trkpt>
			<trkpt lat="46.629449" lon="12.788165">
				<ele>1625.000000</ele>
			</trkpt>
			<trkpt lat="46.629443" lon="12.788209">
				<ele>1627.000000</ele>
			</trkpt>
			<trkpt lat="46.629424" lon="12.788318">
				<ele>1631.000000</ele>
			</trkpt>
			<trkpt lat="46.629430" lon="12.788372">
				<ele>1634.000000</ele>
			</trkpt>
			<trkpt lat="46.629436" lon="12.788443">
				<ele>1637.000000</ele>
			</trkpt>
			<trkpt lat="46.629443" lon="12.788488">
				<ele>1639.000000</ele>
			</trkpt>
			<trkpt lat="46.629467" lon="12.788551">
				<ele>1641.000000</ele>
			</trkpt>
			<trkpt lat="46.629498" lon="12.788622">
				<ele>1643.000000</ele>
			</trkpt>
			<trkpt lat="46.629535" lon="12.788677">
				<ele>1645.000000</ele>
			</trkpt>
			<trkpt lat="46.629566" lon="12.788722">
				<ele>1647.000000</ele>
			</trkpt>
			<trkpt lat="46.629578" lon="12.788740">
				<ele>1647.000000</ele>
			</trkpt>
			<trkpt lat="46.629584" lon="12.788785">
				<ele>1648.000000</ele>
			</trkpt>
			<trkpt lat="46.629559" lon="12.788830">
				<ele>1650.000000</ele>
			</trkpt>
			<trkpt lat="46.629528" lon="12.788884">
				<ele>1651.000000</ele>
			</trkpt>
			<trkpt lat="46.629486" lon="12.788955">
				<ele>1653.000000</ele>
			</trkpt>
			<trkpt lat="46.629455" lon="12.789027">
				<ele>1655.000000</ele>
			</trkpt>
			<trkpt lat="46.629424" lon="12.789135">
				<ele>1657.000000</ele>
			</trkpt>
			<trkpt lat="46.629381" lon="12.789251">
				<ele>1659.000000</ele>
			</trkpt>
			<trkpt lat="46.629343" lon="12.789440">
				<ele>1664.000000</ele>
			</trkpt>
			<trkpt lat="46.629337" lon="12.789494">
				<ele>1666.000000</ele>
			</trkpt>
			<trkpt lat="46.629356" lon="12.789557">
				<ele>1667.000000</ele>
			</trkpt>
			<trkpt lat="46.629387" lon="12.789603">
				<ele>1669.000000</ele>
			</trkpt>
			<trkpt lat="46.629399" lon="12.789664">
				<ele>1670.000000</ele>
			</trkpt>
			<trkpt lat="46.629381" lon="12.789719">
				<ele>1670.000000</ele>
			</trkpt>
			<trkpt lat="46.629356" lon="12.789817">
				<ele>1671.000000</ele>
			</trkpt>
			<trkpt lat="46.629337" lon="12.789926">
				<ele>1671.000000</ele>
			</trkpt>
			<trkpt lat="46.629325" lon="12.789997">
				<ele>1671.000000</ele>
			</trkpt>
			<trkpt lat="46.629294" lon="12.790106">
				<ele>1671.000000</ele>
			</trkpt>
			<trkpt lat="46.629258" lon="12.790213">
				<ele>1672.000000</ele>
			</trkpt>
			<trkpt lat="46.629227" lon="12.790320">
				<ele>1672.000000</ele>
			</trkpt>
			<trkpt lat="46.629171" lon="12.790446">
				<ele>1672.000000</ele>
			</trkpt>
			<trkpt lat="46.629134" lon="12.790519">
				<ele>1673.000000</ele>
			</trkpt>
			<trkpt lat="46.629085" lon="12.790563">
				<ele>1673.000000</ele>
			</trkpt>
			<trkpt lat="46.628986" lon="12.790645">
				<ele>1673.000000</ele>
			</trkpt>
			<trkpt lat="46.628893" lon="12.790716">
				<ele>1674.000000</ele>
			</trkpt>
			<trkpt lat="46.628918" lon="12.790859">
				<ele>1675.000000</ele>
			</trkpt>
			<trkpt lat="46.628906" lon="12.790949">
				<ele>1676.000000</ele>
			</trkpt>
			<trkpt lat="46.628875" lon="12.791111">
				<ele>1677.000000</ele>
			</trkpt>
			<trkpt lat="46.628850" lon="12.791255">
				<ele>1678.000000</ele>
			</trkpt>
			<trkpt lat="46.628819" lon="12.791417">
				<ele>1679.000000</ele>
			</trkpt>
			<trkpt lat="46.628813" lon="12.791570">
				<ele>1681.000000</ele>
			</trkpt>
			<trkpt lat="46.628788" lon="12.791731">
				<ele>1682.000000</ele>
			</trkpt>
			<trkpt lat="46.628788" lon="12.791848">
				<ele>1683.000000</ele>
			</trkpt>
			<trkpt lat="46.628782" lon="12.791964">
				<ele>1684.000000</ele>
			</trkpt>
			<trkpt lat="46.628770" lon="12.792054">
				<ele>1684.000000</ele>
			</trkpt>
			<trkpt lat="46.628745" lon="12.792100">
				<ele>1685.000000</ele>
			</trkpt>
			<trkpt lat="46.628733" lon="12.792136">
				<ele>1685.000000</ele>
			</trkpt>
			<trkpt lat="46.628733" lon="12.792180">
				<ele>1685.000000</ele>
			</trkpt>
			<trkpt lat="46.628702" lon="12.792253">
				<ele>1686.000000</ele>
			</trkpt>
			<trkpt lat="46.628720" lon="12.792360">
				<ele>1687.000000</ele>
			</trkpt>
			<trkpt lat="46.628708" lon="12.792423">
				<ele>1688.000000</ele>
			</trkpt>
			<trkpt lat="46.628708" lon="12.792620">
				<ele>1689.000000</ele>
			</trkpt>
			<trkpt lat="46.628690" lon="12.792746">
				<ele>1690.000000</ele>
			</trkpt>
			<trkpt lat="46.628690" lon="12.792819">
				<ele>1691.000000</ele>
			</trkpt>
			<trkpt lat="46.628720" lon="12.793259">
				<ele>1696.000000</ele>
			</trkpt>
			<trkpt lat="46.628720" lon="12.793348">
				<ele>1697.000000</ele>
			</trkpt>
			<trkpt lat="46.628733" lon="12.793446">
				<ele>1698.000000</ele>
			</trkpt>
			<trkpt lat="46.628764" lon="12.793528">
				<ele>1699.000000</ele>
			</trkpt>
			<trkpt lat="46.628801" lon="12.793609">
				<ele>1700.000000</ele>
			</trkpt>
			<trkpt lat="46.628844" lon="12.793752">
				<ele>1703.000000</ele>
			</trkpt>
			<trkpt lat="46.628881" lon="12.793815">
				<ele>1705.000000</ele>
			</trkpt>
			<trkpt lat="46.628912" lon="12.793851">
				<ele>1706.000000</ele>
			</trkpt>
			<trkpt lat="46.628936" lon="12.793941">
				<ele>1708.000000</ele>
			</trkpt>
			<trkpt lat="46.628961" lon="12.794067">
				<ele>1710.000000</ele>
			</trkpt>
			<trkpt lat="46.629011" lon="12.794138">
				<ele>1711.000000</ele>
			</trkpt>
			<trkpt lat="46.629066" lon="12.794175">
				<ele>1712.000000</ele>
			</trkpt>
			<trkpt lat="46.629085" lon="12.794175">
				<ele>1712.000000</ele>
			</trkpt>
			<trkpt lat="46.629097" lon="12.794192">
				<ele>1713.000000</ele>
			</trkpt>
			<trkpt lat="46.629103" lon="12.794228">
				<ele>1713.000000</ele>
			</trkpt>
			<trkpt lat="46.629091" lon="12.794264">
				<ele>1714.000000</ele>
			</trkpt>
			<trkpt lat="46.629054" lon="12.794381">
				<ele>1715.000000</ele>
			</trkpt>
			<trkpt lat="46.629035" lon="12.794454">
				<ele>1716.000000</ele>
			</trkpt>
			<trkpt lat="46.629017" lon="12.794633">
				<ele>1718.000000</ele>
			</trkpt>
			<trkpt lat="46.628967" lon="12.794758">
				<ele>1720.000000</ele>
			</trkpt>
			<trkpt lat="46.628973" lon="12.794813">
				<ele>1721.000000</ele>
			</trkpt>
			<trkpt lat="46.628986" lon="12.794893">
				<ele>1722.000000</ele>
			</trkpt>
			<trkpt lat="46.628998" lon="12.794964">
				<ele>1723.000000</ele>
			</trkpt>
			<trkpt lat="46.628992" lon="12.795019">
				<ele>1725.000000</ele>
			</trkpt>
			<trkpt lat="46.628942" lon="12.795163">
				<ele>1728.000000</ele>
			</trkpt>
			<trkpt lat="46.628961" lon="12.795253">
				<ele>1729.000000</ele>
			</trkpt>
			<trkpt lat="46.628967" lon="12.795316">
				<ele>1730.000000</ele>
			</trkpt>
			<trkpt lat="46.628980" lon="12.795396">
				<ele>1732.000000</ele>
			</trkpt>
			<trkpt lat="46.628967" lon="12.795504">
				<ele>1733.000000</ele>
			</trkpt>
			<trkpt lat="46.628949" lon="12.795585">
				<ele>1734.000000</ele>
			</trkpt>
			<trkpt lat="46.628936" lon="12.795656">
				<ele>1736.000000</ele>
			</trkpt>
			<trkpt lat="46.628912" lon="12.795765">
				<ele>1737.000000</ele>
			</trkpt>
			<trkpt lat="46.628881" lon="12.795846">
				<ele>1738.000000</ele>
			</trkpt>
			<trkpt lat="46.628863" lon="12.795926">
				<ele>1740.000000</ele>
			</trkpt>
			<trkpt lat="46.628869" lon="12.795980">
				<ele>1741.000000</ele>
			</trkpt>
			<trkpt lat="46.628869" lon="12.796043">
				<ele>1742.000000</ele>
			</trkpt>
			<trkpt lat="46.628881" lon="12.796115">
				<ele>1743.000000</ele>
			</trkpt>
			<trkpt lat="46.628893" lon="12.796133">
				<ele>1743.000000</ele>
			</trkpt>
			<trkpt lat="46.628899" lon="12.796151">
				<ele>1743.000000</ele>
			</trkpt>
			<trkpt lat="46.628893" lon="12.796169">
				<ele>1744.000000</ele>
			</trkpt>
			<trkpt lat="46.628881" lon="12.796214">
				<ele>1745.000000</ele>
			</trkpt>
			<trkpt lat="46.628875" lon="12.796222">
				<ele>1745.000000</ele>
			</trkpt>
			<trkpt lat="46.628850" lon="12.796232">
				<ele>1745.000000</ele>
			</trkpt>
			<trkpt lat="46.628819" lon="12.796295">
				<ele>1747.000000</ele>
			</trkpt>
			<trkpt lat="46.628826" lon="12.796394">
				<ele>1748.000000</ele>
			</trkpt>
			<trkpt lat="46.628887" lon="12.796492">
				<ele>1750.000000</ele>
			</trkpt>
			<trkpt lat="46.628912" lon="12.796492">
				<ele>1751.000000</ele>
			</trkpt>
			<trkpt lat="46.628930" lon="12.796519">
				<ele>1752.000000</ele>
			</trkpt>
			<trkpt lat="46.628973" lon="12.796555">
				<ele>1754.000000</ele>
			</trkpt>
			<trkpt lat="46.629017" lon="12.796618">
				<ele>1756.000000</ele>
			</trkpt>
			<trkpt lat="46.629054" lon="12.796672">
				<ele>1758.000000</ele>
			</trkpt>
			<trkpt lat="46.629060" lon="12.796725">
				<ele>1759.000000</ele>
			</trkpt>
			<trkpt lat="46.629066" lon="12.796834">
				<ele>1761.000000</ele>
			</trkpt>
			<trkpt lat="46.629066" lon="12.796878">
				<ele>1762.000000</ele>
			</trkpt>
			<trkpt lat="46.629060" lon="12.796905">
				<ele>1762.000000</ele>
			</trkpt>
			<trkpt lat="46.629042" lon="12.796924">
				<ele>1762.000000</ele>
			</trkpt>
			<trkpt lat="46.629029" lon="12.796941">
				<ele>1763.000000</ele>
			</trkpt>
			<trkpt lat="46.629035" lon="12.796960">
				<ele>1763.000000</ele>
			</trkpt>
			<trkpt lat="46.629029" lon="12.796968">
				<ele>1763.000000</ele>
			</trkpt>
			<trkpt lat="46.629017" lon="12.796968">
				<ele>1764.000000</ele>
			</trkpt>
			<trkpt lat="46.629017" lon="12.796995">
				<ele>1764.000000</ele>
			</trkpt>
			<trkpt lat="46.629011" lon="12.797031">
				<ele>1765.000000</ele>
			</trkpt>
			<trkpt lat="46.628992" lon="12.797094">
				<ele>1766.000000</ele>
			</trkpt>
			<trkpt lat="46.628992" lon="12.797148">
				<ele>1766.000000</ele>
			</trkpt>
			<trkpt lat="46.628967" lon="12.797211">
				<ele>1767.000000</ele>
			</trkpt>
			<trkpt lat="46.628955" lon="12.797220">
				<ele>1768.000000</ele>
			</trkpt>
			<trkpt lat="46.628961" lon="12.797247">
				<ele>1768.000000</ele>
			</trkpt>
			<trkpt lat="46.628955" lon="12.797274">
				<ele>1769.000000</ele>
			</trkpt>
			<trkpt lat="46.628924" lon="12.797327">
				<ele>1770.000000</ele>
			</trkpt>
			<trkpt lat="46.628912" lon="12.797381">
				<ele>1771.000000</ele>
			</trkpt>
			<trkpt lat="46.628906" lon="12.797436">
				<ele>1772.000000</ele>
			</trkpt>
			<trkpt lat="46.628899" lon="12.797480">
				<ele>1772.000000</ele>
			</trkpt>
			<trkpt lat="46.628906" lon="12.797526">
				<ele>1773.000000</ele>
			</trkpt>
			<trkpt lat="46.628893" lon="12.797570">
				<ele>1774.000000</ele>
			</trkpt>
			<trkpt lat="46.628906" lon="12.797606">
				<ele>1775.000000</ele>
			</trkpt>
			<trkpt lat="46.628912" lon="12.797651">
				<ele>1776.000000</ele>
			</trkpt>
			<trkpt lat="46.628924" lon="12.797687">
				<ele>1776.000000</ele>
			</trkpt>
			<trkpt lat="46.628942" lon="12.797733">
				<ele>1777.000000</ele>
			</trkpt>
			<trkpt lat="46.628912" lon="12.797777">
				<ele>1778.000000</ele>
			</trkpt>
			<trkpt lat="46.628893" lon="12.797804">
				<ele>1779.000000</ele>
			</trkpt>
			<trkpt lat="46.628899" lon="12.797849">
				<ele>1780.000000</ele>
			</trkpt>
			<trkpt lat="46.628912" lon="12.797893">
				<ele>1781.000000</ele>
			</trkpt>
			<trkpt lat="46.628912" lon="12.797947">
				<ele>1782.000000</ele>
			</trkpt>
			<trkpt lat="46.628918" lon="12.797993">
				<ele>1783.000000</ele>
			</trkpt>
			<trkpt lat="46.628918" lon="12.798046">
				<ele>1785.000000</ele>
			</trkpt>
			<trkpt lat="46.628936" lon="12.798154">
				<ele>1787.000000</ele>
			</trkpt>
			<trkpt lat="46.628936" lon="12.798253">
				<ele>1790.000000</ele>
			</trkpt>
			<trkpt lat="46.628942" lon="12.798280">
				<ele>1790.000000</ele>
			</trkpt>
			<trkpt lat="46.628930" lon="12.798316">
				<ele>1791.000000</ele>
			</trkpt>
			<trkpt lat="46.628930" lon="12.798360">
				<ele>1791.000000</ele>
			</trkpt>
			<trkpt lat="46.628961" lon="12.798415">
				<ele>1793.000000</ele>
			</trkpt>
			<trkpt lat="46.628961" lon="12.798469">
				<ele>1793.000000</ele>
			</trkpt>
			<trkpt lat="46.628955" lon="12.798505">
				<ele>1794.000000</ele>
			</trkpt>
			<trkpt lat="46.628936" lon="12.798540">
				<ele>1795.000000</ele>
			</trkpt>
			<trkpt lat="46.628930" lon="12.798568">
				<ele>1795.000000</ele>
			</trkpt>
			<trkpt lat="46.628906" lon="12.798612">
				<ele>1796.000000</ele>
			</trkpt>
			<trkpt lat="46.628875" lon="12.798648">
				<ele>1797.000000</ele>
			</trkpt>
			<trkpt lat="46.628850" lon="12.798685">
				<ele>1798.000000</ele>
			</trkpt>
			<trkpt lat="46.628863" lon="12.798729">
				<ele>1798.000000</ele>
			</trkpt>
			<trkpt lat="46.628857" lon="12.798783">
				<ele>1799.000000</ele>
			</trkpt>
			<trkpt lat="46.628826" lon="12.798836">
				<ele>1800.000000</ele>
			</trkpt>
			<trkpt lat="46.628813" lon="12.798909">
				<ele>1802.000000</ele>
			</trkpt>
			<trkpt lat="46.628801" lon="12.798999">
				<ele>1804.000000</ele>
			</trkpt>
			<trkpt lat="46.628788" lon="12.799071">
				<ele>1805.000000</ele>
			</trkpt>
			<trkpt lat="46.628807" lon="12.799106">
				<ele>1806.000000</ele>
			</trkpt>
			<trkpt lat="46.628801" lon="12.799134">
				<ele>1806.000000</ele>
			</trkpt>
			<trkpt lat="46.628770" lon="12.799188">
				<ele>1807.000000</ele>
			</trkpt>
			<trkpt lat="46.628764" lon="12.799251">
				<ele>1809.000000</ele>
			</trkpt>
			<trkpt lat="46.628745" lon="12.799367">
				<ele>1810.000000</ele>
			</trkpt>
			<trkpt lat="46.628745" lon="12.799421">
				<ele>1811.000000</ele>
			</trkpt>
			<trkpt lat="46.628702" lon="12.799538">
				<ele>1813.000000</ele>
			</trkpt>
			<trkpt lat="46.628696" lon="12.799574">
				<ele>1813.000000</ele>
			</trkpt>
			<trkpt lat="46.628684" lon="12.799610">
				<ele>1813.000000</ele>
			</trkpt>
			<trkpt lat="46.628684" lon="12.799691">
				<ele>1814.000000</ele>
			</trkpt>
			<trkpt lat="46.628659" lon="12.799878">
				<ele>1816.000000</ele>
			</trkpt>
			<trkpt lat="46.628616" lon="12.800023">
				<ele>1818.000000</ele>
			</trkpt>
			<trkpt lat="46.628560" lon="12.800113">
				<ele>1819.000000</ele>
			</trkpt>
			<trkpt lat="46.628541" lon="12.800157">
				<ele>1820.000000</ele>
			</trkpt>
			<trkpt lat="46.628548" lon="12.800203">
				<ele>1821.000000</ele>
			</trkpt>
			<trkpt lat="46.628541" lon="12.800238">
				<ele>1821.000000</ele>
			</trkpt>
			<trkpt lat="46.628499" lon="12.800328">
				<ele>1823.000000</ele>
			</trkpt>
			<trkpt lat="46.628449" lon="12.800463">
				<ele>1825.000000</ele>
			</trkpt>
			<trkpt lat="46.628431" lon="12.800534">
				<ele>1826.000000</ele>
			</trkpt>
			<trkpt lat="46.628431" lon="12.800606">
				<ele>1827.000000</ele>
			</trkpt>
			<trkpt lat="46.628418" lon="12.800742">
				<ele>1829.000000</ele>
			</trkpt>
			<trkpt lat="46.628406" lon="12.800796">
				<ele>1830.000000</ele>
			</trkpt>
			<trkpt lat="46.628375" lon="12.800830">
				<ele>1831.000000</ele>
			</trkpt>
			<trkpt lat="46.628369" lon="12.800867">
				<ele>1832.000000</ele>
			</trkpt>
			<trkpt lat="46.628356" lon="12.800920">
				<ele>1833.000000</ele>
			</trkpt>
			<trkpt lat="46.628338" lon="12.800983">
				<ele>1834.000000</ele>
			</trkpt>
			<trkpt lat="46.628319" lon="12.801073">
				<ele>1836.000000</ele>
			</trkpt>
			<trkpt lat="46.628319" lon="12.801155">
				<ele>1837.000000</ele>
			</trkpt>
			<trkpt lat="46.628332" lon="12.801209">
				<ele>1838.000000</ele>
			</trkpt>
			<trkpt lat="46.628332" lon="12.801218">
				<ele>1838.000000</ele>
			</trkpt>
			<trkpt lat="46.628344" lon="12.801370">
				<ele>1841.000000</ele>
			</trkpt>
			<trkpt lat="46.628295" lon="12.801505">
				<ele>1844.000000</ele>
			</trkpt>
			<trkpt lat="46.628283" lon="12.801559">
				<ele>1845.000000</ele>
			</trkpt>
			<trkpt lat="46.628277" lon="12.801622">
				<ele>1846.000000</ele>
			</trkpt>
			<trkpt lat="46.628264" lon="12.801675">
				<ele>1847.000000</ele>
			</trkpt>
			<trkpt lat="46.628264" lon="12.801729">
				<ele>1848.000000</ele>
			</trkpt>
			<trkpt lat="46.628252" lon="12.801756">
				<ele>1848.000000</ele>
			</trkpt>
			<trkpt lat="46.628252" lon="12.801811">
				<ele>1849.000000</ele>
			</trkpt>
			<trkpt lat="46.628271" lon="12.801855">
				<ele>1850.000000</ele>
			</trkpt>
			<trkpt lat="46.628264" lon="12.801882">
				<ele>1851.000000</ele>
			</trkpt>
			<trkpt lat="46.628258" lon="12.801991">
				<ele>1853.000000</ele>
			</trkpt>
			<trkpt lat="46.628271" lon="12.802088">
				<ele>1855.000000</ele>
			</trkpt>
			<trkpt lat="46.628271" lon="12.802161">
				<ele>1856.000000</ele>
			</trkpt>
			<trkpt lat="46.628301" lon="12.802214">
				<ele>1857.000000</ele>
			</trkpt>
			<trkpt lat="46.628301" lon="12.802251">
				<ele>1858.000000</ele>
			</trkpt>
			<trkpt lat="46.628283" lon="12.802350">
				<ele>1860.000000</ele>
			</trkpt>
			<trkpt lat="46.628258" lon="12.802438">
				<ele>1862.000000</ele>
			</trkpt>
			<trkpt lat="46.628264" lon="12.802493">
				<ele>1863.000000</ele>
			</trkpt>
			<trkpt lat="46.628252" lon="12.802583">
				<ele>1864.000000</ele>
			</trkpt>
			<trkpt lat="46.628258" lon="12.802618">
				<ele>1865.000000</ele>
			</trkpt>
			<trkpt lat="46.628227" lon="12.802700">
				<ele>1867.000000</ele>
			</trkpt>
			<trkpt lat="46.628227" lon="12.802736">
				<ele>1867.000000</ele>
			</trkpt>
			<trkpt lat="46.628215" lon="12.802771">
				<ele>1868.000000</ele>
			</trkpt>
			<trkpt lat="46.628190" lon="12.802853">
				<ele>1870.000000</ele>
			</trkpt>
			<trkpt lat="46.628196" lon="12.802924">
				<ele>1871.000000</ele>
			</trkpt>
			<trkpt lat="46.628178" lon="12.802943">
				<ele>1871.000000</ele>
			</trkpt>
			<trkpt lat="46.628159" lon="12.802996">
				<ele>1872.000000</ele>
			</trkpt>
			<trkpt lat="46.628134" lon="12.803033">
				<ele>1873.000000</ele>
			</trkpt>
			<trkpt lat="46.628110" lon="12.803157">
				<ele>1875.000000</ele>
			</trkpt>
			<trkpt lat="46.628067" lon="12.803212">
				<ele>1876.000000</ele>
			</trkpt>
			<trkpt lat="46.628036" lon="12.803346">
				<ele>1878.000000</ele>
			</trkpt>
			<trkpt lat="46.628011" lon="12.803409">
				<ele>1880.000000</ele>
			</trkpt>
			<trkpt lat="46.628011" lon="12.803544">
				<ele>1882.000000</ele>
			</trkpt>
			<trkpt lat="46.627999" lon="12.803643">
				<ele>1883.000000</ele>
			</trkpt>
			<trkpt lat="46.628011" lon="12.803723">
				<ele>1884.000000</ele>
			</trkpt>
			<trkpt lat="46.627999" lon="12.803868">
				<ele>1887.000000</ele>
			</trkpt>
			<trkpt lat="46.627986" lon="12.803949">
				<ele>1888.000000</ele>
			</trkpt>
			<trkpt lat="46.628005" lon="12.804029">
				<ele>1889.000000</ele>
			</trkpt>
			<trkpt lat="46.627980" lon="12.804119">
				<ele>1891.000000</ele>
			</trkpt>
			<trkpt lat="46.627999" lon="12.804226">
				<ele>1892.000000</ele>
			</trkpt>
			<trkpt lat="46.628005" lon="12.804344">
				<ele>1894.000000</ele>
			</trkpt>
			<trkpt lat="46.627974" lon="12.804496">
				<ele>1896.000000</ele>
			</trkpt>
			<trkpt lat="46.628011" lon="12.804675">
				<ele>1899.000000</ele>
			</trkpt>
			<trkpt lat="46.628011" lon="12.804801">
				<ele>1901.000000</ele>
			</trkpt>
			<trkpt lat="46.627993" lon="12.804901">
				<ele>1903.000000</ele>
			</trkpt>
			<trkpt lat="46.627986" lon="12.804972">
				<ele>1905.000000</ele>
			</trkpt>
			<trkpt lat="46.627999" lon="12.805017">
				<ele>1906.000000</ele>
			</trkpt>
			<trkpt lat="46.628030" lon="12.805054">
				<ele>1907.000000</ele>
			</trkpt>
			<trkpt lat="46.627999" lon="12.805143">
				<ele>1909.000000</ele>
			</trkpt>
			<trkpt lat="46.627993" lon="12.805224">
				<ele>1910.000000</ele>
			</trkpt>
			<trkpt lat="46.627999" lon="12.805296">
				<ele>1912.000000</ele>
			</trkpt>
			<trkpt lat="46.627955" lon="12.805350">
				<ele>1913.000000</ele>
			</trkpt>
			<trkpt lat="46.627918" lon="12.805421">
				<ele>1914.000000</ele>
			</trkpt>
			<trkpt lat="46.627918" lon="12.805467">
				<ele>1915.000000</ele>
			</trkpt>
			<trkpt lat="46.627912" lon="12.805520">
				<ele>1916.000000</ele>
			</trkpt>
			<trkpt lat="46.627888" lon="12.805620">
				<ele>1917.000000</ele>
			</trkpt>
			<trkpt lat="46.627882" lon="12.805683">
				<ele>1918.000000</ele>
			</trkpt>
			<trkpt lat="46.627900" lon="12.805709">
				<ele>1919.000000</ele>
			</trkpt>
			<trkpt lat="46.627906" lon="12.805744">
				<ele>1920.000000</ele>
			</trkpt>
			<trkpt lat="46.627931" lon="12.805862">
				<ele>1922.000000</ele>
			</trkpt>
			<trkpt lat="46.627900" lon="12.805996">
				<ele>1925.000000</ele>
			</trkpt>
			<trkpt lat="46.627863" lon="12.806059">
				<ele>1926.000000</ele>
			</trkpt>
			<trkpt lat="46.627870" lon="12.806113">
				<ele>1927.000000</ele>
			</trkpt>
			<trkpt lat="46.627888" lon="12.806176">
				<ele>1929.000000</ele>
			</trkpt>
			<trkpt lat="46.627863" lon="12.806230">
				<ele>1930.000000</ele>
			</trkpt>
			<trkpt lat="46.627870" lon="12.806283">
				<ele>1931.000000</ele>
			</trkpt>
			<trkpt lat="46.627857" lon="12.806329">
				<ele>1932.000000</ele>
			</trkpt>
			<trkpt lat="46.627845" lon="12.806463">
				<ele>1934.000000</ele>
			</trkpt>
			<trkpt lat="46.627814" lon="12.806509">
				<ele>1936.000000</ele>
			</trkpt>
			<trkpt lat="46.627783" lon="12.806553">
				<ele>1937.000000</ele>
			</trkpt>
			<trkpt lat="46.627777" lon="12.806616">
				<ele>1938.000000</ele>
			</trkpt>
			<trkpt lat="46.627770" lon="12.806688">
				<ele>1939.000000</ele>
			</trkpt>
			<trkpt lat="46.627770" lon="12.806832">
				<ele>1942.000000</ele>
			</trkpt>
			<trkpt lat="46.627764" lon="12.806958">
				<ele>1944.000000</ele>
			</trkpt>
			<trkpt lat="46.627783" lon="12.807012">
				<ele>1944.000000</ele>
			</trkpt>
			<trkpt lat="46.627770" lon="12.807092">
				<ele>1946.000000</ele>
			</trkpt>
			<trkpt lat="46.627739" lon="12.807146">
				<ele>1947.000000</ele>
			</trkpt>
			<trkpt lat="46.627746" lon="12.807236">
				<ele>1948.000000</ele>
			</trkpt>
			<trkpt lat="46.627733" lon="12.807352">
				<ele>1950.000000</ele>
			</trkpt>
			<trkpt lat="46.627715" lon="12.807415">
				<ele>1951.000000</ele>
			</trkpt>
			<trkpt lat="46.627697" lon="12.807505">
				<ele>1952.000000</ele>
			</trkpt>
			<trkpt lat="46.627690" lon="12.807578">
				<ele>1954.000000</ele>
			</trkpt>
			<trkpt lat="46.627690" lon="12.807641">
				<ele>1954.000000</ele>
			</trkpt>
			<trkpt lat="46.627684" lon="12.807712">
				<ele>1956.000000</ele>
			</trkpt>
			<trkpt lat="46.627672" lon="12.807784">
				<ele>1957.000000</ele>
			</trkpt>
			<trkpt lat="46.627647" lon="12.807838">
				<ele>1958.000000</ele>
			</trkpt>
			<trkpt lat="46.627654" lon="12.807964">
				<ele>1960.000000</ele>
			</trkpt>
			<trkpt lat="46.627616" lon="12.808054">
				<ele>1962.000000</ele>
			</trkpt>
			<trkpt lat="46.627623" lon="12.808117">
				<ele>1963.000000</ele>
			</trkpt>
			<trkpt lat="46.627616" lon="12.808207">
				<ele>1965.000000</ele>
			</trkpt>
			<trkpt lat="46.627561" lon="12.808314">
				<ele>1967.000000</ele>
			</trkpt>
			<trkpt lat="46.627542" lon="12.808350">
				<ele>1968.000000</ele>
			</trkpt>
			<trkpt lat="46.627511" lon="12.808457">
				<ele>1970.000000</ele>
			</trkpt>
			<trkpt lat="46.627499" lon="12.808512">
				<ele>1971.000000</ele>
			</trkpt>
			<trkpt lat="46.627469" lon="12.808530">
				<ele>1973.000000</ele>
			</trkpt>
			<trkpt lat="46.627438" lon="12.808520">
				<ele>1974.000000</ele>
			</trkpt>
			<trkpt lat="46.627413" lon="12.808530">
				<ele>1974.000000</ele>
			</trkpt>
			<trkpt lat="46.627388" lon="12.808520">
				<ele>1975.000000</ele>
			</trkpt>
			<trkpt lat="46.627388" lon="12.808539">
				<ele>1976.000000</ele>
			</trkpt>
			<trkpt lat="46.627382" lon="12.808602">
				<ele>1977.000000</ele>
			</trkpt>
			<trkpt lat="46.627363" lon="12.808646">
				<ele>1978.000000</ele>
			</trkpt>
			<trkpt lat="46.627345" lon="12.808719">
				<ele>1980.000000</ele>
			</trkpt>
			<trkpt lat="46.627314" lon="12.808782">
				<ele>1980.000000</ele>
			</trkpt>
			<trkpt lat="46.627283" lon="12.808782">
				<ele>1980.000000</ele>
			</trkpt>
			<trkpt lat="46.627271" lon="12.808862">
				<ele>1980.000000</ele>
			</trkpt>
			<trkpt lat="46.627197" lon="12.809078">
				<ele>1980.000000</ele>
			</trkpt>
			<trkpt lat="46.627166" lon="12.809168">
				<ele>1980.000000</ele>
			</trkpt>
			<trkpt lat="46.627172" lon="12.809258">
				<ele>1980.000000</ele>
			</trkpt>
			<trkpt lat="46.627197" lon="12.809293">
				<ele>1980.000000</ele>
			</trkpt>
			<trkpt lat="46.627191" lon="12.809338">
				<ele>1980.000000</ele>
			</trkpt>
			<trkpt lat="46.627197" lon="12.809392">
				<ele>1980.000000</ele>
			</trkpt>
			<trkpt lat="46.627197" lon="12.809428">
				<ele>1980.000000</ele>
			</trkpt>
			<trkpt lat="46.627129" lon="12.809536">
				<ele>1980.000000</ele>
			</trkpt>
			<trkpt lat="46.627092" lon="12.809616">
				<ele>1980.000000</ele>
			</trkpt>
			<trkpt lat="46.627030" lon="12.809679">
				<ele>1978.000000</ele>
			</trkpt>
			<trkpt lat="46.626968" lon="12.809706">
				<ele>1975.000000</ele>
			</trkpt>
			<trkpt lat="46.626913" lon="12.809751">
				<ele>1972.000000</ele>
			</trkpt>
			<trkpt lat="46.626901" lon="12.809805">
				<ele>1970.000000</ele>
			</trkpt>
			<trkpt lat="46.626889" lon="12.809824">
				<ele>1970.000000</ele>
			</trkpt>
			<trkpt lat="46.626864" lon="12.809912">
				<ele>1968.000000</ele>
			</trkpt>
			<trkpt lat="46.626796" lon="12.809975">
				<ele>1966.000000</ele>
			</trkpt>
			<trkpt lat="46.626759" lon="12.810002">
				<ele>1965.000000</ele>
			</trkpt>
			<trkpt lat="46.626740" lon="12.810057">
				<ele>1964.000000</ele>
			</trkpt>
			<trkpt lat="46.626740" lon="12.810120">
				<ele>1963.000000</ele>
			</trkpt>
			<trkpt lat="46.626740" lon="12.810128">
				<ele>1962.000000</ele>
			</trkpt>
			<trkpt lat="46.626734" lon="12.810138">
				<ele>1962.000000</ele>
			</trkpt>
			<trkpt lat="46.626746" lon="12.810147">
				<ele>1962.000000</ele>
			</trkpt>
			<trkpt lat="46.626752" lon="12.810155">
				<ele>1962.000000</ele>
			</trkpt>
			<trkpt lat="46.626771" lon="12.810165">
				<ele>1961.000000</ele>
			</trkpt>
			<trkpt lat="46.626777" lon="12.810182">
				<ele>1961.000000</ele>
			</trkpt>
			<trkpt lat="46.626802" lon="12.810201">
				<ele>1960.000000</ele>
			</trkpt>
			<trkpt lat="46.626833" lon="12.810210">
				<ele>1960.000000</ele>
			</trkpt>
			<trkpt lat="46.626870" lon="12.810237">
				<ele>1960.000000</ele>
			</trkpt>
			<trkpt lat="46.626944" lon="12.810272">
				<ele>1960.000000</ele>
			</trkpt>
			<trkpt lat="46.627024" lon="12.810308">
				<ele>1960.000000</ele>
			</trkpt>
			<trkpt lat="46.627068" lon="12.810335">
				<ele>1960.000000</ele>
			</trkpt>
			<trkpt lat="46.627153" lon="12.810398">
				<ele>1960.000000</ele>
			</trkpt>
			<trkpt lat="46.627178" lon="12.810425">
				<ele>1960.000000</ele>
			</trkpt>
			<trkpt lat="46.627191" lon="12.810452">
				<ele>1960.000000</ele>
			</trkpt>
			<trkpt lat="46.627197" lon="12.810478">
				<ele>1960.000000</ele>
			</trkpt>
			<trkpt lat="46.627215" lon="12.810596">
				<ele>1960.000000</ele>
			</trkpt>
			<trkpt lat="46.627222" lon="12.810757">
				<ele>1960.000000</ele>
			</trkpt>
			<trkpt lat="46.627222" lon="12.810928">
				<ele>1960.000000</ele>
			</trkpt>
			<trkpt lat="46.627228" lon="12.811099">
				<ele>1960.000000</ele>
			</trkpt>
			<trkpt lat="46.627222" lon="12.811260">
				<ele>1960.000000</ele>
			</trkpt>
			<trkpt lat="46.627215" lon="12.811359">
				<ele>1960.000000</ele>
			</trkpt>
			<trkpt lat="46.627197" lon="12.811459">
				<ele>1960.000000</ele>
			</trkpt>
			<trkpt lat="46.627153" lon="12.811575">
				<ele>1960.000000</ele>
			</trkpt>
			<trkpt lat="46.627147" lon="12.811673">
				<ele>1960.000000</ele>
			</trkpt>
			<trkpt lat="46.627147" lon="12.811719">
				<ele>1960.000000</ele>
			</trkpt>
			<trkpt lat="46.627160" lon="12.811809">
				<ele>1960.000000</ele>
			</trkpt>
			<trkpt lat="46.627153" lon="12.811880">
				<ele>1960.000000</ele>
			</trkpt>
			<trkpt lat="46.627166" lon="12.811988">
				<ele>1960.000000</ele>
			</trkpt>
			<trkpt lat="46.627197" lon="12.812115">
				<ele>1960.000000</ele>
			</trkpt>
			<trkpt lat="46.627209" lon="12.812212">
				<ele>1960.000000</ele>
			</trkpt>
			<trkpt lat="46.627222" lon="12.812258">
				<ele>1960.000000</ele>
			</trkpt>
			<trkpt lat="46.627246" lon="12.812338">
				<ele>1961.000000</ele>
			</trkpt>
			<trkpt lat="46.627265" lon="12.812428">
				<ele>1961.000000</ele>
			</trkpt>
			<trkpt lat="46.627290" lon="12.812474">
				<ele>1961.000000</ele>
			</trkpt>
			<trkpt lat="46.627302" lon="12.812501">
				<ele>1961.000000</ele>
			</trkpt>
			<trkpt lat="46.627314" lon="12.812545">
				<ele>1961.000000</ele>
			</trkpt>
			<trkpt lat="46.627326" lon="12.812581">
				<ele>1961.000000</ele>
			</trkpt>
			<trkpt lat="46.627345" lon="12.812617">
				<ele>1961.000000</ele>
			</trkpt>
			<trkpt lat="46.627357" lon="12.812662">
				<ele>1961.000000</ele>
			</trkpt>
			<trkpt lat="46.627382" lon="12.812725">
				<ele>1962.000000</ele>
			</trkpt>
			<trkpt lat="46.627394" lon="12.812761">
				<ele>1962.000000</ele>
			</trkpt>
			<trkpt lat="46.627400" lon="12.812805">
				<ele>1962.000000</ele>
			</trkpt>
			<trkpt lat="46.627407" lon="12.812950">
				<ele>1962.000000</ele>
			</trkpt>
			<trkpt lat="46.627394" lon="12.813012">
				<ele>1962.000000</ele>
			</trkpt>
			<trkpt lat="46.627394" lon="12.813057">
				<ele>1963.000000</ele>
			</trkpt>
			<trkpt lat="46.627388" lon="12.813128">
				<ele>1963.000000</ele>
			</trkpt>
			<trkpt lat="46.627376" lon="12.813210">
				<ele>1963.000000</ele>
			</trkpt>
			<trkpt lat="46.627363" lon="12.813281">
				<ele>1963.000000</ele>
			</trkpt>
			<trkpt lat="46.627345" lon="12.813317">
				<ele>1963.000000</ele>
			</trkpt>
			<trkpt lat="46.627332" lon="12.813363">
				<ele>1963.000000</ele>
			</trkpt>
			<trkpt lat="46.627326" lon="12.813407">
				<ele>1964.000000</ele>
			</trkpt>
			<trkpt lat="46.627314" lon="12.813453">
				<ele>1964.000000</ele>
			</trkpt>
			<trkpt lat="46.627326" lon="12.813497">
				<ele>1964.000000</ele>
			</trkpt>
			<trkpt lat="46.627320" lon="12.813516">
				<ele>1964.000000</ele>
			</trkpt>
			<trkpt lat="46.627296" lon="12.813587">
				<ele>1964.000000</ele>
			</trkpt>
			<trkpt lat="46.627283" lon="12.813677">
				<ele>1964.000000</ele>
			</trkpt>
			<trkpt lat="46.627283" lon="12.813749">
				<ele>1964.000000</ele>
			</trkpt>
			<trkpt lat="46.627277" lon="12.813784">
				<ele>1965.000000</ele>
			</trkpt>
			<trkpt lat="46.627277" lon="12.813820">
				<ele>1965.000000</ele>
			</trkpt>
			<trkpt lat="46.627265" lon="12.813874">
				<ele>1965.000000</ele>
			</trkpt>
			<trkpt lat="46.627265" lon="12.813893">
				<ele>1965.000000</ele>
			</trkpt>
			<trkpt lat="46.627277" lon="12.813964">
				<ele>1965.000000</ele>
			</trkpt>
			<trkpt lat="46.627290" lon="12.814009">
				<ele>1965.000000</ele>
			</trkpt>
			<trkpt lat="46.627296" lon="12.814027">
				<ele>1965.000000</ele>
			</trkpt>
			<trkpt lat="46.627283" lon="12.814063">
				<ele>1965.000000</ele>
			</trkpt>
			<trkpt lat="46.627277" lon="12.814117">
				<ele>1965.000000</ele>
			</trkpt>
			<trkpt lat="46.627290" lon="12.814162">
				<ele>1966.000000</ele>
			</trkpt>
			<trkpt lat="46.627296" lon="12.814170">
				<ele>1966.000000</ele>
			</trkpt>
			<trkpt lat="46.627302" lon="12.814180">
				<ele>1966.000000</ele>
			</trkpt>
			<trkpt lat="46.627308" lon="12.814216">
				<ele>1966.000000</ele>
			</trkpt>
			<trkpt lat="46.627326" lon="12.814216">
				<ele>1966.000000</ele>
			</trkpt>
			<trkpt lat="46.627338" lon="12.814252">
				<ele>1966.000000</ele>
			</trkpt>
			<trkpt lat="46.627376" lon="12.814252">
				<ele>1966.000000</ele>
			</trkpt>
			<trkpt lat="46.627388" lon="12.814260">
				<ele>1966.000000</ele>
			</trkpt>
			<trkpt lat="46.627394" lon="12.814270">
				<ele>1966.000000</ele>
			</trkpt>
			<trkpt lat="46.627394" lon="12.814315">
				<ele>1966.000000</ele>
			</trkpt>
			<trkpt lat="46.627400" lon="12.814350">
				<ele>1966.000000</ele>
			</trkpt>
			<trkpt lat="46.627413" lon="12.814396">
				<ele>1966.000000</ele>
			</trkpt>
			<trkpt lat="46.627407" lon="12.814459">
				<ele>1967.000000</ele>
			</trkpt>
			<trkpt lat="46.627407" lon="12.814522">
				<ele>1967.000000</ele>
			</trkpt>
			<trkpt lat="46.627413" lon="12.814558">
				<ele>1967.000000</ele>
			</trkpt>
			<trkpt lat="46.627431" lon="12.814593">
				<ele>1967.000000</ele>
			</trkpt>
			<trkpt lat="46.627450" lon="12.814612">
				<ele>1967.000000</ele>
			</trkpt>
			<trkpt lat="46.627444" lon="12.814638">
				<ele>1967.000000</ele>
			</trkpt>
			<trkpt lat="46.627425" lon="12.814675">
				<ele>1967.000000</ele>
			</trkpt>
			<trkpt lat="46.627400" lon="12.814710">
				<ele>1967.000000</ele>
			</trkpt>
			<trkpt lat="46.627369" lon="12.814746">
				<ele>1968.000000</ele>
			</trkpt>
			<trkpt lat="46.627332" lon="12.814826">
				<ele>1968.000000</ele>
			</trkpt>
			<trkpt lat="46.627314" lon="12.814908">
				<ele>1968.000000</ele>
			</trkpt>
			<trkpt lat="46.627290" lon="12.814988">
				<ele>1968.000000</ele>
			</trkpt>
			<trkpt lat="46.627265" lon="12.815069">
				<ele>1968.000000</ele>
			</trkpt>
			<trkpt lat="46.627246" lon="12.815096">
				<ele>1969.000000</ele>
			</trkpt>
			<trkpt lat="46.627228" lon="12.815105">
				<ele>1969.000000</ele>
			</trkpt>
			<trkpt lat="46.627209" lon="12.815132">
				<ele>1969.000000</ele>
			</trkpt>
			<trkpt lat="46.627197" lon="12.815141">
				<ele>1969.000000</ele>
			</trkpt>
			<trkpt lat="46.627197" lon="12.815186">
				<ele>1969.000000</ele>
			</trkpt>
			<trkpt lat="46.627178" lon="12.815267">
				<ele>1969.000000</ele>
			</trkpt>
			<trkpt lat="46.627178" lon="12.815294">
				<ele>1969.000000</ele>
			</trkpt>
			<trkpt lat="46.627184" lon="12.815339">
				<ele>1969.000000</ele>
			</trkpt>
			<trkpt lat="46.627191" lon="12.815357">
				<ele>1969.000000</ele>
			</trkpt>
			<trkpt lat="46.627197" lon="12.815384">
				<ele>1969.000000</ele>
			</trkpt>
			<trkpt lat="46.627191" lon="12.815420">
				<ele>1970.000000</ele>
			</trkpt>
			<trkpt lat="46.627191" lon="12.815491">
				<ele>1970.000000</ele>
			</trkpt>
			<trkpt lat="46.627166" lon="12.815554">
				<ele>1970.000000</ele>
			</trkpt>
			<trkpt lat="46.627160" lon="12.815591">
				<ele>1970.000000</ele>
			</trkpt>
			<trkpt lat="46.627147" lon="12.815627">
				<ele>1970.000000</ele>
			</trkpt>
			<trkpt lat="46.627135" lon="12.815644">
				<ele>1970.000000</ele>
			</trkpt>
			<trkpt lat="46.627117" lon="12.815671">
				<ele>1970.000000</ele>
			</trkpt>
			<trkpt lat="46.627104" lon="12.815690">
				<ele>1970.000000</ele>
			</trkpt>
			<trkpt lat="46.627104" lon="12.815707">
				<ele>1970.000000</ele>
			</trkpt>
			<trkpt lat="46.627123" lon="12.815770">
				<ele>1970.000000</ele>
			</trkpt>
			<trkpt lat="46.627123" lon="12.815797">
				<ele>1970.000000</ele>
			</trkpt>
			<trkpt lat="46.627117" lon="12.815841">
				<ele>1970.000000</ele>
			</trkpt>
			<trkpt lat="46.627104" lon="12.815887">
				<ele>1970.000000</ele>
			</trkpt>
			<trkpt lat="46.627086" lon="12.815904">
				<ele>1970.000000</ele>
			</trkpt>
			<trkpt lat="46.627086" lon="12.815931">
				<ele>1970.000000</ele>
			</trkpt>
			<trkpt lat="46.627080" lon="12.815950">
				<ele>1970.000000</ele>
			</trkpt>
			<trkpt lat="46.627037" lon="12.816040">
				<ele>1970.000000</ele>
			</trkpt>
			<trkpt lat="46.627024" lon="12.816076">
				<ele>1970.000000</ele>
			</trkpt>
			<trkpt lat="46.626999" lon="12.816166">
				<ele>1970.000000</ele>
			</trkpt>
			<trkpt lat="46.626987" lon="12.816220">
				<ele>1970.000000</ele>
			</trkpt>
			<trkpt lat="46.626956" lon="12.816300">
				<ele>1970.000000</ele>
			</trkpt>
			<trkpt lat="46.626950" lon="12.816344">
				<ele>1970.000000</ele>
			</trkpt>
			<trkpt lat="46.626937" lon="12.816381">
				<ele>1970.000000</ele>
			</trkpt>
			<trkpt lat="46.626931" lon="12.816407">
				<ele>1970.000000</ele>
			</trkpt>
			<trkpt lat="46.626937" lon="12.816470">
				<ele>1970.000000</ele>
			</trkpt>
			<trkpt lat="46.626944" lon="12.816587">
				<ele>1970.000000</ele>
			</trkpt>
			<trkpt lat="46.626956" lon="12.816660">
				<ele>1970.000000</ele>
			</trkpt>
			<trkpt lat="46.626968" lon="12.816713">
				<ele>1970.000000</ele>
			</trkpt>
			<trkpt lat="46.626975" lon="12.816740">
				<ele>1970.000000</ele>
			</trkpt>
			<trkpt lat="46.626956" lon="12.816786">
				<ele>1970.000000</ele>
			</trkpt>
			<trkpt lat="46.626944" lon="12.816822">
				<ele>1970.000000</ele>
			</trkpt>
			<trkpt lat="46.626975" lon="12.816849">
				<ele>1970.000000</ele>
			</trkpt>
			<trkpt lat="46.626987" lon="12.816883">
				<ele>1970.000000</ele>
			</trkpt>
			<trkpt lat="46.626993" lon="12.816947">
				<ele>1970.000000</ele>
			</trkpt>
			<trkpt lat="46.626981" lon="12.817010">
				<ele>1970.000000</ele>
			</trkpt>
			<trkpt lat="46.626962" lon="12.817055">
				<ele>1970.000000</ele>
			</trkpt>
			<trkpt lat="46.626950" lon="12.817099">
				<ele>1970.000000</ele>
			</trkpt>
			<trkpt lat="46.626901" lon="12.817172">
				<ele>1970.000000</ele>
			</trkpt>
			<trkpt lat="46.626901" lon="12.817225">
				<ele>1970.000000</ele>
			</trkpt>
			<trkpt lat="46.626895" lon="12.817279">
				<ele>1971.000000</ele>
			</trkpt>
			<trkpt lat="46.626901" lon="12.817342">
				<ele>1971.000000</ele>
			</trkpt>
			<trkpt lat="46.626919" lon="12.817386">
				<ele>1971.000000</ele>
			</trkpt>
			<trkpt lat="46.626931" lon="12.817415">
				<ele>1972.000000</ele>
			</trkpt>
			<trkpt lat="46.626925" lon="12.817441">
				<ele>1972.000000</ele>
			</trkpt>
			<trkpt lat="46.626913" lon="12.817449">
				<ele>1972.000000</ele>
			</trkpt>
			<trkpt lat="46.626889" lon="12.817476">
				<ele>1972.000000</ele>
			</trkpt>
			<trkpt lat="46.626876" lon="12.817495">
				<ele>1972.000000</ele>
			</trkpt>
			<trkpt lat="46.626864" lon="12.817549">
				<ele>1973.000000</ele>
			</trkpt>
			<trkpt lat="46.626882" lon="12.817594">
				<ele>1973.000000</ele>
			</trkpt>
			<trkpt lat="46.626889" lon="12.817621">
				<ele>1973.000000</ele>
			</trkpt>
			<trkpt lat="46.626895" lon="12.817692">
				<ele>1974.000000</ele>
			</trkpt>
			<trkpt lat="46.626889" lon="12.817774">
				<ele>1974.000000</ele>
			</trkpt>
			<trkpt lat="46.626876" lon="12.817836">
				<ele>1975.000000</ele>
			</trkpt>
			<trkpt lat="46.626858" lon="12.817881">
				<ele>1975.000000</ele>
			</trkpt>
			<trkpt lat="46.626852" lon="12.817944">
				<ele>1976.000000</ele>
			</trkpt>
			<trkpt lat="46.626845" lon="12.817998">
				<ele>1976.000000</ele>
			</trkpt>
			<trkpt lat="46.626833" lon="12.818052">
				<ele>1977.000000</ele>
			</trkpt>
			<trkpt lat="46.626833" lon="12.818132">
				<ele>1977.000000</ele>
			</trkpt>
			<trkpt lat="46.626845" lon="12.818231">
				<ele>1978.000000</ele>
			</trkpt>
			<trkpt lat="46.626833" lon="12.818304">
				<ele>1978.000000</ele>
			</trkpt>
			<trkpt lat="46.626821" lon="12.818367">
				<ele>1979.000000</ele>
			</trkpt>
			<trkpt lat="46.626821" lon="12.818411">
				<ele>1979.000000</ele>
			</trkpt>
			<trkpt lat="46.626814" lon="12.818474">
				<ele>1980.000000</ele>
			</trkpt>
			<trkpt lat="46.626852" lon="12.818564">
				<ele>1980.000000</ele>
			</trkpt>
			<trkpt lat="46.626852" lon="12.818644">
				<ele>1981.000000</ele>
			</trkpt>
			<trkpt lat="46.626876" lon="12.818734">
				<ele>1983.000000</ele>
			</trkpt>
			<trkpt lat="46.626913" lon="12.818887">
				<ele>1985.000000</ele>
			</trkpt>
			<trkpt lat="46.626931" lon="12.818960">
				<ele>1985.000000</ele>
			</trkpt>
			<trkpt lat="46.626956" lon="12.819112">
				<ele>1987.000000</ele>
			</trkpt>
			<trkpt lat="46.626975" lon="12.819220">
				<ele>1989.000000</ele>
			</trkpt>
			<trkpt lat="46.626981" lon="12.819256">
				<ele>1989.000000</ele>
			</trkpt>
			<trkpt lat="46.626993" lon="12.819292">
				<ele>1990.000000</ele>
			</trkpt>
			<trkpt lat="46.627012" lon="12.819336">
				<ele>1990.000000</ele>
			</trkpt>
			<trkpt lat="46.627018" lon="12.819373">
				<ele>1990.000000</ele>
			</trkpt>
			<trkpt lat="46.627018" lon="12.819444">
				<ele>1990.000000</ele>
			</trkpt>
			<trkpt lat="46.627018" lon="12.819525">
				<ele>1990.000000</ele>
			</trkpt>
			<trkpt lat="46.627043" lon="12.819606">
				<ele>1990.000000</ele>
			</trkpt>
			<trkpt lat="46.627055" lon="12.819669">
				<ele>1990.000000</ele>
			</trkpt>
			<trkpt lat="46.627068" lon="12.819732">
				<ele>1991.000000</ele>
			</trkpt>
			<trkpt lat="46.627061" lon="12.819812">
				<ele>1991.000000</ele>
			</trkpt>
			<trkpt lat="46.627068" lon="12.819849">
				<ele>1991.000000</ele>
			</trkpt>
			<trkpt lat="46.627080" lon="12.819920">
				<ele>1991.000000</ele>
			</trkpt>
			<trkpt lat="46.627098" lon="12.819992">
				<ele>1992.000000</ele>
			</trkpt>
			<trkpt lat="46.627153" lon="12.820136">
				<ele>1992.000000</ele>
			</trkpt>
			<trkpt lat="46.627166" lon="12.820199">
				<ele>1993.000000</ele>
			</trkpt>
			<trkpt lat="46.627203" lon="12.820405">
				<ele>1993.000000</ele>
			</trkpt>
			<trkpt lat="46.627222" lon="12.820451">
				<ele>1994.000000</ele>
			</trkpt>
			<trkpt lat="46.627259" lon="12.820504">
				<ele>1994.000000</ele>
			</trkpt>
			<trkpt lat="46.627271" lon="12.820612">
				<ele>1994.000000</ele>
			</trkpt>
			<trkpt lat="46.627277" lon="12.820684">
				<ele>1995.000000</ele>
			</trkpt>
			<trkpt lat="46.627283" lon="12.820845">
				<ele>1995.000000</ele>
			</trkpt>
			<trkpt lat="46.627296" lon="12.820918">
				<ele>1996.000000</ele>
			</trkpt>
			<trkpt lat="46.627332" lon="12.820990">
				<ele>1996.000000</ele>
			</trkpt>
			<trkpt lat="46.627388" lon="12.821107">
				<ele>1996.000000</ele>
			</trkpt>
			<trkpt lat="46.627425" lon="12.821214">
				<ele>1997.000000</ele>
			</trkpt>
			<trkpt lat="46.627462" lon="12.821340">
				<ele>1997.000000</ele>
			</trkpt>
			<trkpt lat="46.627505" lon="12.821474">
				<ele>1998.000000</ele>
			</trkpt>
			<trkpt lat="46.627517" lon="12.821610">
				<ele>1998.000000</ele>
			</trkpt>
			<trkpt lat="46.627530" lon="12.821707">
				<ele>1999.000000</ele>
			</trkpt>
			<trkpt lat="46.627542" lon="12.821789">
				<ele>1999.000000</ele>
			</trkpt>
			<trkpt lat="46.627585" lon="12.821942">
				<ele>2000.000000</ele>
			</trkpt>
			<trkpt lat="46.627616" lon="12.822004">
				<ele>2000.000000</ele>
			</trkpt>
			<trkpt lat="46.627666" lon="12.822193">
				<ele>2000.000000</ele>
			</trkpt>
			<trkpt lat="46.627678" lon="12.822265">
				<ele>2000.000000</ele>
			</trkpt>
			<trkpt lat="46.627678" lon="12.822399">
				<ele>2000.000000</ele>
			</trkpt>
			<trkpt lat="46.627697" lon="12.822489">
				<ele>2000.000000</ele>
			</trkpt>
			<trkpt lat="46.627758" lon="12.822642">
				<ele>2000.000000</ele>
			</trkpt>
			<trkpt lat="46.627777" lon="12.822715">
				<ele>2000.000000</ele>
			</trkpt>
			<trkpt lat="46.627820" lon="12.822948">
				<ele>2000.000000</ele>
			</trkpt>
			<trkpt lat="46.627826" lon="12.823028">
				<ele>2000.000000</ele>
			</trkpt>
			<trkpt lat="46.627832" lon="12.823074">
				<ele>2000.000000</ele>
			</trkpt>
			<trkpt lat="46.627839" lon="12.823128">
				<ele>2000.000000</ele>
			</trkpt>
			<trkpt lat="46.627857" lon="12.823154">
				<ele>2000.000000</ele>
			</trkpt>
			<trkpt lat="46.627863" lon="12.823199">
				<ele>2000.000000</ele>
			</trkpt>
			<trkpt lat="46.627863" lon="12.823298">
				<ele>2000.000000</ele>
			</trkpt>
			<trkpt lat="46.627863" lon="12.823361">
				<ele>2000.000000</ele>
			</trkpt>
			<trkpt lat="46.627876" lon="12.823415">
				<ele>2000.000000</ele>
			</trkpt>
			<trkpt lat="46.627863" lon="12.823495">
				<ele>2000.000000</ele>
			</trkpt>
			<trkpt lat="46.627857" lon="12.823531">
				<ele>2000.000000</ele>
			</trkpt>
			<trkpt lat="46.627839" lon="12.823640">
				<ele>2000.000000</ele>
			</trkpt>
			<trkpt lat="46.627832" lon="12.823702">
				<ele>2000.000000</ele>
			</trkpt>
			<trkpt lat="46.627820" lon="12.823765">
				<ele>2000.000000</ele>
			</trkpt>
			<trkpt lat="46.627808" lon="12.823792">
				<ele>2000.000000</ele>
			</trkpt>
			<trkpt lat="46.627801" lon="12.823846">
				<ele>2000.000000</ele>
			</trkpt>
			<trkpt lat="46.627795" lon="12.823873">
				<ele>2000.000000</ele>
			</trkpt>
			<trkpt lat="46.627770" lon="12.823963">
				<ele>2000.000000</ele>
			</trkpt>
			<trkpt lat="46.627752" lon="12.824007">
				<ele>2000.000000</ele>
			</trkpt>
			<trkpt lat="46.627733" lon="12.824053">
				<ele>2000.000000</ele>
			</trkpt>
			<trkpt lat="46.627709" lon="12.824187">
				<ele>2000.000000</ele>
			</trkpt>
			<trkpt lat="46.627666" lon="12.824296">
				<ele>2000.000000</ele>
			</trkpt>
			<trkpt lat="46.627629" lon="12.824340">
				<ele>2000.000000</ele>
			</trkpt>
			<trkpt lat="46.627616" lon="12.824376">
				<ele>2000.000000</ele>
			</trkpt>
			<trkpt lat="46.627598" lon="12.824412">
				<ele>2000.000000</ele>
			</trkpt>
			<trkpt lat="46.627610" lon="12.824466">
				<ele>2000.000000</ele>
			</trkpt>
			<trkpt lat="46.627610" lon="12.824510">
				<ele>2000.000000</ele>
			</trkpt>
			<trkpt lat="46.627604" lon="12.824556">
				<ele>2000.000000</ele>
			</trkpt>
			<trkpt lat="46.627610" lon="12.824564">
				<ele>2000.000000</ele>
			</trkpt>
			<trkpt lat="46.627635" lon="12.824573">
				<ele>2000.000000</ele>
			</trkpt>
			<trkpt lat="46.627641" lon="12.824583">
				<ele>2000.000000</ele>
			</trkpt>
			<trkpt lat="46.627641" lon="12.824600">
				<ele>2000.000000</ele>
			</trkpt>
			<trkpt lat="46.627629" lon="12.824646">
				<ele>2000.000000</ele>
			</trkpt>
			<trkpt lat="46.627635" lon="12.824699">
				<ele>2000.000000</ele>
			</trkpt>
			<trkpt lat="46.627635" lon="12.824736">
				<ele>2000.000000</ele>
			</trkpt>
			<trkpt lat="46.627616" lon="12.824762">
				<ele>2000.000000</ele>
			</trkpt>
			<trkpt lat="46.627579" lon="12.824834">
				<ele>2000.000000</ele>
			</trkpt>
			<trkpt lat="46.627579" lon="12.824862">
				<ele>2000.000000</ele>
			</trkpt>
			<trkpt lat="46.627579" lon="12.824889">
				<ele>2000.000000</ele>
			</trkpt>
			<trkpt lat="46.627604" lon="12.824986">
				<ele>2000.000000</ele>
			</trkpt>
			<trkpt lat="46.627715" lon="12.825185">
				<ele>2000.000000</ele>
			</trkpt>
			<trkpt lat="46.627764" lon="12.825229">
				<ele>2000.000000</ele>
			</trkpt>
			<trkpt lat="46.627888" lon="12.825391">
				<ele>2000.000000</ele>
			</trkpt>
			<trkpt lat="46.627980" lon="12.825454">
				<ele>2000.000000</ele>
			</trkpt>
			<trkpt lat="46.628091" lon="12.825661">
				<ele>2000.000000</ele>
			</trkpt>
			<trkpt lat="46.628221" lon="12.825858">
				<ele>1998.000000</ele>
			</trkpt>
			<trkpt lat="46.628258" lon="12.825885">
				<ele>1997.000000</ele>
			</trkpt>
			<trkpt lat="46.628313" lon="12.825984">
				<ele>1996.000000</ele>
			</trkpt>
			<trkpt lat="46.628338" lon="12.826082">
				<ele>1995.000000</ele>
			</trkpt>
			<trkpt lat="46.628418" lon="12.826271">
				<ele>1993.000000</ele>
			</trkpt>
			<trkpt lat="46.628480" lon="12.826460">
				<ele>1990.000000</ele>
			</trkpt>
			<trkpt lat="46.628628" lon="12.826793">
				<ele>1988.000000</ele>
			</trkpt>
			<trkpt lat="46.628678" lon="12.826900">
				<ele>1987.000000</ele>
			</trkpt>
			<trkpt lat="46.628678" lon="12.826954">
				<ele>1987.000000</ele>
			</trkpt>
			<trkpt lat="46.628726" lon="12.827107">
				<ele>1986.000000</ele>
			</trkpt>
			<trkpt lat="46.628764" lon="12.827152">
				<ele>1985.000000</ele>
			</trkpt>
			<trkpt lat="46.628832" lon="12.827242">
				<ele>1984.000000</ele>
			</trkpt>
			<trkpt lat="46.628875" lon="12.827386">
				<ele>1983.000000</ele>
			</trkpt>
			<trkpt lat="46.628918" lon="12.827476">
				<ele>1983.000000</ele>
			</trkpt>
			<trkpt lat="46.628955" lon="12.827520">
				<ele>1982.000000</ele>
			</trkpt>
			<trkpt lat="46.628986" lon="12.827600">
				<ele>1982.000000</ele>
			</trkpt>
			<trkpt lat="46.629011" lon="12.827736">
				<ele>1981.000000</ele>
			</trkpt>
			<trkpt lat="46.629073" lon="12.827870">
				<ele>1980.000000</ele>
			</trkpt>
			<trkpt lat="46.629127" lon="12.828023">
				<ele>1980.000000</ele>
			</trkpt>
			<trkpt lat="46.629146" lon="12.828149">
				<ele>1980.000000</ele>
			</trkpt>
			<trkpt lat="46.629300" lon="12.828526">
				<ele>1980.000000</ele>
			</trkpt>
			<trkpt lat="46.629325" lon="12.828724">
				<ele>1981.000000</ele>
			</trkpt>
			<trkpt lat="46.629374" lon="12.828904">
				<ele>1983.000000</ele>
			</trkpt>
			<trkpt lat="46.629405" lon="12.829092">
				<ele>1984.000000</ele>
			</trkpt>
			<trkpt lat="46.629430" lon="12.829290">
				<ele>1985.000000</ele>
			</trkpt>
			<trkpt lat="46.629504" lon="12.829604">
				<ele>1987.000000</ele>
			</trkpt>
			<trkpt lat="46.629504" lon="12.829703">
				<ele>1988.000000</ele>
			</trkpt>
			<trkpt lat="46.629572" lon="12.829990">
				<ele>1990.000000</ele>
			</trkpt>
			<trkpt lat="46.629578" lon="12.830278">
				<ele>1994.000000</ele>
			</trkpt>
			<trkpt lat="46.629572" lon="12.830395">
				<ele>1995.000000</ele>
			</trkpt>
			<trkpt lat="46.629541" lon="12.830485">
				<ele>1997.000000</ele>
			</trkpt>
			<trkpt lat="46.629559" lon="12.830619">
				<ele>1999.000000</ele>
			</trkpt>
			<trkpt lat="46.629559" lon="12.830718">
				<ele>2000.000000</ele>
			</trkpt>
			<trkpt lat="46.629590" lon="12.830835">
				<ele>2000.000000</ele>
			</trkpt>
			<trkpt lat="46.629603" lon="12.830871">
				<ele>2000.000000</ele>
			</trkpt>
			<trkpt lat="46.629621" lon="12.830906">
				<ele>2001.000000</ele>
			</trkpt>
			<trkpt lat="46.629634" lon="12.830934">
				<ele>2002.000000</ele>
			</trkpt>
			<trkpt lat="46.629634" lon="12.831005">
				<ele>2002.000000</ele>
			</trkpt>
			<trkpt lat="46.629634" lon="12.831015">
				<ele>2001.000000</ele>
			</trkpt>
			<trkpt lat="46.629615" lon="12.831095">
				<ele>2001.000000</ele>
			</trkpt>
			<trkpt lat="46.629597" lon="12.831257">
				<ele>1999.000000</ele>
			</trkpt>
			<trkpt lat="46.629492" lon="12.831374">
				<ele>1997.000000</ele>
			</trkpt>
			<trkpt lat="46.629412" lon="12.831445">
				<ele>1996.000000</ele>
			</trkpt>
			<trkpt lat="46.629325" lon="12.831644">
				<ele>1994.000000</ele>
			</trkpt>
			<trkpt lat="46.629288" lon="12.831760">
				<ele>1992.000000</ele>
			</trkpt>
			<trkpt lat="46.629208" lon="12.831913">
				<ele>1991.000000</ele>
			</trkpt>
			<trkpt lat="46.629146" lon="12.831957">
				<ele>1990.000000</ele>
			</trkpt>
			<trkpt lat="46.629134" lon="12.832066">
				<ele>1989.000000</ele>
			</trkpt>
			<trkpt lat="46.629054" lon="12.832183">
				<ele>1988.000000</ele>
			</trkpt>
			<trkpt lat="46.629085" lon="12.832353">
				<ele>1986.000000</ele>
			</trkpt>
			<trkpt lat="46.629029" lon="12.832443">
				<ele>1986.000000</ele>
			</trkpt>
			<trkpt lat="46.629011" lon="12.832542">
				<ele>1985.000000</ele>
			</trkpt>
			<trkpt lat="46.629029" lon="12.832766">
				<ele>1983.000000</ele>
			</trkpt>
			<trkpt lat="46.629091" lon="12.832973">
				<ele>1982.000000</ele>
			</trkpt>
			<trkpt lat="46.629146" lon="12.833108">
				<ele>1980.000000</ele>
			</trkpt>
			<trkpt lat="46.629220" lon="12.833135">
				<ele>1979.000000</ele>
			</trkpt>
			<trkpt lat="46.629258" lon="12.833189">
				<ele>1978.000000</ele>
			</trkpt>
			<trkpt lat="46.629282" lon="12.833288">
				<ele>1976.000000</ele>
			</trkpt>
			<trkpt lat="46.629337" lon="12.833269">
				<ele>1975.000000</ele>
			</trkpt>
			<trkpt lat="46.629381" lon="12.833278">
				<ele>1974.000000</ele>
			</trkpt>
			<trkpt lat="46.629362" lon="12.833378">
				<ele>1972.000000</ele>
			</trkpt>
			<trkpt lat="46.629412" lon="12.833378">
				<ele>1971.000000</ele>
			</trkpt>
			<trkpt lat="46.629449" lon="12.833405">
				<ele>1970.000000</ele>
			</trkpt>
			<trkpt lat="46.629449" lon="12.833458">
				<ele>1969.000000</ele>
			</trkpt>
			<trkpt lat="46.629430" lon="12.833512">
				<ele>1968.000000</ele>
			</trkpt>
			<trkpt lat="46.629399" lon="12.833584">
				<ele>1966.000000</ele>
			</trkpt>
			<trkpt lat="46.629368" lon="12.833619">
				<ele>1965.000000</ele>
			</trkpt>
			<trkpt lat="46.629356" lon="12.833665">
				<ele>1964.000000</ele>
			</trkpt>
			<trkpt lat="46.629362" lon="12.833692">
				<ele>1963.000000</ele>
			</trkpt>
			<trkpt lat="46.629393" lon="12.833701">
				<ele>1962.000000</ele>
			</trkpt>
			<trkpt lat="46.629424" lon="12.833709">
				<ele>1962.000000</ele>
			</trkpt>
			<trkpt lat="46.629449" lon="12.833728">
				<ele>1961.000000</ele>
			</trkpt>
			<trkpt lat="46.629455" lon="12.833772">
				<ele>1960.000000</ele>
			</trkpt>
			<trkpt lat="46.629473" lon="12.833818">
				<ele>1959.000000</ele>
			</trkpt>
			<trkpt lat="46.629473" lon="12.833862">
				<ele>1958.000000</ele>
			</trkpt>
			<trkpt lat="46.629449" lon="12.833881">
				<ele>1957.000000</ele>
			</trkpt>
			<trkpt lat="46.629424" lon="12.833907">
				<ele>1957.000000</ele>
			</trkpt>
			<trkpt lat="46.629430" lon="12.833925">
				<ele>1956.000000</ele>
			</trkpt>
			<trkpt lat="46.629436" lon="12.833925">
				<ele>1956.000000</ele>
			</trkpt>
			<trkpt lat="46.629461" lon="12.833916">
				<ele>1956.000000</ele>
			</trkpt>
			<trkpt lat="46.629467" lon="12.833934">
				<ele>1955.000000</ele>
			</trkpt>
			<trkpt lat="46.629455" lon="12.833952">
				<ele>1955.000000</ele>
			</trkpt>
			<trkpt lat="46.629443" lon="12.833961">
				<ele>1954.000000</ele>
			</trkpt>
			<trkpt lat="46.629436" lon="12.833979">
				<ele>1954.000000</ele>
			</trkpt>
			<trkpt lat="46.629418" lon="12.834005">
				<ele>1953.000000</ele>
			</trkpt>
			<trkpt lat="46.629405" lon="12.834005">
				<ele>1953.000000</ele>
			</trkpt>
			<trkpt lat="46.629387" lon="12.834015">
				<ele>1953.000000</ele>
			</trkpt>
			<trkpt lat="46.629399" lon="12.834060">
				<ele>1952.000000</ele>
			</trkpt>
			<trkpt lat="46.629399" lon="12.834158">
				<ele>1950.000000</ele>
			</trkpt>
			<trkpt lat="46.629399" lon="12.834194">
				<ele>1949.000000</ele>
			</trkpt>
			<trkpt lat="46.629449" lon="12.834221">
				<ele>1948.000000</ele>
			</trkpt>
			<trkpt lat="46.629443" lon="12.834294">
				<ele>1946.000000</ele>
			</trkpt>
			<trkpt lat="46.629449" lon="12.834347">
				<ele>1945.000000</ele>
			</trkpt>
			<trkpt lat="46.629473" lon="12.834338">
				<ele>1944.000000</ele>
			</trkpt>
			<trkpt lat="46.629492" lon="12.834374">
				<ele>1943.000000</ele>
			</trkpt>
			<trkpt lat="46.629473" lon="12.834401">
				<ele>1942.000000</ele>
			</trkpt>
			<trkpt lat="46.629449" lon="12.834455">
				<ele>1940.000000</ele>
			</trkpt>
			<trkpt lat="46.629443" lon="12.834544">
				<ele>1940.000000</ele>
			</trkpt>
			<trkpt lat="46.629480" lon="12.834598">
				<ele>1940.000000</ele>
			</trkpt>
			<trkpt lat="46.629504" lon="12.834644">
				<ele>1940.000000</ele>
			</trkpt>
			<trkpt lat="46.629547" lon="12.834634">
				<ele>1940.000000</ele>
			</trkpt>
			<trkpt lat="46.629597" lon="12.834671">
				<ele>1940.000000</ele>
			</trkpt>
			<trkpt lat="46.629628" lon="12.834697">
				<ele>1940.000000</ele>
			</trkpt>
			<trkpt lat="46.629652" lon="12.834707">
				<ele>1940.000000</ele>
			</trkpt>
			<trkpt lat="46.629659" lon="12.834734">
				<ele>1940.000000</ele>
			</trkpt>
			<trkpt lat="46.629683" lon="12.834770">
				<ele>1940.000000</ele>
			</trkpt>
			<trkpt lat="46.629714" lon="12.834787">
				<ele>1940.000000</ele>
			</trkpt>
			<trkpt lat="46.629844" lon="12.834868">
				<ele>1940.000000</ele>
			</trkpt>
			<trkpt lat="46.629917" lon="12.834931">
				<ele>1940.000000</ele>
			</trkpt>
			<trkpt lat="46.629998" lon="12.834967">
				<ele>1940.000000</ele>
			</trkpt>
			<trkpt lat="46.630102" lon="12.835003">
				<ele>1940.000000</ele>
			</trkpt>
			<trkpt lat="46.630152" lon="12.835156">
				<ele>1940.000000</ele>
			</trkpt>
			<trkpt lat="46.630245" lon="12.835192">
				<ele>1940.000000</ele>
			</trkpt>
			<trkpt lat="46.630288" lon="12.835336">
				<ele>1940.000000</ele>
			</trkpt>
			<trkpt lat="46.630355" lon="12.835326">
				<ele>1940.000000</ele>
			</trkpt>
			<trkpt lat="46.630399" lon="12.835407">
				<ele>1940.000000</ele>
			</trkpt>
			<trkpt lat="46.630436" lon="12.835497">
				<ele>1940.000000</ele>
			</trkpt>
			<trkpt lat="46.630491" lon="12.835578">
				<ele>1940.000000</ele>
			</trkpt>
			<trkpt lat="46.630553" lon="12.835632">
				<ele>1939.000000</ele>
			</trkpt>
			<trkpt lat="46.630602" lon="12.835676">
				<ele>1938.000000</ele>
			</trkpt>
			<trkpt lat="46.630664" lon="12.835749">
				<ele>1937.000000</ele>
			</trkpt>
			<trkpt lat="46.630731" lon="12.835758">
				<ele>1936.000000</ele>
			</trkpt>
			<trkpt lat="46.630806" lon="12.835776">
				<ele>1935.000000</ele>
			</trkpt>
			<trkpt lat="46.630824" lon="12.835892">
				<ele>1934.000000</ele>
			</trkpt>
			<trkpt lat="46.630837" lon="12.835982">
				<ele>1933.000000</ele>
			</trkpt>
			<trkpt lat="46.630941" lon="12.836036">
				<ele>1932.000000</ele>
			</trkpt>
			<trkpt lat="46.631046" lon="12.836118">
				<ele>1930.000000</ele>
			</trkpt>
			<trkpt lat="46.631126" lon="12.836198">
				<ele>1929.000000</ele>
			</trkpt>
			<trkpt lat="46.631169" lon="12.836269">
				<ele>1928.000000</ele>
			</trkpt>
			<trkpt lat="46.631238" lon="12.836305">
				<ele>1927.000000</ele>
			</trkpt>
			<trkpt lat="46.631275" lon="12.836351">
				<ele>1926.000000</ele>
			</trkpt>
			<trkpt lat="46.631354" lon="12.836386">
				<ele>1925.000000</ele>
			</trkpt>
			<trkpt lat="46.631435" lon="12.836504">
				<ele>1923.000000</ele>
			</trkpt>
			<trkpt lat="46.631503" lon="12.836531">
				<ele>1922.000000</ele>
			</trkpt>
			<trkpt lat="46.631533" lon="12.836566">
				<ele>1922.000000</ele>
			</trkpt>
			<trkpt lat="46.631533" lon="12.836629">
				<ele>1921.000000</ele>
			</trkpt>
			<trkpt lat="46.631552" lon="12.836665">
				<ele>1921.000000</ele>
			</trkpt>
			<trkpt lat="46.631564" lon="12.836745">
				<ele>1920.000000</ele>
			</trkpt>
			<trkpt lat="46.631564" lon="12.836808">
				<ele>1919.000000</ele>
			</trkpt>
			<trkpt lat="46.631583" lon="12.836827">
				<ele>1918.000000</ele>
			</trkpt>
			<trkpt lat="46.631601" lon="12.836844">
				<ele>1917.000000</ele>
			</trkpt>
			<trkpt lat="46.631608" lon="12.836917">
				<ele>1915.000000</ele>
			</trkpt>
			<trkpt lat="46.631626" lon="12.836952">
				<ele>1914.000000</ele>
			</trkpt>
			<trkpt lat="46.631626" lon="12.836997">
				<ele>1913.000000</ele>
			</trkpt>
			<trkpt lat="46.631651" lon="12.837015">
				<ele>1912.000000</ele>
			</trkpt>
			<trkpt lat="46.631663" lon="12.837051">
				<ele>1911.000000</ele>
			</trkpt>
			<trkpt lat="46.631657" lon="12.837078">
				<ele>1910.000000</ele>
			</trkpt>
			<trkpt lat="46.631663" lon="12.837141">
				<ele>1908.000000</ele>
			</trkpt>
			<trkpt lat="46.631712" lon="12.837177">
				<ele>1906.000000</ele>
			</trkpt>
			<trkpt lat="46.631731" lon="12.837221">
				<ele>1905.000000</ele>
			</trkpt>
			<trkpt lat="46.631731" lon="12.837321">
				<ele>1902.000000</ele>
			</trkpt>
			<trkpt lat="46.631719" lon="12.837374">
				<ele>1901.000000</ele>
			</trkpt>
			<trkpt lat="46.631706" lon="12.837384">
				<ele>1900.000000</ele>
			</trkpt>
			<trkpt lat="46.631700" lon="12.837437">
				<ele>1899.000000</ele>
			</trkpt>
			<trkpt lat="46.631731" lon="12.837447">
				<ele>1898.000000</ele>
			</trkpt>
			<trkpt lat="46.631749" lon="12.837483">
				<ele>1898.000000</ele>
			</trkpt>
			<trkpt lat="46.631743" lon="12.837518">
				<ele>1897.000000</ele>
			</trkpt>
			<trkpt lat="46.631743" lon="12.837554">
				<ele>1896.000000</ele>
			</trkpt>
			<trkpt lat="46.631755" lon="12.837563">
				<ele>1896.000000</ele>
			</trkpt>
			<trkpt lat="46.631749" lon="12.837626">
				<ele>1895.000000</ele>
			</trkpt>
			<trkpt lat="46.631725" lon="12.837689">
				<ele>1894.000000</ele>
			</trkpt>
			<trkpt lat="46.631719" lon="12.837743">
				<ele>1893.000000</ele>
			</trkpt>
			<trkpt lat="46.631700" lon="12.837797">
				<ele>1891.000000</ele>
			</trkpt>
			<trkpt lat="46.631712" lon="12.837814">
				<ele>1891.000000</ele>
			</trkpt>
			<trkpt lat="46.631737" lon="12.837814">
				<ele>1890.000000</ele>
			</trkpt>
			<trkpt lat="46.631743" lon="12.837814">
				<ele>1890.000000</ele>
			</trkpt>
			<trkpt lat="46.631731" lon="12.837842">
				<ele>1890.000000</ele>
			</trkpt>
			<trkpt lat="46.631725" lon="12.837887">
				<ele>1888.000000</ele>
			</trkpt>
			<trkpt lat="46.631731" lon="12.837950">
				<ele>1887.000000</ele>
			</trkpt>
			<trkpt lat="46.631737" lon="12.837994">
				<ele>1886.000000</ele>
			</trkpt>
			<trkpt lat="46.631786" lon="12.838013">
				<ele>1884.000000</ele>
			</trkpt>
			<trkpt lat="46.631836" lon="12.838030">
				<ele>1882.000000</ele>
			</trkpt>
			<trkpt lat="46.631879" lon="12.838057">
				<ele>1881.000000</ele>
			</trkpt>
			<trkpt lat="46.631898" lon="12.838076">
				<ele>1880.000000</ele>
			</trkpt>
			<trkpt lat="46.631898" lon="12.838112">
				<ele>1879.000000</ele>
			</trkpt>
			<trkpt lat="46.631910" lon="12.838129">
				<ele>1878.000000</ele>
			</trkpt>
			<trkpt lat="46.631916" lon="12.838147">
				<ele>1877.000000</ele>
			</trkpt>
			<trkpt lat="46.631934" lon="12.838183">
				<ele>1876.000000</ele>
			</trkpt>
			<trkpt lat="46.631959" lon="12.838202">
				<ele>1875.000000</ele>
			</trkpt>
			<trkpt lat="46.631996" lon="12.838210">
				<ele>1873.000000</ele>
			</trkpt>
			<trkpt lat="46.632015" lon="12.838228">
				<ele>1872.000000</ele>
			</trkpt>
			<trkpt lat="46.632027" lon="12.838246">
				<ele>1871.000000</ele>
			</trkpt>
			<trkpt lat="46.632040" lon="12.838282">
				<ele>1870.000000</ele>
			</trkpt>
			<trkpt lat="46.632077" lon="12.838309">
				<ele>1868.000000</ele>
			</trkpt>
			<trkpt lat="46.632126" lon="12.838353">
				<ele>1865.000000</ele>
			</trkpt>
			<trkpt lat="46.632163" lon="12.838498">
				<ele>1860.000000</ele>
			</trkpt>
			<trkpt lat="46.632299" lon="12.838605">
				<ele>1854.000000</ele>
			</trkpt>
			<trkpt lat="46.632372" lon="12.838749">
				<ele>1850.000000</ele>
			</trkpt>
			<trkpt lat="46.632366" lon="12.838785">
				<ele>1849.000000</ele>
			</trkpt>
			<trkpt lat="46.632354" lon="12.838794">
				<ele>1848.000000</ele>
			</trkpt>
			<trkpt lat="46.632341" lon="12.838776">
				<ele>1848.000000</ele>
			</trkpt>
			<trkpt lat="46.632311" lon="12.838794">
				<ele>1846.000000</ele>
			</trkpt>
			<trkpt lat="46.632280" lon="12.838794">
				<ele>1845.000000</ele>
			</trkpt>
			<trkpt lat="46.632268" lon="12.838802">
				<ele>1845.000000</ele>
			</trkpt>
			<trkpt lat="46.632268" lon="12.838839">
				<ele>1844.000000</ele>
			</trkpt>
			<trkpt lat="46.632256" lon="12.838875">
				<ele>1843.000000</ele>
			</trkpt>
			<trkpt lat="46.632268" lon="12.838892">
				<ele>1842.000000</ele>
			</trkpt>
			<trkpt lat="46.632274" lon="12.838902">
				<ele>1842.000000</ele>
			</trkpt>
			<trkpt lat="46.632268" lon="12.838911">
				<ele>1842.000000</ele>
			</trkpt>
			<trkpt lat="46.632256" lon="12.838902">
				<ele>1841.000000</ele>
			</trkpt>
			<trkpt lat="46.632249" lon="12.838892">
				<ele>1841.000000</ele>
			</trkpt>
			<trkpt lat="46.632237" lon="12.838911">
				<ele>1840.000000</ele>
			</trkpt>
			<trkpt lat="46.632225" lon="12.838929">
				<ele>1839.000000</ele>
			</trkpt>
			<trkpt lat="46.632218" lon="12.838955">
				<ele>1839.000000</ele>
			</trkpt>
			<trkpt lat="46.632237" lon="12.838974">
				<ele>1838.000000</ele>
			</trkpt>
			<trkpt lat="46.632231" lon="12.838992">
				<ele>1837.000000</ele>
			</trkpt>
			<trkpt lat="46.632212" lon="12.839001">
				<ele>1837.000000</ele>
			</trkpt>
			<trkpt lat="46.632206" lon="12.839028">
				<ele>1836.000000</ele>
			</trkpt>
			<trkpt lat="46.632187" lon="12.839036">
				<ele>1835.000000</ele>
			</trkpt>
			<trkpt lat="46.632194" lon="12.839055">
				<ele>1835.000000</ele>
			</trkpt>
			<trkpt lat="46.632200" lon="12.839064">
				<ele>1834.000000</ele>
			</trkpt>
			<trkpt lat="46.632181" lon="12.839072">
				<ele>1834.000000</ele>
			</trkpt>
			<trkpt lat="46.632175" lon="12.839064">
				<ele>1833.000000</ele>
			</trkpt>
			<trkpt lat="46.632163" lon="12.839055">
				<ele>1833.000000</ele>
			</trkpt>
			<trkpt lat="46.632156" lon="12.839036">
				<ele>1832.000000</ele>
			</trkpt>
			<trkpt lat="46.632150" lon="12.839045">
				<ele>1832.000000</ele>
			</trkpt>
			<trkpt lat="46.632144" lon="12.839064">
				<ele>1831.000000</ele>
			</trkpt>
			<trkpt lat="46.632150" lon="12.839072">
				<ele>1831.000000</ele>
			</trkpt>
			<trkpt lat="46.632156" lon="12.839081">
				<ele>1831.000000</ele>
			</trkpt>
			<trkpt lat="46.632144" lon="12.839091">
				<ele>1830.000000</ele>
			</trkpt>
			<trkpt lat="46.632138" lon="12.839108">
				<ele>1830.000000</ele>
			</trkpt>
			<trkpt lat="46.632132" lon="12.839126">
				<ele>1829.000000</ele>
			</trkpt>
			<trkpt lat="46.632138" lon="12.839162">
				<ele>1828.000000</ele>
			</trkpt>
			<trkpt lat="46.632138" lon="12.839198">
				<ele>1827.000000</ele>
			</trkpt>
			<trkpt lat="46.632132" lon="12.839225">
				<ele>1827.000000</ele>
			</trkpt>
			<trkpt lat="46.632119" lon="12.839225">
				<ele>1826.000000</ele>
			</trkpt>
			<trkpt lat="46.632113" lon="12.839234">
				<ele>1826.000000</ele>
			</trkpt>
			<trkpt lat="46.632119" lon="12.839244">
				<ele>1826.000000</ele>
			</trkpt>
			<trkpt lat="46.632132" lon="12.839244">
				<ele>1825.000000</ele>
			</trkpt>
			<trkpt lat="46.632138" lon="12.839252">
				<ele>1825.000000</ele>
			</trkpt>
			<trkpt lat="46.632138" lon="12.839261">
				<ele>1825.000000</ele>
			</trkpt>
			<trkpt lat="46.632138" lon="12.839271">
				<ele>1824.000000</ele>
			</trkpt>
			<trkpt lat="46.632132" lon="12.839271">
				<ele>1824.000000</ele>
			</trkpt>
			<trkpt lat="46.632126" lon="12.839261">
				<ele>1824.000000</ele>
			</trkpt>
			<trkpt lat="46.632119" lon="12.839252">
				<ele>1823.000000</ele>
			</trkpt>
			<trkpt lat="46.632107" lon="12.839252">
				<ele>1823.000000</ele>
			</trkpt>
			<trkpt lat="46.632101" lon="12.839261">
				<ele>1823.000000</ele>
			</trkpt>
			<trkpt lat="46.632101" lon="12.839279">
				<ele>1822.000000</ele>
			</trkpt>
			<trkpt lat="46.632095" lon="12.839305">
				<ele>1821.000000</ele>
			</trkpt>
			<trkpt lat="46.632095" lon="12.839315">
				<ele>1821.000000</ele>
			</trkpt>
			<trkpt lat="46.632107" lon="12.839334">
				<ele>1821.000000</ele>
			</trkpt>
			<trkpt lat="46.632107" lon="12.839342">
				<ele>1820.000000</ele>
			</trkpt>
			<trkpt lat="46.632107" lon="12.839360">
				<ele>1820.000000</ele>
			</trkpt>
			<trkpt lat="46.632095" lon="12.839360">
				<ele>1819.000000</ele>
			</trkpt>
			<trkpt lat="46.632077" lon="12.839342">
				<ele>1819.000000</ele>
			</trkpt>
			<trkpt lat="46.632071" lon="12.839334">
				<ele>1818.000000</ele>
			</trkpt>
			<trkpt lat="46.632058" lon="12.839334">
				<ele>1818.000000</ele>
			</trkpt>
			<trkpt lat="46.632052" lon="12.839351">
				<ele>1817.000000</ele>
			</trkpt>
			<trkpt lat="46.632052" lon="12.839368">
				<ele>1817.000000</ele>
			</trkpt>
			<trkpt lat="46.632052" lon="12.839395">
				<ele>1816.000000</ele>
			</trkpt>
			<trkpt lat="46.632027" lon="12.839395">
				<ele>1815.000000</ele>
			</trkpt>
			<trkpt lat="46.632015" lon="12.839395">
				<ele>1815.000000</ele>
			</trkpt>
			<trkpt lat="46.632009" lon="12.839405">
				<ele>1814.000000</ele>
			</trkpt>
			<trkpt lat="46.632009" lon="12.839422">
				<ele>1814.000000</ele>
			</trkpt>
			<trkpt lat="46.632009" lon="12.839468">
				<ele>1813.000000</ele>
			</trkpt>
			<trkpt lat="46.632009" lon="12.839477">
				<ele>1813.000000</ele>
			</trkpt>
			<trkpt lat="46.632009" lon="12.839485">
				<ele>1812.000000</ele>
			</trkpt>
			<trkpt lat="46.632009" lon="12.839504">
				<ele>1812.000000</ele>
			</trkpt>
			<trkpt lat="46.632021" lon="12.839512">
				<ele>1811.000000</ele>
			</trkpt>
			<trkpt lat="46.632040" lon="12.839540">
				<ele>1810.000000</ele>
			</trkpt>
			<trkpt lat="46.632052" lon="12.839558">
				<ele>1810.000000</ele>
			</trkpt>
			<trkpt lat="46.632064" lon="12.839567">
				<ele>1809.000000</ele>
			</trkpt>
			<trkpt lat="46.632071" lon="12.839602">
				<ele>1809.000000</ele>
			</trkpt>
			<trkpt lat="46.632083" lon="12.839630">
				<ele>1808.000000</ele>
			</trkpt>
			<trkpt lat="46.632101" lon="12.839638">
				<ele>1808.000000</ele>
			</trkpt>
			<trkpt lat="46.632132" lon="12.839665">
				<ele>1807.000000</ele>
			</trkpt>
			<trkpt lat="46.632132" lon="12.839684">
				<ele>1806.000000</ele>
			</trkpt>
			<trkpt lat="46.632126" lon="12.839692">
				<ele>1806.000000</ele>
			</trkpt>
			<trkpt lat="46.632095" lon="12.839674">
				<ele>1805.000000</ele>
			</trkpt>
			<trkpt lat="46.632064" lon="12.839674">
				<ele>1804.000000</ele>
			</trkpt>
			<trkpt lat="46.632052" lon="12.839665">
				<ele>1804.000000</ele>
			</trkpt>
			<trkpt lat="46.632040" lon="12.839665">
				<ele>1803.000000</ele>
			</trkpt>
			<trkpt lat="46.632033" lon="12.839674">
				<ele>1803.000000</ele>
			</trkpt>
			<trkpt lat="46.632040" lon="12.839692">
				<ele>1803.000000</ele>
			</trkpt>
			<trkpt lat="46.632064" lon="12.839710">
				<ele>1802.000000</ele>
			</trkpt>
			<trkpt lat="46.632077" lon="12.839720">
				<ele>1802.000000</ele>
			</trkpt>
			<trkpt lat="46.632077" lon="12.839747">
				<ele>1801.000000</ele>
			</trkpt>
			<trkpt lat="46.632071" lon="12.839755">
				<ele>1801.000000</ele>
			</trkpt>
			<trkpt lat="46.632058" lon="12.839764">
				<ele>1801.000000</ele>
			</trkpt>
			<trkpt lat="46.632046" lon="12.839755">
				<ele>1800.000000</ele>
			</trkpt>
			<trkpt lat="46.632033" lon="12.839755">
				<ele>1800.000000</ele>
			</trkpt>
			<trkpt lat="46.632021" lon="12.839747">
				<ele>1800.000000</ele>
			</trkpt>
			<trkpt lat="46.632021" lon="12.839755">
				<ele>1799.000000</ele>
			</trkpt>
			<trkpt lat="46.632015" lon="12.839764">
				<ele>1799.000000</ele>
			</trkpt>
			<trkpt lat="46.632015" lon="12.839800">
				<ele>1798.000000</ele>
			</trkpt>
			<trkpt lat="46.632015" lon="12.839818">
				<ele>1798.000000</ele>
			</trkpt>
			<trkpt lat="46.632015" lon="12.839845">
				<ele>1798.000000</ele>
			</trkpt>
			<trkpt lat="46.632021" lon="12.839854">
				<ele>1797.000000</ele>
			</trkpt>
			<trkpt lat="46.632033" lon="12.839854">
				<ele>1797.000000</ele>
			</trkpt>
			<trkpt lat="46.632046" lon="12.839854">
				<ele>1797.000000</ele>
			</trkpt>
			<trkpt lat="46.632046" lon="12.839871">
				<ele>1796.000000</ele>
			</trkpt>
			<trkpt lat="46.632040" lon="12.839890">
				<ele>1796.000000</ele>
			</trkpt>
			<trkpt lat="46.632027" lon="12.839881">
				<ele>1796.000000</ele>
			</trkpt>
			<trkpt lat="46.632015" lon="12.839898">
				<ele>1795.000000</ele>
			</trkpt>
			<trkpt lat="46.631996" lon="12.839898">
				<ele>1795.000000</ele>
			</trkpt>
			<trkpt lat="46.631984" lon="12.839890">
				<ele>1794.000000</ele>
			</trkpt>
			<trkpt lat="46.631965" lon="12.839898">
				<ele>1794.000000</ele>
			</trkpt>
			<trkpt lat="46.631965" lon="12.839908">
				<ele>1793.000000</ele>
			</trkpt>
			<trkpt lat="46.631978" lon="12.839934">
				<ele>1793.000000</ele>
			</trkpt>
			<trkpt lat="46.632002" lon="12.839961">
				<ele>1792.000000</ele>
			</trkpt>
			<trkpt lat="46.632009" lon="12.839980">
				<ele>1792.000000</ele>
			</trkpt>
			<trkpt lat="46.632009" lon="12.839997">
				<ele>1791.000000</ele>
			</trkpt>
			<trkpt lat="46.632009" lon="12.840007">
				<ele>1791.000000</ele>
			</trkpt>
			<trkpt lat="46.632002" lon="12.840016">
				<ele>1791.000000</ele>
			</trkpt>
			<trkpt lat="46.631965" lon="12.840016">
				<ele>1790.000000</ele>
			</trkpt>
			<trkpt lat="46.631959" lon="12.840016">
				<ele>1790.000000</ele>
			</trkpt>
			<trkpt lat="46.631940" lon="12.840043">
				<ele>1789.000000</ele>
			</trkpt>
			<trkpt lat="46.631959" lon="12.840087">
				<ele>1788.000000</ele>
			</trkpt>
			<trkpt lat="46.631947" lon="12.840114">
				<ele>1787.000000</ele>
			</trkpt>
			<trkpt lat="46.631953" lon="12.840150">
				<ele>1787.000000</ele>
			</trkpt>
			<trkpt lat="46.631947" lon="12.840168">
				<ele>1786.000000</ele>
			</trkpt>
			<trkpt lat="46.631934" lon="12.840187">
				<ele>1786.000000</ele>
			</trkpt>
			<trkpt lat="46.631953" lon="12.840204">
				<ele>1785.000000</ele>
			</trkpt>
			<trkpt lat="46.631965" lon="12.840204">
				<ele>1785.000000</ele>
			</trkpt>
			<trkpt lat="46.631990" lon="12.840196">
				<ele>1784.000000</ele>
			</trkpt>
			<trkpt lat="46.632002" lon="12.840187">
				<ele>1784.000000</ele>
			</trkpt>
			<trkpt lat="46.632009" lon="12.840187">
				<ele>1784.000000</ele>
			</trkpt>
			<trkpt lat="46.632015" lon="12.840213">
				<ele>1783.000000</ele>
			</trkpt>
			<trkpt lat="46.632015" lon="12.840240">
				<ele>1783.000000</ele>
			</trkpt>
			<trkpt lat="46.632015" lon="12.840267">
				<ele>1782.000000</ele>
			</trkpt>
			<trkpt lat="46.631996" lon="12.840267">
				<ele>1782.000000</ele>
			</trkpt>
			<trkpt lat="46.631984" lon="12.840258">
				<ele>1781.000000</ele>
			</trkpt>
			<trkpt lat="46.631965" lon="12.840258">
				<ele>1781.000000</ele>
			</trkpt>
			<trkpt lat="46.631953" lon="12.840286">
				<ele>1780.000000</ele>
			</trkpt>
			<trkpt lat="46.631959" lon="12.840313">
				<ele>1779.000000</ele>
			</trkpt>
			<trkpt lat="46.631959" lon="12.840321">
				<ele>1779.000000</ele>
			</trkpt>
			<trkpt lat="46.631947" lon="12.840321">
				<ele>1779.000000</ele>
			</trkpt>
			<trkpt lat="46.631928" lon="12.840321">
				<ele>1779.000000</ele>
			</trkpt>
			<trkpt lat="46.631916" lon="12.840330">
				<ele>1778.000000</ele>
			</trkpt>
			<trkpt lat="46.631904" lon="12.840339">
				<ele>1778.000000</ele>
			</trkpt>
			<trkpt lat="46.631904" lon="12.840357">
				<ele>1777.000000</ele>
			</trkpt>
			<trkpt lat="46.631916" lon="12.840384">
				<ele>1777.000000</ele>
			</trkpt>
			<trkpt lat="46.631934" lon="12.840402">
				<ele>1776.000000</ele>
			</trkpt>
			<trkpt lat="46.631959" lon="12.840420">
				<ele>1776.000000</ele>
			</trkpt>
			<trkpt lat="46.631971" lon="12.840447">
				<ele>1775.000000</ele>
			</trkpt>
			<trkpt lat="46.631984" lon="12.840464">
				<ele>1775.000000</ele>
			</trkpt>
			<trkpt lat="46.631996" lon="12.840464">
				<ele>1774.000000</ele>
			</trkpt>
			<trkpt lat="46.632009" lon="12.840464">
				<ele>1774.000000</ele>
			</trkpt>
			<trkpt lat="46.632027" lon="12.840464">
				<ele>1773.000000</ele>
			</trkpt>
			<trkpt lat="46.632033" lon="12.840464">
				<ele>1773.000000</ele>
			</trkpt>
			<trkpt lat="46.632033" lon="12.840474">
				<ele>1773.000000</ele>
			</trkpt>
			<trkpt lat="46.632015" lon="12.840483">
				<ele>1773.000000</ele>
			</trkpt>
			<trkpt lat="46.631984" lon="12.840492">
				<ele>1772.000000</ele>
			</trkpt>
			<trkpt lat="46.631959" lon="12.840500">
				<ele>1771.000000</ele>
			</trkpt>
			<trkpt lat="46.631928" lon="12.840500">
				<ele>1770.000000</ele>
			</trkpt>
			<trkpt lat="46.631879" lon="12.840527">
				<ele>1769.000000</ele>
			</trkpt>
			<trkpt lat="46.631861" lon="12.840519">
				<ele>1769.000000</ele>
			</trkpt>
			<trkpt lat="46.631842" lon="12.840510">
				<ele>1768.000000</ele>
			</trkpt>
			<trkpt lat="46.631824" lon="12.840519">
				<ele>1768.000000</ele>
			</trkpt>
			<trkpt lat="46.631805" lon="12.840537">
				<ele>1767.000000</ele>
			</trkpt>
			<trkpt lat="46.631774" lon="12.840537">
				<ele>1767.000000</ele>
			</trkpt>
			<trkpt lat="46.631749" lon="12.840546">
				<ele>1766.000000</ele>
			</trkpt>
			<trkpt lat="46.631749" lon="12.840573">
				<ele>1766.000000</ele>
			</trkpt>
			<trkpt lat="46.631768" lon="12.840590">
				<ele>1765.000000</ele>
			</trkpt>
			<trkpt lat="46.631793" lon="12.840600">
				<ele>1765.000000</ele>
			</trkpt>
			<trkpt lat="46.631824" lon="12.840609">
				<ele>1764.000000</ele>
			</trkpt>
			<trkpt lat="46.631842" lon="12.840617">
				<ele>1764.000000</ele>
			</trkpt>
			<trkpt lat="46.631861" lon="12.840644">
				<ele>1763.000000</ele>
			</trkpt>
			<trkpt lat="46.631885" lon="12.840672">
				<ele>1762.000000</ele>
			</trkpt>
			<trkpt lat="46.631898" lon="12.840699">
				<ele>1762.000000</ele>
			</trkpt>
			<trkpt lat="46.631916" lon="12.840726">
				<ele>1761.000000</ele>
			</trkpt>
			<trkpt lat="46.631922" lon="12.840743">
				<ele>1761.000000</ele>
			</trkpt>
			<trkpt lat="46.631922" lon="12.840762">
				<ele>1761.000000</ele>
			</trkpt>
			<trkpt lat="46.631947" lon="12.840779">
				<ele>1760.000000</ele>
			</trkpt>
			<trkpt lat="46.631959" lon="12.840833">
				<ele>1759.000000</ele>
			</trkpt>
			<trkpt lat="46.631990" lon="12.840887">
				<ele>1757.000000</ele>
			</trkpt>
			<trkpt lat="46.632021" lon="12.840905">
				<ele>1756.000000</ele>
			</trkpt>
			<trkpt lat="46.632027" lon="12.840923">
				<ele>1756.000000</ele>
			</trkpt>
			<trkpt lat="46.632027" lon="12.840950">
				<ele>1755.000000</ele>
			</trkpt>
			<trkpt lat="46.632021" lon="12.840959">
				<ele>1755.000000</ele>
			</trkpt>
			<trkpt lat="46.632009" lon="12.840959">
				<ele>1755.000000</ele>
			</trkpt>
			<trkpt lat="46.631996" lon="12.840959">
				<ele>1754.000000</ele>
			</trkpt>
			<trkpt lat="46.631965" lon="12.840976">
				<ele>1753.000000</ele>
			</trkpt>
			<trkpt lat="46.631947" lon="12.840995">
				<ele>1752.000000</ele>
			</trkpt>
			<trkpt lat="46.631916" lon="12.841022">
				<ele>1751.000000</ele>
			</trkpt>
			<trkpt lat="46.631904" lon="12.841022">
				<ele>1751.000000</ele>
			</trkpt>
			<trkpt lat="46.631861" lon="12.841030">
				<ele>1750.000000</ele>
			</trkpt>
			<trkpt lat="46.631817" lon="12.841058">
				<ele>1748.000000</ele>
			</trkpt>
			<trkpt lat="46.631780" lon="12.841066">
				<ele>1747.000000</ele>
			</trkpt>
			<trkpt lat="46.631762" lon="12.841085">
				<ele>1747.000000</ele>
			</trkpt>
			<trkpt lat="46.631743" lon="12.841112">
				<ele>1746.000000</ele>
			</trkpt>
			<trkpt lat="46.631762" lon="12.841139">
				<ele>1745.000000</ele>
			</trkpt>
			<trkpt lat="46.631811" lon="12.841156">
				<ele>1744.000000</ele>
			</trkpt>
			<trkpt lat="46.631848" lon="12.841183">
				<ele>1743.000000</ele>
			</trkpt>
			<trkpt lat="46.631848" lon="12.841219">
				<ele>1742.000000</ele>
			</trkpt>
			<trkpt lat="46.631873" lon="12.841246">
				<ele>1741.000000</ele>
			</trkpt>
			<trkpt lat="46.631904" lon="12.841282">
				<ele>1740.000000</ele>
			</trkpt>
			<trkpt lat="46.631934" lon="12.841309">
				<ele>1739.000000</ele>
			</trkpt>
			<trkpt lat="46.631928" lon="12.841328">
				<ele>1738.000000</ele>
			</trkpt>
			<trkpt lat="46.631916" lon="12.841345">
				<ele>1738.000000</ele>
			</trkpt>
			<trkpt lat="46.631922" lon="12.841363">
				<ele>1738.000000</ele>
			</trkpt>
			<trkpt lat="46.631934" lon="12.841372">
				<ele>1737.000000</ele>
			</trkpt>
			<trkpt lat="46.631922" lon="12.841389">
				<ele>1737.000000</ele>
			</trkpt>
			<trkpt lat="46.631916" lon="12.841418">
				<ele>1736.000000</ele>
			</trkpt>
			<trkpt lat="46.631922" lon="12.841435">
				<ele>1736.000000</ele>
			</trkpt>
			<trkpt lat="46.631934" lon="12.841453">
				<ele>1735.000000</ele>
			</trkpt>
			<trkpt lat="46.631934" lon="12.841479">
				<ele>1735.000000</ele>
			</trkpt>
			<trkpt lat="46.631922" lon="12.841498">
				<ele>1734.000000</ele>
			</trkpt>
			<trkpt lat="46.631904" lon="12.841506">
				<ele>1733.000000</ele>
			</trkpt>
			<trkpt lat="46.631885" lon="12.841516">
				<ele>1733.000000</ele>
			</trkpt>
			<trkpt lat="46.631867" lon="12.841525">
				<ele>1732.000000</ele>
			</trkpt>
			<trkpt lat="46.631836" lon="12.841516">
				<ele>1731.000000</ele>
			</trkpt>
			<trkpt lat="46.631805" lon="12.841534">
				<ele>1730.000000</ele>
			</trkpt>
			<trkpt lat="46.631793" lon="12.841552">
				<ele>1730.000000</ele>
			</trkpt>
			<trkpt lat="46.631774" lon="12.841579">
				<ele>1729.000000</ele>
			</trkpt>
			<trkpt lat="46.631749" lon="12.841596">
				<ele>1728.000000</ele>
			</trkpt>
			<trkpt lat="46.631725" lon="12.841596">
				<ele>1728.000000</ele>
			</trkpt>
			<trkpt lat="46.631700" lon="12.841632">
				<ele>1727.000000</ele>
			</trkpt>
			<trkpt lat="46.631663" lon="12.841695">
				<ele>1725.000000</ele>
			</trkpt>
			<trkpt lat="46.631632" lon="12.841768">
				<ele>1723.000000</ele>
			</trkpt>
			<trkpt lat="46.631595" lon="12.841866">
				<ele>1721.000000</ele>
			</trkpt>
			<trkpt lat="46.631570" lon="12.841921">
				<ele>1720.000000</ele>
			</trkpt>
			<trkpt lat="46.631570" lon="12.842010">
				<ele>1718.000000</ele>
			</trkpt>
			<trkpt lat="46.631521" lon="12.842127">
				<ele>1715.000000</ele>
			</trkpt>
			<trkpt lat="46.631478" lon="12.842217">
				<ele>1713.000000</ele>
			</trkpt>
			<trkpt lat="46.631454" lon="12.842280">
				<ele>1712.000000</ele>
			</trkpt>
			<trkpt lat="46.631392" lon="12.842405">
				<ele>1708.000000</ele>
			</trkpt>
			<trkpt lat="46.631348" lon="12.842460">
				<ele>1706.000000</ele>
			</trkpt>
			<trkpt lat="46.631311" lon="12.842504">
				<ele>1704.000000</ele>
			</trkpt>
			<trkpt lat="46.631305" lon="12.842558">
				<ele>1702.000000</ele>
			</trkpt>
			<trkpt lat="46.631299" lon="12.842611">
				<ele>1700.000000</ele>
			</trkpt>
			<trkpt lat="46.631132" lon="12.842997">
				<ele>1687.000000</ele>
			</trkpt>
			<trkpt lat="46.630929" lon="12.843052">
				<ele>1680.000000</ele>
			</trkpt>
			<trkpt lat="46.630775" lon="12.842917">
				<ele>1677.000000</ele>
			</trkpt>
			<trkpt lat="46.630503" lon="12.842558">
				<ele>1672.000000</ele>
			</trkpt>
			<trkpt lat="46.630232" lon="12.842495">
				<ele>1670.000000</ele>
			</trkpt>
			<trkpt lat="46.629751" lon="12.842584">
				<ele>1673.000000</ele>
			</trkpt>
			<trkpt lat="46.629282" lon="12.842647">
				<ele>1676.000000</ele>
			</trkpt>
			<trkpt lat="46.628967" lon="12.842334">
				<ele>1678.000000</ele>
			</trkpt>
			<trkpt lat="46.628603" lon="12.842271">
				<ele>1680.000000</ele>
			</trkpt>
			<trkpt lat="46.628369" lon="12.842315">
				<ele>1683.000000</ele>
			</trkpt>
			<trkpt lat="46.628073" lon="12.842414">
				<ele>1688.000000</ele>
			</trkpt>
			<trkpt lat="46.627894" lon="12.842397">
				<ele>1690.000000</ele>
			</trkpt>
			<trkpt lat="46.627764" lon="12.842504">
				<ele>1690.000000</ele>
			</trkpt>
			<trkpt lat="46.627660" lon="12.842513">
				<ele>1690.000000</ele>
			</trkpt>
			<trkpt lat="46.626925" lon="12.841947">
				<ele>1690.000000</ele>
			</trkpt>
			<trkpt lat="46.626536" lon="12.841615">
				<ele>1690.000000</ele>
			</trkpt>
			<trkpt lat="46.626191" lon="12.841506">
				<ele>1690.000000</ele>
			</trkpt>
			<trkpt lat="46.625938" lon="12.841506">
				<ele>1690.000000</ele>
			</trkpt>
			<trkpt lat="46.625809" lon="12.841309">
				<ele>1690.000000</ele>
			</trkpt>
			<trkpt lat="46.625661" lon="12.841238">
				<ele>1690.000000</ele>
			</trkpt>
			<trkpt lat="46.625593" lon="12.841102">
				<ele>1690.000000</ele>
			</trkpt>
			<trkpt lat="46.625525" lon="12.841058">
				<ele>1690.000000</ele>
			</trkpt>
			<trkpt lat="46.625451" lon="12.841066">
				<ele>1690.000000</ele>
			</trkpt>
			<trkpt lat="46.625383" lon="12.840986">
				<ele>1690.000000</ele>
			</trkpt>
			<trkpt lat="46.625279" lon="12.841003">
				<ele>1690.000000</ele>
			</trkpt>
			<trkpt lat="46.625210" lon="12.841030">
				<ele>1690.000000</ele>
			</trkpt>
			<trkpt lat="46.625161" lon="12.841030">
				<ele>1690.000000</ele>
			</trkpt>
			<trkpt lat="46.625142" lon="12.841076">
				<ele>1690.000000</ele>
			</trkpt>
			<trkpt lat="46.625106" lon="12.841102">
				<ele>1690.000000</ele>
			</trkpt>
			<trkpt lat="46.625063" lon="12.841102">
				<ele>1690.000000</ele>
			</trkpt>
			<trkpt lat="46.624976" lon="12.841148">
				<ele>1690.000000</ele>
			</trkpt>
			<trkpt lat="46.624859" lon="12.841120">
				<ele>1690.000000</ele>
			</trkpt>
			<trkpt lat="46.624797" lon="12.841183">
				<ele>1690.000000</ele>
			</trkpt>
			<trkpt lat="46.624747" lon="12.841202">
				<ele>1690.000000</ele>
			</trkpt>
			<trkpt lat="46.624662" lon="12.841175">
				<ele>1690.000000</ele>
			</trkpt>
			<trkpt lat="46.624606" lon="12.841175">
				<ele>1690.000000</ele>
			</trkpt>
			<trkpt lat="46.624556" lon="12.841139">
				<ele>1690.000000</ele>
			</trkpt>
			<trkpt lat="46.624519" lon="12.841076">
				<ele>1690.000000</ele>
			</trkpt>
			<trkpt lat="46.624408" lon="12.841039">
				<ele>1690.000000</ele>
			</trkpt>
			<trkpt lat="46.624346" lon="12.841022">
				<ele>1690.000000</ele>
			</trkpt>
			<trkpt lat="46.624297" lon="12.841030">
				<ele>1690.000000</ele>
			</trkpt>
			<trkpt lat="46.624155" lon="12.841058">
				<ele>1690.000000</ele>
			</trkpt>
			<trkpt lat="46.624044" lon="12.841148">
				<ele>1690.000000</ele>
			</trkpt>
			<trkpt lat="46.623995" lon="12.841156">
				<ele>1690.000000</ele>
			</trkpt>
			<trkpt lat="46.623927" lon="12.841202">
				<ele>1690.000000</ele>
			</trkpt>
			<trkpt lat="46.623785" lon="12.841345">
				<ele>1690.000000</ele>
			</trkpt>
			<trkpt lat="46.623687" lon="12.841399">
				<ele>1690.000000</ele>
			</trkpt>
			<trkpt lat="46.623600" lon="12.841418">
				<ele>1690.000000</ele>
			</trkpt>
			<trkpt lat="46.623514" lon="12.841506">
				<ele>1690.000000</ele>
			</trkpt>
			<trkpt lat="46.623372" lon="12.841596">
				<ele>1690.000000</ele>
			</trkpt>
			<trkpt lat="46.623255" lon="12.841668">
				<ele>1690.000000</ele>
			</trkpt>
			<trkpt lat="46.623156" lon="12.841695">
				<ele>1690.000000</ele>
			</trkpt>
			<trkpt lat="46.623076" lon="12.841714">
				<ele>1690.000000</ele>
			</trkpt>
			<trkpt lat="46.623051" lon="12.841686">
				<ele>1690.000000</ele>
			</trkpt>
			<trkpt lat="46.622977" lon="12.841741">
				<ele>1690.000000</ele>
			</trkpt>
			<trkpt lat="46.622922" lon="12.841768">
				<ele>1690.000000</ele>
			</trkpt>
			<trkpt lat="46.622854" lon="12.841758">
				<ele>1690.000000</ele>
			</trkpt>
			<trkpt lat="46.622810" lon="12.841768">
				<ele>1690.000000</ele>
			</trkpt>
			<trkpt lat="46.622773" lon="12.841794">
				<ele>1690.000000</ele>
			</trkpt>
			<trkpt lat="46.622700" lon="12.841858">
				<ele>1690.000000</ele>
			</trkpt>
			<trkpt lat="46.622632" lon="12.841947">
				<ele>1690.000000</ele>
			</trkpt>
			<trkpt lat="46.622551" lon="12.842055">
				<ele>1690.000000</ele>
			</trkpt>
			<trkpt lat="46.622447" lon="12.842081">
				<ele>1690.000000</ele>
			</trkpt>
			<trkpt lat="46.622385" lon="12.842162">
				<ele>1690.000000</ele>
			</trkpt>
			<trkpt lat="46.622385" lon="12.842244">
				<ele>1690.000000</ele>
			</trkpt>
			<trkpt lat="46.622311" lon="12.842334">
				<ele>1690.000000</ele>
			</trkpt>
			<trkpt lat="46.622175" lon="12.842477">
				<ele>1690.000000</ele>
			</trkpt>
			<trkpt lat="46.622076" lon="12.842558">
				<ele>1690.000000</ele>
			</trkpt>
			<trkpt lat="46.621977" lon="12.842594">
				<ele>1690.000000</ele>
			</trkpt>
			<trkpt lat="46.621916" lon="12.842647">
				<ele>1690.000000</ele>
			</trkpt>
			<trkpt lat="46.621873" lon="12.842710">
				<ele>1690.000000</ele>
			</trkpt>
			<trkpt lat="46.621842" lon="12.842747">
				<ele>1690.000000</ele>
			</trkpt>
			<trkpt lat="46.621823" lon="12.842791">
				<ele>1690.000000</ele>
			</trkpt>
			<trkpt lat="46.621829" lon="12.842854">
				<ele>1690.000000</ele>
			</trkpt>
			<trkpt lat="46.621805" lon="12.842926">
				<ele>1690.000000</ele>
			</trkpt>
			<trkpt lat="46.621725" lon="12.842989">
				<ele>1690.000000</ele>
			</trkpt>
			<trkpt lat="46.621632" lon="12.843016">
				<ele>1690.000000</ele>
			</trkpt>
			<trkpt lat="46.621576" lon="12.843097">
				<ele>1690.000000</ele>
			</trkpt>
			<trkpt lat="46.621533" lon="12.843097">
				<ele>1690.000000</ele>
			</trkpt>
			<trkpt lat="46.621478" lon="12.843160">
				<ele>1690.000000</ele>
			</trkpt>
			<trkpt lat="46.621422" lon="12.843259">
				<ele>1690.000000</ele>
			</trkpt>
			<trkpt lat="46.621422" lon="12.843286">
				<ele>1690.000000</ele>
			</trkpt>
			<trkpt lat="46.621385" lon="12.843349">
				<ele>1689.000000</ele>
			</trkpt>
			<trkpt lat="46.621354" lon="12.843439">
				<ele>1688.000000</ele>
			</trkpt>
			<trkpt lat="46.621293" lon="12.843447">
				<ele>1687.000000</ele>
			</trkpt>
			<trkpt lat="46.621262" lon="12.843502">
				<ele>1686.000000</ele>
			</trkpt>
			<trkpt lat="46.621212" lon="12.843546">
				<ele>1685.000000</ele>
			</trkpt>
			<trkpt lat="46.621212" lon="12.843609">
				<ele>1685.000000</ele>
			</trkpt>
			<trkpt lat="46.621250" lon="12.843626">
				<ele>1684.000000</ele>
			</trkpt>
			<trkpt lat="46.621256" lon="12.843672">
				<ele>1684.000000</ele>
			</trkpt>
			<trkpt lat="46.621250" lon="12.843735">
				<ele>1683.000000</ele>
			</trkpt>
			<trkpt lat="46.621219" lon="12.843789">
				<ele>1682.000000</ele>
			</trkpt>
			<trkpt lat="46.621181" lon="12.843806">
				<ele>1682.000000</ele>
			</trkpt>
			<trkpt lat="46.621145" lon="12.843825">
				<ele>1681.000000</ele>
			</trkpt>
			<trkpt lat="46.621139" lon="12.843852">
				<ele>1681.000000</ele>
			</trkpt>
			<trkpt lat="46.621157" lon="12.843905">
				<ele>1680.000000</ele>
			</trkpt>
			<trkpt lat="46.621163" lon="12.843968">
				<ele>1680.000000</ele>
			</trkpt>
			<trkpt lat="46.621108" lon="12.844031">
				<ele>1680.000000</ele>
			</trkpt>
			<trkpt lat="46.621071" lon="12.844076">
				<ele>1680.000000</ele>
			</trkpt>
			<trkpt lat="46.621083" lon="12.844148">
				<ele>1680.000000</ele>
			</trkpt>
			<trkpt lat="46.621077" lon="12.844211">
				<ele>1680.000000</ele>
			</trkpt>
			<trkpt lat="46.621040" lon="12.844238">
				<ele>1680.000000</ele>
			</trkpt>
			<trkpt lat="46.621009" lon="12.844301">
				<ele>1680.000000</ele>
			</trkpt>
			<trkpt lat="46.621009" lon="12.844408">
				<ele>1680.000000</ele>
			</trkpt>
			<trkpt lat="46.621040" lon="12.844508">
				<ele>1680.000000</ele>
			</trkpt>
			<trkpt lat="46.621040" lon="12.844597">
				<ele>1680.000000</ele>
			</trkpt>
			<trkpt lat="46.621015" lon="12.844651">
				<ele>1680.000000</ele>
			</trkpt>
			<trkpt lat="46.621058" lon="12.844732">
				<ele>1680.000000</ele>
			</trkpt>
			<trkpt lat="46.621015" lon="12.844921">
				<ele>1680.000000</ele>
			</trkpt>
			<trkpt lat="46.621015" lon="12.845047">
				<ele>1680.000000</ele>
			</trkpt>
			<trkpt lat="46.621021" lon="12.845244">
				<ele>1680.000000</ele>
			</trkpt>
			<trkpt lat="46.621040" lon="12.845424">
				<ele>1680.000000</ele>
			</trkpt>
			<trkpt lat="46.621052" lon="12.845531">
				<ele>1680.000000</ele>
			</trkpt>
			<trkpt lat="46.621052" lon="12.845594">
				<ele>1680.000000</ele>
			</trkpt>
			<trkpt lat="46.621064" lon="12.846016">
				<ele>1680.000000</ele>
			</trkpt>
			<trkpt lat="46.620953" lon="12.846573">
				<ele>1680.000000</ele>
			</trkpt>
			<trkpt lat="46.620799" lon="12.847032">
				<ele>1680.000000</ele>
			</trkpt>
			<trkpt lat="46.620756" lon="12.847292">
				<ele>1682.000000</ele>
			</trkpt>
			<trkpt lat="46.620750" lon="12.847301">
				<ele>1682.000000</ele>
			</trkpt>
			<trkpt lat="46.620707" lon="12.847345">
				<ele>1682.000000</ele>
			</trkpt>
			<trkpt lat="46.620626" lon="12.847408">
				<ele>1683.000000</ele>
			</trkpt>
			<trkpt lat="46.620577" lon="12.847445">
				<ele>1683.000000</ele>
			</trkpt>
			<trkpt lat="46.620522" lon="12.847481">
				<ele>1684.000000</ele>
			</trkpt>
			<trkpt lat="46.620441" lon="12.847544">
				<ele>1685.000000</ele>
			</trkpt>
			<trkpt lat="46.620367" lon="12.847607">
				<ele>1685.000000</ele>
			</trkpt>
			<trkpt lat="46.620275" lon="12.847687">
				<ele>1686.000000</ele>
			</trkpt>
			<trkpt lat="46.620207" lon="12.847777">
				<ele>1687.000000</ele>
			</trkpt>
			<trkpt lat="46.620133" lon="12.847867">
				<ele>1688.000000</ele>
			</trkpt>
			<trkpt lat="46.620077" lon="12.847911">
				<ele>1688.000000</ele>
			</trkpt>
			<trkpt lat="46.620040" lon="12.847966">
				<ele>1689.000000</ele>
			</trkpt>
			<trkpt lat="46.620015" lon="12.848011">
				<ele>1689.000000</ele>
			</trkpt>
			<trkpt lat="46.619972" lon="12.848091">
				<ele>1689.000000</ele>
			</trkpt>
			<trkpt lat="46.619929" lon="12.848190">
				<ele>1690.000000</ele>
			</trkpt>
			<trkpt lat="46.619880" lon="12.848271">
				<ele>1691.000000</ele>
			</trkpt>
			<trkpt lat="46.619799" lon="12.848460">
				<ele>1693.000000</ele>
			</trkpt>
			<trkpt lat="46.619720" lon="12.848639">
				<ele>1694.000000</ele>
			</trkpt>
			<trkpt lat="46.619670" lon="12.848846">
				<ele>1696.000000</ele>
			</trkpt>
			<trkpt lat="46.619645" lon="12.848953">
				<ele>1697.000000</ele>
			</trkpt>
			<trkpt lat="46.619627" lon="12.849089">
				<ele>1698.000000</ele>
			</trkpt>
			<trkpt lat="46.619602" lon="12.849259">
				<ele>1699.000000</ele>
			</trkpt>
			<trkpt lat="46.619577" lon="12.849395">
				<ele>1700.000000</ele>
			</trkpt>
			<trkpt lat="46.619559" lon="12.849754">
				<ele>1704.000000</ele>
			</trkpt>
			<trkpt lat="46.619528" lon="12.849934">
				<ele>1706.000000</ele>
			</trkpt>
			<trkpt lat="46.619442" lon="12.850202">
				<ele>1709.000000</ele>
			</trkpt>
			<trkpt lat="46.619442" lon="12.850247">
				<ele>1709.000000</ele>
			</trkpt>
			<trkpt lat="46.619454" lon="12.850301">
				<ele>1710.000000</ele>
			</trkpt>
			<trkpt lat="46.619497" lon="12.850292">
				<ele>1711.000000</ele>
			</trkpt>
			<trkpt lat="46.619541" lon="12.850274">
				<ele>1711.000000</ele>
			</trkpt>
			<trkpt lat="46.619633" lon="12.850238">
				<ele>1713.000000</ele>
			</trkpt>
			<trkpt lat="46.619670" lon="12.850257">
				<ele>1713.000000</ele>
			</trkpt>
			<trkpt lat="46.619707" lon="12.850292">
				<ele>1714.000000</ele>
			</trkpt>
			<trkpt lat="46.619689" lon="12.850337">
				<ele>1715.000000</ele>
			</trkpt>
			<trkpt lat="46.619620" lon="12.850400">
				<ele>1716.000000</ele>
			</trkpt>
			<trkpt lat="46.619541" lon="12.850553">
				<ele>1718.000000</ele>
			</trkpt>
			<trkpt lat="46.619404" lon="12.850894">
				<ele>1722.000000</ele>
			</trkpt>
			<trkpt lat="46.619102" lon="12.851037">
				<ele>1729.000000</ele>
			</trkpt>
			<trkpt lat="46.619034" lon="12.851074">
				<ele>1730.000000</ele>
			</trkpt>
			<trkpt lat="46.618739" lon="12.851190">
				<ele>1735.000000</ele>
			</trkpt>
			<trkpt lat="46.618590" lon="12.851253">
				<ele>1737.000000</ele>
			</trkpt>
			<trkpt lat="46.618436" lon="12.851290">
				<ele>1740.000000</ele>
			</trkpt>
			<trkpt lat="46.618423" lon="12.851362">
				<ele>1741.000000</ele>
			</trkpt>
			<trkpt lat="46.618411" lon="12.851397">
				<ele>1742.000000</ele>
			</trkpt>
			<trkpt lat="46.618368" lon="12.851487">
				<ele>1744.000000</ele>
			</trkpt>
			<trkpt lat="46.618313" lon="12.851586">
				<ele>1746.000000</ele>
			</trkpt>
			<trkpt lat="46.618269" lon="12.851613">
				<ele>1747.000000</ele>
			</trkpt>
			<trkpt lat="46.618202" lon="12.851631">
				<ele>1749.000000</ele>
			</trkpt>
			<trkpt lat="46.618078" lon="12.851649">
				<ele>1752.000000</ele>
			</trkpt>
			<trkpt lat="46.618022" lon="12.851666">
				<ele>1754.000000</ele>
			</trkpt>
			<trkpt lat="46.617955" lon="12.851676">
				<ele>1755.000000</ele>
			</trkpt>
			<trkpt lat="46.617936" lon="12.851748">
				<ele>1757.000000</ele>
			</trkpt>
			<trkpt lat="46.617949" lon="12.851819">
				<ele>1758.000000</ele>
			</trkpt>
			<trkpt lat="46.617986" lon="12.851963">
				<ele>1761.000000</ele>
			</trkpt>
			<trkpt lat="46.617998" lon="12.852062">
				<ele>1762.000000</ele>
			</trkpt>
			<trkpt lat="46.617992" lon="12.852161">
				<ele>1764.000000</ele>
			</trkpt>
			<trkpt lat="46.617887" lon="12.852188">
				<ele>1767.000000</ele>
			</trkpt>
			<trkpt lat="46.617764" lon="12.852152">
				<ele>1770.000000</ele>
			</trkpt>
			<trkpt lat="46.617652" lon="12.852108">
				<ele>1772.000000</ele>
			</trkpt>
			<trkpt lat="46.617579" lon="12.852116">
				<ele>1774.000000</ele>
			</trkpt>
			<trkpt lat="46.617548" lon="12.852188">
				<ele>1775.000000</ele>
			</trkpt>
			<trkpt lat="46.617529" lon="12.852385">
				<ele>1778.000000</ele>
			</trkpt>
			<trkpt lat="46.617467" lon="12.852484">
				<ele>1779.000000</ele>
			</trkpt>
			<trkpt lat="46.617387" lon="12.852547">
				<ele>1781.000000</ele>
			</trkpt>
			<trkpt lat="46.617338" lon="12.852584">
				<ele>1782.000000</ele>
			</trkpt>
			<trkpt lat="46.617257" lon="12.852610">
				<ele>1783.000000</ele>
			</trkpt>
			<trkpt lat="46.617202" lon="12.852637">
				<ele>1784.000000</ele>
			</trkpt>
			<trkpt lat="46.617190" lon="12.852691">
				<ele>1785.000000</ele>
			</trkpt>
			<trkpt lat="46.617251" lon="12.852735">
				<ele>1786.000000</ele>
			</trkpt>
			<trkpt lat="46.617313" lon="12.852762">
				<ele>1787.000000</ele>
			</trkpt>
			<trkpt lat="46.617393" lon="12.852771">
				<ele>1788.000000</ele>
			</trkpt>
			<trkpt lat="46.617504" lon="12.852817">
				<ele>1790.000000</ele>
			</trkpt>
			<trkpt lat="46.617566" lon="12.852924">
				<ele>1791.000000</ele>
			</trkpt>
			<trkpt lat="46.617603" lon="12.852987">
				<ele>1792.000000</ele>
			</trkpt>
			<trkpt lat="46.617597" lon="12.853158">
				<ele>1794.000000</ele>
			</trkpt>
			<trkpt lat="46.617554" lon="12.853194">
				<ele>1795.000000</ele>
			</trkpt>
			<trkpt lat="46.617473" lon="12.853311">
				<ele>1796.000000</ele>
			</trkpt>
			<trkpt lat="46.617406" lon="12.853563">
				<ele>1799.000000</ele>
			</trkpt>
			<trkpt lat="46.617406" lon="12.853697">
				<ele>1801.000000</ele>
			</trkpt>
			<trkpt lat="46.617406" lon="12.853760">
				<ele>1801.000000</ele>
			</trkpt>
			<trkpt lat="46.617442" lon="12.853913">
				<ele>1803.000000</ele>
			</trkpt>
			<trkpt lat="46.617430" lon="12.854066">
				<ele>1805.000000</ele>
			</trkpt>
			<trkpt lat="46.617344" lon="12.854245">
				<ele>1807.000000</ele>
			</trkpt>
			<trkpt lat="46.617184" lon="12.854316">
				<ele>1810.000000</ele>
			</trkpt>
			<trkpt lat="46.617085" lon="12.854308">
				<ele>1811.000000</ele>
			</trkpt>
			<trkpt lat="46.617017" lon="12.854308">
				<ele>1812.000000</ele>
			</trkpt>
			<trkpt lat="46.616906" lon="12.854389">
				<ele>1815.000000</ele>
			</trkpt>
			<trkpt lat="46.616813" lon="12.854496">
				<ele>1817.000000</ele>
			</trkpt>
			<trkpt lat="46.616653" lon="12.854569">
				<ele>1819.000000</ele>
			</trkpt>
			<trkpt lat="46.616505" lon="12.854882">
				<ele>1820.000000</ele>
			</trkpt>
			<trkpt lat="46.616449" lon="12.854982">
				<ele>1820.000000</ele>
			</trkpt>
			<trkpt lat="46.616351" lon="12.855251">
				<ele>1820.000000</ele>
			</trkpt>
			<trkpt lat="46.616264" lon="12.855377">
				<ele>1820.000000</ele>
			</trkpt>
			<trkpt lat="46.616197" lon="12.855484">
				<ele>1820.000000</ele>
			</trkpt>
			<trkpt lat="46.616178" lon="12.855511">
				<ele>1820.000000</ele>
			</trkpt>
			<trkpt lat="46.616165" lon="12.855530">
				<ele>1820.000000</ele>
			</trkpt>
			<trkpt lat="46.616128" lon="12.855548">
				<ele>1820.000000</ele>
			</trkpt>
			<trkpt lat="46.616097" lon="12.855611">
				<ele>1820.000000</ele>
			</trkpt>
			<trkpt lat="46.616054" lon="12.855727">
				<ele>1820.000000</ele>
			</trkpt>
			<trkpt lat="46.616024" lon="12.855907">
				<ele>1820.000000</ele>
			</trkpt>
			<trkpt lat="46.615987" lon="12.856041">
				<ele>1820.000000</ele>
			</trkpt>
			<trkpt lat="46.615925" lon="12.856213">
				<ele>1820.000000</ele>
			</trkpt>
			<trkpt lat="46.615875" lon="12.856329">
				<ele>1820.000000</ele>
			</trkpt>
			<trkpt lat="46.615851" lon="12.856446">
				<ele>1820.000000</ele>
			</trkpt>
			<trkpt lat="46.615826" lon="12.856572">
				<ele>1820.000000</ele>
			</trkpt>
			<trkpt lat="46.615826" lon="12.856689">
				<ele>1820.000000</ele>
			</trkpt>
			<trkpt lat="46.615820" lon="12.856796">
				<ele>1820.000000</ele>
			</trkpt>
			<trkpt lat="46.615826" lon="12.856932">
				<ele>1820.000000</ele>
			</trkpt>
			<trkpt lat="46.615802" lon="12.857075">
				<ele>1820.000000</ele>
			</trkpt>
			<trkpt lat="46.615789" lon="12.857200">
				<ele>1820.000000</ele>
			</trkpt>
			<trkpt lat="46.615746" lon="12.857532">
				<ele>1819.000000</ele>
			</trkpt>
			<trkpt lat="46.615727" lon="12.857739">
				<ele>1819.000000</ele>
			</trkpt>
			<trkpt lat="46.615696" lon="12.857901">
				<ele>1819.000000</ele>
			</trkpt>
			<trkpt lat="46.615665" lon="12.858000">
				<ele>1818.000000</ele>
			</trkpt>
			<trkpt lat="46.615586" lon="12.858054">
				<ele>1817.000000</ele>
			</trkpt>
			<trkpt lat="46.615413" lon="12.858404">
				<ele>1812.000000</ele>
			</trkpt>
			<trkpt lat="46.615147" lon="12.858574">
				<ele>1807.000000</ele>
			</trkpt>
			<trkpt lat="46.615061" lon="12.858656">
				<ele>1805.000000</ele>
			</trkpt>
			<trkpt lat="46.614975" lon="12.858683">
				<ele>1803.000000</ele>
			</trkpt>
			<trkpt lat="46.614925" lon="12.858718">
				<ele>1802.000000</ele>
			</trkpt>
			<trkpt lat="46.614894" lon="12.858773">
				<ele>1801.000000</ele>
			</trkpt>
			<trkpt lat="46.614919" lon="12.858987">
				<ele>1800.000000</ele>
			</trkpt>
			<trkpt lat="46.614912" lon="12.859132">
				<ele>1800.000000</ele>
			</trkpt>
			<trkpt lat="46.614789" lon="12.859276">
				<ele>1800.000000</ele>
			</trkpt>
			<trkpt lat="46.614697" lon="12.859383">
				<ele>1800.000000</ele>
			</trkpt>
			<trkpt lat="46.614623" lon="12.859545">
				<ele>1800.000000</ele>
			</trkpt>
			<trkpt lat="46.614592" lon="12.859653">
				<ele>1800.000000</ele>
			</trkpt>
			<trkpt lat="46.614573" lon="12.859760">
				<ele>1800.000000</ele>
			</trkpt>
			<trkpt lat="46.614450" lon="12.860148">
				<ele>1800.000000</ele>
			</trkpt>
			<trkpt lat="46.614302" lon="12.860685">
				<ele>1801.000000</ele>
			</trkpt>
			<trkpt lat="46.614129" lon="12.860991">
				<ele>1803.000000</ele>
			</trkpt>
			<trkpt lat="46.613777" lon="12.861907">
				<ele>1809.000000</ele>
			</trkpt>
			<trkpt lat="46.613752" lon="12.861934">
				<ele>1809.000000</ele>
			</trkpt>
			<trkpt lat="46.613722" lon="12.861970">
				<ele>1810.000000</ele>
			</trkpt>
			<trkpt lat="46.613481" lon="12.862132">
				<ele>1815.000000</ele>
			</trkpt>
			<trkpt lat="46.613432" lon="12.862249">
				<ele>1818.000000</ele>
			</trkpt>
			<trkpt lat="46.613382" lon="12.862232">
				<ele>1819.000000</ele>
			</trkpt>
			<trkpt lat="46.613345" lon="12.862266">
				<ele>1820.000000</ele>
			</trkpt>
			<trkpt lat="46.613333" lon="12.862249">
				<ele>1820.000000</ele>
			</trkpt>
			<trkpt lat="46.613327" lon="12.862249">
				<ele>1820.000000</ele>
			</trkpt>
			<trkpt lat="46.613284" lon="12.862240">
				<ele>1822.000000</ele>
			</trkpt>
			<trkpt lat="46.613265" lon="12.862276">
				<ele>1823.000000</ele>
			</trkpt>
			<trkpt lat="46.613253" lon="12.862303">
				<ele>1824.000000</ele>
			</trkpt>
			<trkpt lat="46.613234" lon="12.862285">
				<ele>1824.000000</ele>
			</trkpt>
			<trkpt lat="46.613210" lon="12.862285">
				<ele>1825.000000</ele>
			</trkpt>
			<trkpt lat="46.613197" lon="12.862321">
				<ele>1826.000000</ele>
			</trkpt>
			<trkpt lat="46.613172" lon="12.862339">
				<ele>1827.000000</ele>
			</trkpt>
			<trkpt lat="46.613135" lon="12.862339">
				<ele>1828.000000</ele>
			</trkpt>
			<trkpt lat="46.613123" lon="12.862303">
				<ele>1829.000000</ele>
			</trkpt>
			<trkpt lat="46.613099" lon="12.862266">
				<ele>1830.000000</ele>
			</trkpt>
			<trkpt lat="46.613043" lon="12.862285">
				<ele>1832.000000</ele>
			</trkpt>
			<trkpt lat="46.612994" lon="12.862249">
				<ele>1834.000000</ele>
			</trkpt>
			<trkpt lat="46.612981" lon="12.862276">
				<ele>1835.000000</ele>
			</trkpt>
			<trkpt lat="46.612969" lon="12.862303">
				<ele>1836.000000</ele>
			</trkpt>
			<trkpt lat="46.612883" lon="12.862222">
				<ele>1839.000000</ele>
			</trkpt>
			<trkpt lat="46.612833" lon="12.862203">
				<ele>1841.000000</ele>
			</trkpt>
			<trkpt lat="46.612827" lon="12.862321">
				<ele>1844.000000</ele>
			</trkpt>
			<trkpt lat="46.612623" lon="12.862582">
				<ele>1854.000000</ele>
			</trkpt>
			<trkpt lat="46.612574" lon="12.862528">
				<ele>1856.000000</ele>
			</trkpt>
			<trkpt lat="46.612476" lon="12.862446">
				<ele>1861.000000</ele>
			</trkpt>
			<trkpt lat="46.612432" lon="12.862446">
				<ele>1862.000000</ele>
			</trkpt>
			<trkpt lat="46.612376" lon="12.862536">
				<ele>1866.000000</ele>
			</trkpt>
			<trkpt lat="46.612303" lon="12.862410">
				<ele>1870.000000</ele>
			</trkpt>
			<trkpt lat="46.612259" lon="12.862492">
				<ele>1873.000000</ele>
			</trkpt>
			<trkpt lat="46.612228" lon="12.862509">
				<ele>1875.000000</ele>
			</trkpt>
			<trkpt lat="46.612173" lon="12.862482">
				<ele>1878.000000</ele>
			</trkpt>
			<trkpt lat="46.612148" lon="12.862528">
				<ele>1880.000000</ele>
			</trkpt>
			<trkpt lat="46.612074" lon="12.862519">
				<ele>1883.000000</ele>
			</trkpt>
			<trkpt lat="46.611994" lon="12.862438">
				<ele>1887.000000</ele>
			</trkpt>
			<trkpt lat="46.611963" lon="12.862563">
				<ele>1891.000000</ele>
			</trkpt>
			<trkpt lat="46.611883" lon="12.862482">
				<ele>1894.000000</ele>
			</trkpt>
			<trkpt lat="46.611846" lon="12.862492">
				<ele>1896.000000</ele>
			</trkpt>
			<trkpt lat="46.611877" lon="12.862716">
				<ele>1901.000000</ele>
			</trkpt>
			<trkpt lat="46.611920" lon="12.862761">
				<ele>1902.000000</ele>
			</trkpt>
			<trkpt lat="46.611957" lon="12.862914">
				<ele>1905.000000</ele>
			</trkpt>
			<trkpt lat="46.611981" lon="12.863048">
				<ele>1907.000000</ele>
			</trkpt>
			<trkpt lat="46.611981" lon="12.863156">
				<ele>1909.000000</ele>
			</trkpt>
			<trkpt lat="46.612000" lon="12.863264">
				<ele>1911.000000</ele>
			</trkpt>
			<trkpt lat="46.612031" lon="12.863335">
				<ele>1913.000000</ele>
			</trkpt>
			<trkpt lat="46.612043" lon="12.863461">
				<ele>1916.000000</ele>
			</trkpt>
			<trkpt lat="46.612050" lon="12.863597">
				<ele>1919.000000</ele>
			</trkpt>
			<trkpt lat="46.612081" lon="12.863714">
				<ele>1922.000000</ele>
			</trkpt>
			<trkpt lat="46.612112" lon="12.863794">
				<ele>1924.000000</ele>
			</trkpt>
			<trkpt lat="46.612050" lon="12.863840">
				<ele>1927.000000</ele>
			</trkpt>
			<trkpt lat="46.612068" lon="12.863929">
				<ele>1929.000000</ele>
			</trkpt>
			<trkpt lat="46.612050" lon="12.864100">
				<ele>1931.000000</ele>
			</trkpt>
			<trkpt lat="46.611951" lon="12.864360">
				<ele>1934.000000</ele>
			</trkpt>
			<trkpt lat="46.611926" lon="12.864477">
				<ele>1935.000000</ele>
			</trkpt>
			<trkpt lat="46.611902" lon="12.864647">
				<ele>1937.000000</ele>
			</trkpt>
			<trkpt lat="46.611902" lon="12.864773">
				<ele>1938.000000</ele>
			</trkpt>
			<trkpt lat="46.611889" lon="12.864872">
				<ele>1939.000000</ele>
			</trkpt>
			<trkpt lat="46.611821" lon="12.865132">
				<ele>1944.000000</ele>
			</trkpt>
			<trkpt lat="46.611802" lon="12.865240">
				<ele>1946.000000</ele>
			</trkpt>
			<trkpt lat="46.611802" lon="12.865448">
				<ele>1949.000000</ele>
			</trkpt>
			<trkpt lat="46.611778" lon="12.865591">
				<ele>1952.000000</ele>
			</trkpt>
			<trkpt lat="46.611741" lon="12.865744">
				<ele>1955.000000</ele>
			</trkpt>
			<trkpt lat="46.611679" lon="12.865824">
				<ele>1957.000000</ele>
			</trkpt>
			<trkpt lat="46.611611" lon="12.865887">
				<ele>1959.000000</ele>
			</trkpt>
			<trkpt lat="46.611599" lon="12.865959">
				<ele>1960.000000</ele>
			</trkpt>
			<trkpt lat="46.611599" lon="12.866004">
				<ele>1960.000000</ele>
			</trkpt>
			<trkpt lat="46.611630" lon="12.866085">
				<ele>1960.000000</ele>
			</trkpt>
			<trkpt lat="46.611667" lon="12.866121">
				<ele>1960.000000</ele>
			</trkpt>
			<trkpt lat="46.611723" lon="12.866165">
				<ele>1960.000000</ele>
			</trkpt>
			<trkpt lat="46.611827" lon="12.866282">
				<ele>1960.000000</ele>
			</trkpt>
			<trkpt lat="46.611939" lon="12.866507">
				<ele>1960.000000</ele>
			</trkpt>
			<trkpt lat="46.612019" lon="12.866633">
				<ele>1960.000000</ele>
			</trkpt>
			<trkpt lat="46.612112" lon="12.866777">
				<ele>1960.000000</ele>
			</trkpt>
			<trkpt lat="46.612179" lon="12.866884">
				<ele>1960.000000</ele>
			</trkpt>
			<trkpt lat="46.612222" lon="12.867001">
				<ele>1960.000000</ele>
			</trkpt>
			<trkpt lat="46.612228" lon="12.867027">
				<ele>1960.000000</ele>
			</trkpt>
			<trkpt lat="46.612241" lon="12.867090">
				<ele>1960.000000</ele>
			</trkpt>
			<trkpt lat="46.612290" lon="12.867172">
				<ele>1960.000000</ele>
			</trkpt>
		</trkseg>
	</trk>
</gpx>

