<?xml version="1.0" encoding="utf-8"?>
<gpx xmlns="http://www.topografix.com/GPX/1/1" version="1.1" creator="https://mapy.com/">
	<trk>
		<name>den 3</name>
		<trkseg>
			<trkpt lat="46.659723" lon="12.582200">
				<ele>1939.000000</ele>
			</trkpt>
			<trkpt lat="46.659815" lon="12.582226">
				<ele>1939.000000</ele>
			</trkpt>
			<trkpt lat="46.659871" lon="12.582297">
				<ele>1938.000000</ele>
			</trkpt>
			<trkpt lat="46.659859" lon="12.582406">
				<ele>1939.000000</ele>
			</trkpt>
			<trkpt lat="46.659692" lon="12.582496">
				<ele>1940.000000</ele>
			</trkpt>
			<trkpt lat="46.659495" lon="12.582442">
				<ele>1945.000000</ele>
			</trkpt>
			<trkpt lat="46.659452" lon="12.582271">
				<ele>1948.000000</ele>
			</trkpt>
			<trkpt lat="46.659353" lon="12.582181">
				<ele>1951.000000</ele>
			</trkpt>
			<trkpt lat="46.659371" lon="12.582110">
				<ele>1952.000000</ele>
			</trkpt>
			<trkpt lat="46.659390" lon="12.582020">
				<ele>1954.000000</ele>
			</trkpt>
			<trkpt lat="46.659359" lon="12.581974">
				<ele>1955.000000</ele>
			</trkpt>
			<trkpt lat="46.659286" lon="12.581957">
				<ele>1957.000000</ele>
			</trkpt>
			<trkpt lat="46.659230" lon="12.581867">
				<ele>1959.000000</ele>
			</trkpt>
			<trkpt lat="46.659217" lon="12.581831">
				<ele>1960.000000</ele>
			</trkpt>
			<trkpt lat="46.659119" lon="12.581867">
				<ele>1963.000000</ele>
			</trkpt>
			<trkpt lat="46.659101" lon="12.581903">
				<ele>1963.000000</ele>
			</trkpt>
			<trkpt lat="46.659057" lon="12.581876">
				<ele>1965.000000</ele>
			</trkpt>
			<trkpt lat="46.659002" lon="12.581840">
				<ele>1967.000000</ele>
			</trkpt>
			<trkpt lat="46.658952" lon="12.581858">
				<ele>1968.000000</ele>
			</trkpt>
			<trkpt lat="46.658909" lon="12.581911">
				<ele>1970.000000</ele>
			</trkpt>
			<trkpt lat="46.658848" lon="12.581938">
				<ele>1971.000000</ele>
			</trkpt>
			<trkpt lat="46.658792" lon="12.581921">
				<ele>1972.000000</ele>
			</trkpt>
			<trkpt lat="46.658755" lon="12.581921">
				<ele>1973.000000</ele>
			</trkpt>
			<trkpt lat="46.658724" lon="12.581930">
				<ele>1973.000000</ele>
			</trkpt>
			<trkpt lat="46.658626" lon="12.581957">
				<ele>1975.000000</ele>
			</trkpt>
			<trkpt lat="46.658478" lon="12.581974">
				<ele>1978.000000</ele>
			</trkpt>
			<trkpt lat="46.658416" lon="12.582037">
				<ele>1980.000000</ele>
			</trkpt>
			<trkpt lat="46.658373" lon="12.581984">
				<ele>1982.000000</ele>
			</trkpt>
			<trkpt lat="46.658336" lon="12.581947">
				<ele>1983.000000</ele>
			</trkpt>
			<trkpt lat="46.658292" lon="12.581974">
				<ele>1985.000000</ele>
			</trkpt>
			<trkpt lat="46.658292" lon="12.582037">
				<ele>1986.000000</ele>
			</trkpt>
			<trkpt lat="46.658268" lon="12.582064">
				<ele>1988.000000</ele>
			</trkpt>
			<trkpt lat="46.658231" lon="12.582137">
				<ele>1990.000000</ele>
			</trkpt>
			<trkpt lat="46.658175" lon="12.582173">
				<ele>1992.000000</ele>
			</trkpt>
			<trkpt lat="46.658151" lon="12.582137">
				<ele>1993.000000</ele>
			</trkpt>
			<trkpt lat="46.658157" lon="12.582190">
				<ele>1995.000000</ele>
			</trkpt>
			<trkpt lat="46.658077" lon="12.582442">
				<ele>2001.000000</ele>
			</trkpt>
			<trkpt lat="46.658040" lon="12.582424">
				<ele>2002.000000</ele>
			</trkpt>
			<trkpt lat="46.658022" lon="12.582324">
				<ele>2004.000000</ele>
			</trkpt>
			<trkpt lat="46.657997" lon="12.582226">
				<ele>2006.000000</ele>
			</trkpt>
			<trkpt lat="46.657953" lon="12.582234">
				<ele>2007.000000</ele>
			</trkpt>
			<trkpt lat="46.657966" lon="12.582307">
				<ele>2009.000000</ele>
			</trkpt>
			<trkpt lat="46.657929" lon="12.582379">
				<ele>2010.000000</ele>
			</trkpt>
			<trkpt lat="46.657904" lon="12.582450">
				<ele>2012.000000</ele>
			</trkpt>
			<trkpt lat="46.657873" lon="12.582504">
				<ele>2013.000000</ele>
			</trkpt>
			<trkpt lat="46.657855" lon="12.582433">
				<ele>2014.000000</ele>
			</trkpt>
			<trkpt lat="46.657867" lon="12.582397">
				<ele>2015.000000</ele>
			</trkpt>
			<trkpt lat="46.657843" lon="12.582316">
				<ele>2017.000000</ele>
			</trkpt>
			<trkpt lat="46.657793" lon="12.582271">
				<ele>2018.000000</ele>
			</trkpt>
			<trkpt lat="46.657762" lon="12.582271">
				<ele>2019.000000</ele>
			</trkpt>
			<trkpt lat="46.657744" lon="12.582307">
				<ele>2020.000000</ele>
			</trkpt>
			<trkpt lat="46.657713" lon="12.582343">
				<ele>2021.000000</ele>
			</trkpt>
			<trkpt lat="46.657713" lon="12.582424">
				<ele>2023.000000</ele>
			</trkpt>
			<trkpt lat="46.657651" lon="12.582424">
				<ele>2024.000000</ele>
			</trkpt>
			<trkpt lat="46.657627" lon="12.582397">
				<ele>2025.000000</ele>
			</trkpt>
			<trkpt lat="46.657602" lon="12.582469">
				<ele>2027.000000</ele>
			</trkpt>
			<trkpt lat="46.657578" lon="12.582550">
				<ele>2028.000000</ele>
			</trkpt>
			<trkpt lat="46.657485" lon="12.582469">
				<ele>2032.000000</ele>
			</trkpt>
			<trkpt lat="46.657460" lon="12.582540">
				<ele>2034.000000</ele>
			</trkpt>
			<trkpt lat="46.657411" lon="12.582496">
				<ele>2036.000000</ele>
			</trkpt>
			<trkpt lat="46.657405" lon="12.582532">
				<ele>2037.000000</ele>
			</trkpt>
			<trkpt lat="46.657405" lon="12.582576">
				<ele>2038.000000</ele>
			</trkpt>
			<trkpt lat="46.657387" lon="12.582630">
				<ele>2040.000000</ele>
			</trkpt>
			<trkpt lat="46.657356" lon="12.582586">
				<ele>2041.000000</ele>
			</trkpt>
			<trkpt lat="46.657337" lon="12.582666">
				<ele>2043.000000</ele>
			</trkpt>
			<trkpt lat="46.657318" lon="12.582666">
				<ele>2044.000000</ele>
			</trkpt>
			<trkpt lat="46.657318" lon="12.582630">
				<ele>2045.000000</ele>
			</trkpt>
			<trkpt lat="46.657300" lon="12.582594">
				<ele>2046.000000</ele>
			</trkpt>
			<trkpt lat="46.657256" lon="12.582532">
				<ele>2049.000000</ele>
			</trkpt>
			<trkpt lat="46.657195" lon="12.582504">
				<ele>2051.000000</ele>
			</trkpt>
			<trkpt lat="46.657109" lon="12.582424">
				<ele>2055.000000</ele>
			</trkpt>
			<trkpt lat="46.657004" lon="12.582334">
				<ele>2057.000000</ele>
			</trkpt>
			<trkpt lat="46.656936" lon="12.582280">
				<ele>2058.000000</ele>
			</trkpt>
			<trkpt lat="46.656825" lon="12.582154">
				<ele>2061.000000</ele>
			</trkpt>
			<trkpt lat="46.656770" lon="12.582074">
				<ele>2063.000000</ele>
			</trkpt>
			<trkpt lat="46.656714" lon="12.581974">
				<ele>2065.000000</ele>
			</trkpt>
			<trkpt lat="46.656696" lon="12.581957">
				<ele>2066.000000</ele>
			</trkpt>
			<trkpt lat="46.656690" lon="12.582010">
				<ele>2067.000000</ele>
			</trkpt>
			<trkpt lat="46.656720" lon="12.582173">
				<ele>2070.000000</ele>
			</trkpt>
			<trkpt lat="46.656714" lon="12.582217">
				<ele>2070.000000</ele>
			</trkpt>
			<trkpt lat="46.656696" lon="12.582217">
				<ele>2071.000000</ele>
			</trkpt>
			<trkpt lat="46.656621" lon="12.582074">
				<ele>2073.000000</ele>
			</trkpt>
			<trkpt lat="46.656621" lon="12.581911">
				<ele>2075.000000</ele>
			</trkpt>
			<trkpt lat="46.656634" lon="12.581821">
				<ele>2077.000000</ele>
			</trkpt>
			<trkpt lat="46.656659" lon="12.581732">
				<ele>2078.000000</ele>
			</trkpt>
			<trkpt lat="46.656665" lon="12.581678">
				<ele>2079.000000</ele>
			</trkpt>
			<trkpt lat="46.656615" lon="12.581678">
				<ele>2080.000000</ele>
			</trkpt>
			<trkpt lat="46.656579" lon="12.581705">
				<ele>2081.000000</ele>
			</trkpt>
			<trkpt lat="46.656455" lon="12.582352">
				<ele>2090.000000</ele>
			</trkpt>
			<trkpt lat="46.656381" lon="12.582379">
				<ele>2095.000000</ele>
			</trkpt>
			<trkpt lat="46.656363" lon="12.582387">
				<ele>2096.000000</ele>
			</trkpt>
			<trkpt lat="46.656357" lon="12.582387">
				<ele>2102.000000</ele>
			</trkpt>
			<trkpt lat="46.656320" lon="12.582414">
				<ele>2095.000000</ele>
			</trkpt>
			<trkpt lat="46.656202" lon="12.582496">
				<ele>2097.000000</ele>
			</trkpt>
			<trkpt lat="46.656172" lon="12.582532">
				<ele>2097.000000</ele>
			</trkpt>
			<trkpt lat="46.656141" lon="12.582586">
				<ele>2092.000000</ele>
			</trkpt>
			<trkpt lat="46.656054" lon="12.582837">
				<ele>2094.000000</ele>
			</trkpt>
			<trkpt lat="46.655950" lon="12.583089">
				<ele>2096.000000</ele>
			</trkpt>
			<trkpt lat="46.655888" lon="12.583268">
				<ele>2098.000000</ele>
			</trkpt>
			<trkpt lat="46.655857" lon="12.583448">
				<ele>2099.000000</ele>
			</trkpt>
			<trkpt lat="46.655839" lon="12.583502">
				<ele>2100.000000</ele>
			</trkpt>
			<trkpt lat="46.655839" lon="12.583834">
				<ele>2104.000000</ele>
			</trkpt>
			<trkpt lat="46.655863" lon="12.583915">
				<ele>2106.000000</ele>
			</trkpt>
			<trkpt lat="46.655876" lon="12.583995">
				<ele>2107.000000</ele>
			</trkpt>
			<trkpt lat="46.655894" lon="12.583995">
				<ele>2108.000000</ele>
			</trkpt>
			<trkpt lat="46.655919" lon="12.583968">
				<ele>2108.000000</ele>
			</trkpt>
			<trkpt lat="46.655938" lon="12.583995">
				<ele>2109.000000</ele>
			</trkpt>
			<trkpt lat="46.655938" lon="12.584041">
				<ele>2110.000000</ele>
			</trkpt>
			<trkpt lat="46.655968" lon="12.584014">
				<ele>2111.000000</ele>
			</trkpt>
			<trkpt lat="46.655986" lon="12.584050">
				<ele>2113.000000</ele>
			</trkpt>
			<trkpt lat="46.656011" lon="12.584148">
				<ele>2116.000000</ele>
			</trkpt>
			<trkpt lat="46.656036" lon="12.584158">
				<ele>2117.000000</ele>
			</trkpt>
			<trkpt lat="46.656048" lon="12.584095">
				<ele>2119.000000</ele>
			</trkpt>
			<trkpt lat="46.656073" lon="12.584095">
				<ele>2121.000000</ele>
			</trkpt>
			<trkpt lat="46.656098" lon="12.584068">
				<ele>2122.000000</ele>
			</trkpt>
			<trkpt lat="46.656123" lon="12.584005">
				<ele>2125.000000</ele>
			</trkpt>
			<trkpt lat="46.656159" lon="12.584022">
				<ele>2127.000000</ele>
			</trkpt>
			<trkpt lat="46.656190" lon="12.584085">
				<ele>2130.000000</ele>
			</trkpt>
			<trkpt lat="46.656221" lon="12.584068">
				<ele>2131.000000</ele>
			</trkpt>
			<trkpt lat="46.656245" lon="12.584068">
				<ele>2133.000000</ele>
			</trkpt>
			<trkpt lat="46.656307" lon="12.584077">
				<ele>2136.000000</ele>
			</trkpt>
			<trkpt lat="46.656332" lon="12.584104">
				<ele>2137.000000</ele>
			</trkpt>
			<trkpt lat="46.656351" lon="12.584158">
				<ele>2139.000000</ele>
			</trkpt>
			<trkpt lat="46.656393" lon="12.584148">
				<ele>2141.000000</ele>
			</trkpt>
			<trkpt lat="46.656430" lon="12.584229">
				<ele>2142.000000</ele>
			</trkpt>
			<trkpt lat="46.656418" lon="12.584292">
				<ele>2142.000000</ele>
			</trkpt>
			<trkpt lat="46.656412" lon="12.584382">
				<ele>2144.000000</ele>
			</trkpt>
			<trkpt lat="46.656381" lon="12.584481">
				<ele>2145.000000</ele>
			</trkpt>
			<trkpt lat="46.656381" lon="12.584544">
				<ele>2146.000000</ele>
			</trkpt>
			<trkpt lat="46.656320" lon="12.584588">
				<ele>2147.000000</ele>
			</trkpt>
			<trkpt lat="46.656252" lon="12.584661">
				<ele>2148.000000</ele>
			</trkpt>
			<trkpt lat="46.656202" lon="12.584760">
				<ele>2150.000000</ele>
			</trkpt>
			<trkpt lat="46.656202" lon="12.584850">
				<ele>2151.000000</ele>
			</trkpt>
			<trkpt lat="46.656159" lon="12.584993">
				<ele>2152.000000</ele>
			</trkpt>
			<trkpt lat="46.656104" lon="12.585056">
				<ele>2154.000000</ele>
			</trkpt>
			<trkpt lat="46.656048" lon="12.585074">
				<ele>2155.000000</ele>
			</trkpt>
			<trkpt lat="46.656048" lon="12.585146">
				<ele>2156.000000</ele>
			</trkpt>
			<trkpt lat="46.656048" lon="12.585163">
				<ele>2156.000000</ele>
			</trkpt>
			<trkpt lat="46.656092" lon="12.585154">
				<ele>2156.000000</ele>
			</trkpt>
			<trkpt lat="46.656092" lon="12.585209">
				<ele>2157.000000</ele>
			</trkpt>
			<trkpt lat="46.656011" lon="12.585263">
				<ele>2159.000000</ele>
			</trkpt>
			<trkpt lat="46.655968" lon="12.585326">
				<ele>2160.000000</ele>
			</trkpt>
			<trkpt lat="46.655956" lon="12.585370">
				<ele>2160.000000</ele>
			</trkpt>
			<trkpt lat="46.655882" lon="12.585496">
				<ele>2160.000000</ele>
			</trkpt>
			<trkpt lat="46.655845" lon="12.585505">
				<ele>2160.000000</ele>
			</trkpt>
			<trkpt lat="46.655808" lon="12.585540">
				<ele>2160.000000</ele>
			</trkpt>
			<trkpt lat="46.655789" lon="12.585595">
				<ele>2160.000000</ele>
			</trkpt>
			<trkpt lat="46.655765" lon="12.585622">
				<ele>2160.000000</ele>
			</trkpt>
			<trkpt lat="46.655740" lon="12.585756">
				<ele>2162.000000</ele>
			</trkpt>
			<trkpt lat="46.655672" lon="12.585936">
				<ele>2165.000000</ele>
			</trkpt>
			<trkpt lat="46.655641" lon="12.586035">
				<ele>2167.000000</ele>
			</trkpt>
			<trkpt lat="46.655623" lon="12.586062">
				<ele>2168.000000</ele>
			</trkpt>
			<trkpt lat="46.655629" lon="12.586142">
				<ele>2169.000000</ele>
			</trkpt>
			<trkpt lat="46.655610" lon="12.586205">
				<ele>2170.000000</ele>
			</trkpt>
			<trkpt lat="46.655617" lon="12.586259">
				<ele>2171.000000</ele>
			</trkpt>
			<trkpt lat="46.655592" lon="12.586314">
				<ele>2172.000000</ele>
			</trkpt>
			<trkpt lat="46.655549" lon="12.586349">
				<ele>2174.000000</ele>
			</trkpt>
			<trkpt lat="46.655512" lon="12.586466">
				<ele>2176.000000</ele>
			</trkpt>
			<trkpt lat="46.655506" lon="12.586619">
				<ele>2179.000000</ele>
			</trkpt>
			<trkpt lat="46.655494" lon="12.586682">
				<ele>2180.000000</ele>
			</trkpt>
			<trkpt lat="46.655530" lon="12.586700">
				<ele>2181.000000</ele>
			</trkpt>
			<trkpt lat="46.655629" lon="12.586682">
				<ele>2184.000000</ele>
			</trkpt>
			<trkpt lat="46.655660" lon="12.586708">
				<ele>2185.000000</ele>
			</trkpt>
			<trkpt lat="46.655691" lon="12.586708">
				<ele>2186.000000</ele>
			</trkpt>
			<trkpt lat="46.655654" lon="12.586762">
				<ele>2187.000000</ele>
			</trkpt>
			<trkpt lat="46.655648" lon="12.586825">
				<ele>2188.000000</ele>
			</trkpt>
			<trkpt lat="46.655604" lon="12.586924">
				<ele>2190.000000</ele>
			</trkpt>
			<trkpt lat="46.655518" lon="12.587104">
				<ele>2191.000000</ele>
			</trkpt>
			<trkpt lat="46.655432" lon="12.587221">
				<ele>2192.000000</ele>
			</trkpt>
			<trkpt lat="46.655357" lon="12.587364">
				<ele>2193.000000</ele>
			</trkpt>
			<trkpt lat="46.655309" lon="12.587490">
				<ele>2193.000000</ele>
			</trkpt>
			<trkpt lat="46.655234" lon="12.587616">
				<ele>2194.000000</ele>
			</trkpt>
			<trkpt lat="46.655172" lon="12.587687">
				<ele>2194.000000</ele>
			</trkpt>
			<trkpt lat="46.655160" lon="12.587742">
				<ele>2195.000000</ele>
			</trkpt>
			<trkpt lat="46.655111" lon="12.587813">
				<ele>2195.000000</ele>
			</trkpt>
			<trkpt lat="46.655117" lon="12.587876">
				<ele>2195.000000</ele>
			</trkpt>
			<trkpt lat="46.655123" lon="12.587976">
				<ele>2196.000000</ele>
			</trkpt>
			<trkpt lat="46.655166" lon="12.588020">
				<ele>2196.000000</ele>
			</trkpt>
			<trkpt lat="46.655216" lon="12.588003">
				<ele>2196.000000</ele>
			</trkpt>
			<trkpt lat="46.655265" lon="12.588003">
				<ele>2197.000000</ele>
			</trkpt>
			<trkpt lat="46.655265" lon="12.588083">
				<ele>2197.000000</ele>
			</trkpt>
			<trkpt lat="46.655302" lon="12.588236">
				<ele>2198.000000</ele>
			</trkpt>
			<trkpt lat="46.655296" lon="12.588353">
				<ele>2198.000000</ele>
			</trkpt>
			<trkpt lat="46.655272" lon="12.588389">
				<ele>2198.000000</ele>
			</trkpt>
			<trkpt lat="46.655278" lon="12.588658">
				<ele>2199.000000</ele>
			</trkpt>
			<trkpt lat="46.655265" lon="12.588712">
				<ele>2200.000000</ele>
			</trkpt>
			<trkpt lat="46.655284" lon="12.588729">
				<ele>2200.000000</ele>
			</trkpt>
			<trkpt lat="46.655302" lon="12.588676">
				<ele>2200.000000</ele>
			</trkpt>
			<trkpt lat="46.655345" lon="12.588685">
				<ele>2202.000000</ele>
			</trkpt>
			<trkpt lat="46.655345" lon="12.588729">
				<ele>2203.000000</ele>
			</trkpt>
			<trkpt lat="46.655370" lon="12.588775">
				<ele>2204.000000</ele>
			</trkpt>
			<trkpt lat="46.655333" lon="12.588838">
				<ele>2206.000000</ele>
			</trkpt>
			<trkpt lat="46.655426" lon="12.589026">
				<ele>2210.000000</ele>
			</trkpt>
			<trkpt lat="46.655512" lon="12.589071">
				<ele>2210.000000</ele>
			</trkpt>
			<trkpt lat="46.655537" lon="12.589098">
				<ele>2210.000000</ele>
			</trkpt>
			<trkpt lat="46.655709" lon="12.589125">
				<ele>2210.000000</ele>
			</trkpt>
			<trkpt lat="46.655740" lon="12.589152">
				<ele>2210.000000</ele>
			</trkpt>
			<trkpt lat="46.655758" lon="12.589142">
				<ele>2210.000000</ele>
			</trkpt>
			<trkpt lat="46.655765" lon="12.589188">
				<ele>2210.000000</ele>
			</trkpt>
			<trkpt lat="46.655814" lon="12.589171">
				<ele>2210.000000</ele>
			</trkpt>
			<trkpt lat="46.655863" lon="12.589171">
				<ele>2210.000000</ele>
			</trkpt>
			<trkpt lat="46.655931" lon="12.589134">
				<ele>2210.000000</ele>
			</trkpt>
			<trkpt lat="46.655992" lon="12.589062">
				<ele>2210.000000</ele>
			</trkpt>
			<trkpt lat="46.656042" lon="12.589098">
				<ele>2210.000000</ele>
			</trkpt>
			<trkpt lat="46.656030" lon="12.589142">
				<ele>2210.000000</ele>
			</trkpt>
			<trkpt lat="46.656067" lon="12.589171">
				<ele>2210.000000</ele>
			</trkpt>
			<trkpt lat="46.656092" lon="12.589179">
				<ele>2210.000000</ele>
			</trkpt>
			<trkpt lat="46.656141" lon="12.589108">
				<ele>2210.000000</ele>
			</trkpt>
			<trkpt lat="46.656214" lon="12.589045">
				<ele>2210.000000</ele>
			</trkpt>
			<trkpt lat="46.656264" lon="12.589062">
				<ele>2210.000000</ele>
			</trkpt>
			<trkpt lat="46.656345" lon="12.589035">
				<ele>2210.000000</ele>
			</trkpt>
			<trkpt lat="46.656393" lon="12.589206">
				<ele>2213.000000</ele>
			</trkpt>
			<trkpt lat="46.656437" lon="12.589269">
				<ele>2214.000000</ele>
			</trkpt>
			<trkpt lat="46.656424" lon="12.589341">
				<ele>2215.000000</ele>
			</trkpt>
			<trkpt lat="46.656430" lon="12.589385">
				<ele>2216.000000</ele>
			</trkpt>
			<trkpt lat="46.656461" lon="12.589385">
				<ele>2217.000000</ele>
			</trkpt>
			<trkpt lat="46.656461" lon="12.589448">
				<ele>2218.000000</ele>
			</trkpt>
			<trkpt lat="46.656474" lon="12.589619">
				<ele>2221.000000</ele>
			</trkpt>
			<trkpt lat="46.656505" lon="12.589781">
				<ele>2226.000000</ele>
			</trkpt>
			<trkpt lat="46.656511" lon="12.589861">
				<ele>2228.000000</ele>
			</trkpt>
			<trkpt lat="46.656517" lon="12.589943">
				<ele>2230.000000</ele>
			</trkpt>
			<trkpt lat="46.656492" lon="12.589978">
				<ele>2231.000000</ele>
			</trkpt>
			<trkpt lat="46.656511" lon="12.590014">
				<ele>2232.000000</ele>
			</trkpt>
			<trkpt lat="46.656517" lon="12.590140">
				<ele>2234.000000</ele>
			</trkpt>
			<trkpt lat="46.656517" lon="12.590320">
				<ele>2237.000000</ele>
			</trkpt>
			<trkpt lat="46.656529" lon="12.590482">
				<ele>2240.000000</ele>
			</trkpt>
			<trkpt lat="46.656579" lon="12.590760">
				<ele>2248.000000</ele>
			</trkpt>
			<trkpt lat="46.656585" lon="12.590930">
				<ele>2252.000000</ele>
			</trkpt>
			<trkpt lat="46.656573" lon="12.591075">
				<ele>2256.000000</ele>
			</trkpt>
			<trkpt lat="46.656548" lon="12.591129">
				<ele>2258.000000</ele>
			</trkpt>
			<trkpt lat="46.656523" lon="12.591236">
				<ele>2260.000000</ele>
			</trkpt>
			<trkpt lat="46.656517" lon="12.591452">
				<ele>2266.000000</ele>
			</trkpt>
			<trkpt lat="46.656498" lon="12.591605">
				<ele>2270.000000</ele>
			</trkpt>
			<trkpt lat="46.656492" lon="12.591758">
				<ele>2275.000000</ele>
			</trkpt>
			<trkpt lat="46.656560" lon="12.591838">
				<ele>2279.000000</ele>
			</trkpt>
			<trkpt lat="46.656603" lon="12.592027">
				<ele>2283.000000</ele>
			</trkpt>
			<trkpt lat="46.656652" lon="12.592027">
				<ele>2284.000000</ele>
			</trkpt>
			<trkpt lat="46.656634" lon="12.592108">
				<ele>2285.000000</ele>
			</trkpt>
			<trkpt lat="46.656585" lon="12.592171">
				<ele>2287.000000</ele>
			</trkpt>
			<trkpt lat="46.656585" lon="12.592224">
				<ele>2288.000000</ele>
			</trkpt>
			<trkpt lat="46.656615" lon="12.592261">
				<ele>2289.000000</ele>
			</trkpt>
			<trkpt lat="46.656609" lon="12.592358">
				<ele>2290.000000</ele>
			</trkpt>
			<trkpt lat="46.656566" lon="12.592485">
				<ele>2294.000000</ele>
			</trkpt>
			<trkpt lat="46.656548" lon="12.592601">
				<ele>2297.000000</ele>
			</trkpt>
			<trkpt lat="46.656597" lon="12.592538">
				<ele>2299.000000</ele>
			</trkpt>
			<trkpt lat="46.656609" lon="12.592584">
				<ele>2301.000000</ele>
			</trkpt>
			<trkpt lat="46.656640" lon="12.592548">
				<ele>2302.000000</ele>
			</trkpt>
			<trkpt lat="46.656671" lon="12.592530">
				<ele>2303.000000</ele>
			</trkpt>
			<trkpt lat="46.656665" lon="12.592647">
				<ele>2307.000000</ele>
			</trkpt>
			<trkpt lat="46.656646" lon="12.592700">
				<ele>2308.000000</ele>
			</trkpt>
			<trkpt lat="46.656554" lon="12.592880">
				<ele>2310.000000</ele>
			</trkpt>
			<trkpt lat="46.656505" lon="12.592916">
				<ele>2310.000000</ele>
			</trkpt>
			<trkpt lat="46.656455" lon="12.593060">
				<ele>2310.000000</ele>
			</trkpt>
			<trkpt lat="46.656430" lon="12.593104">
				<ele>2310.000000</ele>
			</trkpt>
			<trkpt lat="46.656314" lon="12.593257">
				<ele>2310.000000</ele>
			</trkpt>
			<trkpt lat="46.656301" lon="12.593347">
				<ele>2311.000000</ele>
			</trkpt>
			<trkpt lat="46.656270" lon="12.593473">
				<ele>2313.000000</ele>
			</trkpt>
			<trkpt lat="46.656208" lon="12.593590">
				<ele>2315.000000</ele>
			</trkpt>
			<trkpt lat="46.656165" lon="12.593608">
				<ele>2316.000000</ele>
			</trkpt>
			<trkpt lat="46.656147" lon="12.593626">
				<ele>2317.000000</ele>
			</trkpt>
			<trkpt lat="46.656129" lon="12.593725">
				<ele>2318.000000</ele>
			</trkpt>
			<trkpt lat="46.656159" lon="12.593733">
				<ele>2319.000000</ele>
			</trkpt>
			<trkpt lat="46.656123" lon="12.593842">
				<ele>2322.000000</ele>
			</trkpt>
			<trkpt lat="46.656123" lon="12.593922">
				<ele>2325.000000</ele>
			</trkpt>
			<trkpt lat="46.656104" lon="12.593995">
				<ele>2327.000000</ele>
			</trkpt>
			<trkpt lat="46.656147" lon="12.593966">
				<ele>2329.000000</ele>
			</trkpt>
			<trkpt lat="46.656153" lon="12.594021">
				<ele>2331.000000</ele>
			</trkpt>
			<trkpt lat="46.656141" lon="12.594075">
				<ele>2333.000000</ele>
			</trkpt>
			<trkpt lat="46.656165" lon="12.594084">
				<ele>2334.000000</ele>
			</trkpt>
			<trkpt lat="46.656221" lon="12.594398">
				<ele>2345.000000</ele>
			</trkpt>
			<trkpt lat="46.656239" lon="12.594443">
				<ele>2346.000000</ele>
			</trkpt>
			<trkpt lat="46.656363" lon="12.594632">
				<ele>2354.000000</ele>
			</trkpt>
			<trkpt lat="46.656351" lon="12.594802">
				<ele>2358.000000</ele>
			</trkpt>
			<trkpt lat="46.656338" lon="12.594919">
				<ele>2361.000000</ele>
			</trkpt>
			<trkpt lat="46.656320" lon="12.595045">
				<ele>2362.000000</ele>
			</trkpt>
			<trkpt lat="46.656338" lon="12.595180">
				<ele>2364.000000</ele>
			</trkpt>
			<trkpt lat="46.656314" lon="12.595278">
				<ele>2366.000000</ele>
			</trkpt>
			<trkpt lat="46.656301" lon="12.595333">
				<ele>2366.000000</ele>
			</trkpt>
			<trkpt lat="46.656307" lon="12.595387">
				<ele>2367.000000</ele>
			</trkpt>
			<trkpt lat="46.656283" lon="12.595477">
				<ele>2368.000000</ele>
			</trkpt>
			<trkpt lat="46.656314" lon="12.595683">
				<ele>2372.000000</ele>
			</trkpt>
			<trkpt lat="46.656332" lon="12.595754">
				<ele>2374.000000</ele>
			</trkpt>
			<trkpt lat="46.656363" lon="12.595926">
				<ele>2377.000000</ele>
			</trkpt>
			<trkpt lat="46.656363" lon="12.596006">
				<ele>2379.000000</ele>
			</trkpt>
			<trkpt lat="46.656400" lon="12.596222">
				<ele>2382.000000</ele>
			</trkpt>
			<trkpt lat="46.656381" lon="12.596329">
				<ele>2383.000000</ele>
			</trkpt>
			<trkpt lat="46.656320" lon="12.596473">
				<ele>2385.000000</ele>
			</trkpt>
			<trkpt lat="46.656270" lon="12.596519">
				<ele>2386.000000</ele>
			</trkpt>
			<trkpt lat="46.656239" lon="12.596653">
				<ele>2388.000000</ele>
			</trkpt>
			<trkpt lat="46.656227" lon="12.596788">
				<ele>2390.000000</ele>
			</trkpt>
			<trkpt lat="46.656227" lon="12.596842">
				<ele>2390.000000</ele>
			</trkpt>
			<trkpt lat="46.656227" lon="12.597084">
				<ele>2390.000000</ele>
			</trkpt>
			<trkpt lat="46.656239" lon="12.597201">
				<ele>2390.000000</ele>
			</trkpt>
			<trkpt lat="46.656258" lon="12.597291">
				<ele>2390.000000</ele>
			</trkpt>
			<trkpt lat="46.656270" lon="12.597381">
				<ele>2390.000000</ele>
			</trkpt>
			<trkpt lat="46.656258" lon="12.597444">
				<ele>2390.000000</ele>
			</trkpt>
			<trkpt lat="46.656270" lon="12.597578">
				<ele>2390.000000</ele>
			</trkpt>
			<trkpt lat="46.656239" lon="12.597748">
				<ele>2390.000000</ele>
			</trkpt>
			<trkpt lat="46.656276" lon="12.597937">
				<ele>2391.000000</ele>
			</trkpt>
			<trkpt lat="46.656338" lon="12.598063">
				<ele>2391.000000</ele>
			</trkpt>
			<trkpt lat="46.656400" lon="12.598127">
				<ele>2392.000000</ele>
			</trkpt>
			<trkpt lat="46.656455" lon="12.598216">
				<ele>2392.000000</ele>
			</trkpt>
			<trkpt lat="46.656474" lon="12.598287">
				<ele>2392.000000</ele>
			</trkpt>
			<trkpt lat="46.656467" lon="12.598377">
				<ele>2392.000000</ele>
			</trkpt>
			<trkpt lat="46.656461" lon="12.598432">
				<ele>2392.000000</ele>
			</trkpt>
			<trkpt lat="46.656467" lon="12.598557">
				<ele>2393.000000</ele>
			</trkpt>
			<trkpt lat="46.656480" lon="12.598603">
				<ele>2393.000000</ele>
			</trkpt>
			<trkpt lat="46.656474" lon="12.598639">
				<ele>2393.000000</ele>
			</trkpt>
			<trkpt lat="46.656486" lon="12.598819">
				<ele>2393.000000</ele>
			</trkpt>
			<trkpt lat="46.656474" lon="12.598943">
				<ele>2394.000000</ele>
			</trkpt>
			<trkpt lat="46.656461" lon="12.598989">
				<ele>2394.000000</ele>
			</trkpt>
			<trkpt lat="46.656467" lon="12.599132">
				<ele>2394.000000</ele>
			</trkpt>
			<trkpt lat="46.656437" lon="12.599411">
				<ele>2395.000000</ele>
			</trkpt>
			<trkpt lat="46.656424" lon="12.599474">
				<ele>2395.000000</ele>
			</trkpt>
			<trkpt lat="46.656467" lon="12.599752">
				<ele>2396.000000</ele>
			</trkpt>
			<trkpt lat="46.656467" lon="12.600012">
				<ele>2397.000000</ele>
			</trkpt>
			<trkpt lat="46.656430" lon="12.600165">
				<ele>2397.000000</ele>
			</trkpt>
			<trkpt lat="46.656387" lon="12.600337">
				<ele>2397.000000</ele>
			</trkpt>
			<trkpt lat="46.656381" lon="12.600578">
				<ele>2398.000000</ele>
			</trkpt>
			<trkpt lat="46.656381" lon="12.600641">
				<ele>2398.000000</ele>
			</trkpt>
			<trkpt lat="46.656363" lon="12.600786">
				<ele>2399.000000</ele>
			</trkpt>
			<trkpt lat="46.656351" lon="12.600903">
				<ele>2399.000000</ele>
			</trkpt>
			<trkpt lat="46.656381" lon="12.601289">
				<ele>2400.000000</ele>
			</trkpt>
			<trkpt lat="46.656418" lon="12.601459">
				<ele>2403.000000</ele>
			</trkpt>
			<trkpt lat="46.656375" lon="12.601629">
				<ele>2407.000000</ele>
			</trkpt>
			<trkpt lat="46.656363" lon="12.601729">
				<ele>2410.000000</ele>
			</trkpt>
			<trkpt lat="46.656320" lon="12.601953">
				<ele>2412.000000</ele>
			</trkpt>
			<trkpt lat="46.656301" lon="12.602016">
				<ele>2413.000000</ele>
			</trkpt>
			<trkpt lat="46.656301" lon="12.602043">
				<ele>2413.000000</ele>
			</trkpt>
			<trkpt lat="46.656289" lon="12.602096">
				<ele>2414.000000</ele>
			</trkpt>
			<trkpt lat="46.656258" lon="12.602258">
				<ele>2416.000000</ele>
			</trkpt>
			<trkpt lat="46.656214" lon="12.602348">
				<ele>2417.000000</ele>
			</trkpt>
			<trkpt lat="46.656165" lon="12.602394">
				<ele>2418.000000</ele>
			</trkpt>
			<trkpt lat="46.656092" lon="12.602501">
				<ele>2420.000000</ele>
			</trkpt>
			<trkpt lat="46.656017" lon="12.602662">
				<ele>2420.000000</ele>
			</trkpt>
			<trkpt lat="46.655986" lon="12.602708">
				<ele>2420.000000</ele>
			</trkpt>
			<trkpt lat="46.656011" lon="12.602861">
				<ele>2420.000000</ele>
			</trkpt>
			<trkpt lat="46.656023" lon="12.602941">
				<ele>2420.000000</ele>
			</trkpt>
			<trkpt lat="46.656042" lon="12.602987">
				<ele>2420.000000</ele>
			</trkpt>
			<trkpt lat="46.656048" lon="12.603103">
				<ele>2420.000000</ele>
			</trkpt>
			<trkpt lat="46.656036" lon="12.603184">
				<ele>2420.000000</ele>
			</trkpt>
			<trkpt lat="46.656023" lon="12.603283">
				<ele>2420.000000</ele>
			</trkpt>
			<trkpt lat="46.655944" lon="12.603480">
				<ele>2420.000000</ele>
			</trkpt>
			<trkpt lat="46.655919" lon="12.603480">
				<ele>2420.000000</ele>
			</trkpt>
			<trkpt lat="46.655888" lon="12.603490">
				<ele>2420.000000</ele>
			</trkpt>
			<trkpt lat="46.655839" lon="12.603543">
				<ele>2418.000000</ele>
			</trkpt>
			<trkpt lat="46.655801" lon="12.603588">
				<ele>2417.000000</ele>
			</trkpt>
			<trkpt lat="46.655789" lon="12.603660">
				<ele>2416.000000</ele>
			</trkpt>
			<trkpt lat="46.655820" lon="12.603740">
				<ele>2415.000000</ele>
			</trkpt>
			<trkpt lat="46.655851" lon="12.603803">
				<ele>2414.000000</ele>
			</trkpt>
			<trkpt lat="46.655894" lon="12.603947">
				<ele>2411.000000</ele>
			</trkpt>
			<trkpt lat="46.655907" lon="12.604029">
				<ele>2410.000000</ele>
			</trkpt>
			<trkpt lat="46.655980" lon="12.604190">
				<ele>2407.000000</ele>
			</trkpt>
			<trkpt lat="46.655931" lon="12.604199">
				<ele>2406.000000</ele>
			</trkpt>
			<trkpt lat="46.656079" lon="12.604388">
				<ele>2402.000000</ele>
			</trkpt>
			<trkpt lat="46.656147" lon="12.604423">
				<ele>2400.000000</ele>
			</trkpt>
			<trkpt lat="46.656295" lon="12.604486">
				<ele>2395.000000</ele>
			</trkpt>
			<trkpt lat="46.656332" lon="12.604540">
				<ele>2393.000000</ele>
			</trkpt>
			<trkpt lat="46.656375" lon="12.604630">
				<ele>2390.000000</ele>
			</trkpt>
			<trkpt lat="46.656449" lon="12.604630">
				<ele>2388.000000</ele>
			</trkpt>
			<trkpt lat="46.656455" lon="12.604639">
				<ele>2388.000000</ele>
			</trkpt>
			<trkpt lat="46.656443" lon="12.604675">
				<ele>2387.000000</ele>
			</trkpt>
			<trkpt lat="46.656455" lon="12.604685">
				<ele>2387.000000</ele>
			</trkpt>
			<trkpt lat="46.656480" lon="12.604675">
				<ele>2386.000000</ele>
			</trkpt>
			<trkpt lat="46.656480" lon="12.604729">
				<ele>2386.000000</ele>
			</trkpt>
			<trkpt lat="46.656511" lon="12.604738">
				<ele>2385.000000</ele>
			</trkpt>
			<trkpt lat="46.656536" lon="12.604765">
				<ele>2384.000000</ele>
			</trkpt>
			<trkpt lat="46.656609" lon="12.604989">
				<ele>2380.000000</ele>
			</trkpt>
			<trkpt lat="46.656597" lon="12.605035">
				<ele>2378.000000</ele>
			</trkpt>
			<trkpt lat="46.656621" lon="12.605098">
				<ele>2376.000000</ele>
			</trkpt>
			<trkpt lat="46.656579" lon="12.605161">
				<ele>2374.000000</ele>
			</trkpt>
			<trkpt lat="46.656640" lon="12.605222">
				<ele>2371.000000</ele>
			</trkpt>
			<trkpt lat="46.656696" lon="12.605250">
				<ele>2369.000000</ele>
			</trkpt>
			<trkpt lat="46.656652" lon="12.605402">
				<ele>2365.000000</ele>
			</trkpt>
			<trkpt lat="46.656739" lon="12.605457">
				<ele>2362.000000</ele>
			</trkpt>
			<trkpt lat="46.656696" lon="12.605528">
				<ele>2360.000000</ele>
			</trkpt>
			<trkpt lat="46.656813" lon="12.605564">
				<ele>2360.000000</ele>
			</trkpt>
			<trkpt lat="46.656825" lon="12.605564">
				<ele>2359.000000</ele>
			</trkpt>
			<trkpt lat="46.656825" lon="12.605645">
				<ele>2357.000000</ele>
			</trkpt>
			<trkpt lat="46.656825" lon="12.605654">
				<ele>2356.000000</ele>
			</trkpt>
			<trkpt lat="46.656874" lon="12.605664">
				<ele>2354.000000</ele>
			</trkpt>
			<trkpt lat="46.656856" lon="12.605744">
				<ele>2351.000000</ele>
			</trkpt>
			<trkpt lat="46.656837" lon="12.605851">
				<ele>2350.000000</ele>
			</trkpt>
			<trkpt lat="46.656831" lon="12.605914">
				<ele>2349.000000</ele>
			</trkpt>
			<trkpt lat="46.656850" lon="12.606050">
				<ele>2346.000000</ele>
			</trkpt>
			<trkpt lat="46.656943" lon="12.606140">
				<ele>2342.000000</ele>
			</trkpt>
			<trkpt lat="46.656992" lon="12.606220">
				<ele>2340.000000</ele>
			</trkpt>
			<trkpt lat="46.657010" lon="12.606256">
				<ele>2340.000000</ele>
			</trkpt>
			<trkpt lat="46.657047" lon="12.606310">
				<ele>2339.000000</ele>
			</trkpt>
			<trkpt lat="46.657059" lon="12.606409">
				<ele>2337.000000</ele>
			</trkpt>
			<trkpt lat="46.657065" lon="12.606472">
				<ele>2337.000000</ele>
			</trkpt>
			<trkpt lat="46.657078" lon="12.606597">
				<ele>2336.000000</ele>
			</trkpt>
			<trkpt lat="46.657115" lon="12.606687">
				<ele>2335.000000</ele>
			</trkpt>
			<trkpt lat="46.657152" lon="12.606750">
				<ele>2335.000000</ele>
			</trkpt>
			<trkpt lat="46.657208" lon="12.606822">
				<ele>2334.000000</ele>
			</trkpt>
			<trkpt lat="46.657244" lon="12.606840">
				<ele>2334.000000</ele>
			</trkpt>
			<trkpt lat="46.657269" lon="12.606885">
				<ele>2335.000000</ele>
			</trkpt>
			<trkpt lat="46.657294" lon="12.606920">
				<ele>2336.000000</ele>
			</trkpt>
			<trkpt lat="46.657300" lon="12.606930">
				<ele>2336.000000</ele>
			</trkpt>
			<trkpt lat="46.657318" lon="12.607109">
				<ele>2339.000000</ele>
			</trkpt>
			<trkpt lat="46.657362" lon="12.607541">
				<ele>2351.000000</ele>
			</trkpt>
			<trkpt lat="46.657429" lon="12.607729">
				<ele>2355.000000</ele>
			</trkpt>
			<trkpt lat="46.657478" lon="12.607882">
				<ele>2359.000000</ele>
			</trkpt>
			<trkpt lat="46.657509" lon="12.608044">
				<ele>2360.000000</ele>
			</trkpt>
			<trkpt lat="46.657522" lon="12.608314">
				<ele>2360.000000</ele>
			</trkpt>
			<trkpt lat="46.657547" lon="12.608556">
				<ele>2360.000000</ele>
			</trkpt>
			<trkpt lat="46.657578" lon="12.608744">
				<ele>2360.000000</ele>
			</trkpt>
			<trkpt lat="46.657621" lon="12.609040">
				<ele>2360.000000</ele>
			</trkpt>
			<trkpt lat="46.657651" lon="12.609230">
				<ele>2360.000000</ele>
			</trkpt>
			<trkpt lat="46.657694" lon="12.609364">
				<ele>2360.000000</ele>
			</trkpt>
			<trkpt lat="46.657694" lon="12.609570">
				<ele>2360.000000</ele>
			</trkpt>
			<trkpt lat="46.657793" lon="12.609966">
				<ele>2360.000000</ele>
			</trkpt>
			<trkpt lat="46.657830" lon="12.610218">
				<ele>2360.000000</ele>
			</trkpt>
			<trkpt lat="46.657855" lon="12.610344">
				<ele>2360.000000</ele>
			</trkpt>
			<trkpt lat="46.657879" lon="12.610469">
				<ele>2360.000000</ele>
			</trkpt>
			<trkpt lat="46.657892" lon="12.610675">
				<ele>2360.000000</ele>
			</trkpt>
			<trkpt lat="46.657898" lon="12.610792">
				<ele>2360.000000</ele>
			</trkpt>
			<trkpt lat="46.657941" lon="12.611241">
				<ele>2359.000000</ele>
			</trkpt>
			<trkpt lat="46.657960" lon="12.611530">
				<ele>2355.000000</ele>
			</trkpt>
			<trkpt lat="46.657984" lon="12.611700">
				<ele>2353.000000</ele>
			</trkpt>
			<trkpt lat="46.657978" lon="12.611906">
				<ele>2350.000000</ele>
			</trkpt>
			<trkpt lat="46.658015" lon="12.612212">
				<ele>2339.000000</ele>
			</trkpt>
			<trkpt lat="46.658083" lon="12.612518">
				<ele>2336.000000</ele>
			</trkpt>
			<trkpt lat="46.658169" lon="12.612751">
				<ele>2333.000000</ele>
			</trkpt>
			<trkpt lat="46.658299" lon="12.612939">
				<ele>2329.000000</ele>
			</trkpt>
			<trkpt lat="46.658385" lon="12.613074">
				<ele>2327.000000</ele>
			</trkpt>
			<trkpt lat="46.658441" lon="12.613209">
				<ele>2325.000000</ele>
			</trkpt>
			<trkpt lat="46.658459" lon="12.613290">
				<ele>2324.000000</ele>
			</trkpt>
			<trkpt lat="46.658527" lon="12.613425">
				<ele>2321.000000</ele>
			</trkpt>
			<trkpt lat="46.658582" lon="12.613442">
				<ele>2321.000000</ele>
			</trkpt>
			<trkpt lat="46.658669" lon="12.613470">
				<ele>2320.000000</ele>
			</trkpt>
			<trkpt lat="46.658773" lon="12.613497">
				<ele>2316.000000</ele>
			</trkpt>
			<trkpt lat="46.658842" lon="12.613532">
				<ele>2313.000000</ele>
			</trkpt>
			<trkpt lat="46.658848" lon="12.613551">
				<ele>2313.000000</ele>
			</trkpt>
			<trkpt lat="46.658897" lon="12.613658">
				<ele>2312.000000</ele>
			</trkpt>
			<trkpt lat="46.658946" lon="12.613784">
				<ele>2311.000000</ele>
			</trkpt>
			<trkpt lat="46.659026" lon="12.613910">
				<ele>2310.000000</ele>
			</trkpt>
			<trkpt lat="46.659088" lon="12.614000">
				<ele>2310.000000</ele>
			</trkpt>
			<trkpt lat="46.659143" lon="12.614134">
				<ele>2308.000000</ele>
			</trkpt>
			<trkpt lat="46.659186" lon="12.614260">
				<ele>2307.000000</ele>
			</trkpt>
			<trkpt lat="46.659205" lon="12.614359">
				<ele>2306.000000</ele>
			</trkpt>
			<trkpt lat="46.659242" lon="12.614430">
				<ele>2305.000000</ele>
			</trkpt>
			<trkpt lat="46.659279" lon="12.614484">
				<ele>2304.000000</ele>
			</trkpt>
			<trkpt lat="46.659292" lon="12.614520">
				<ele>2304.000000</ele>
			</trkpt>
			<trkpt lat="46.659298" lon="12.614530">
				<ele>2304.000000</ele>
			</trkpt>
			<trkpt lat="46.659322" lon="12.614593">
				<ele>2303.000000</ele>
			</trkpt>
			<trkpt lat="46.659328" lon="12.614700">
				<ele>2302.000000</ele>
			</trkpt>
			<trkpt lat="46.659335" lon="12.614772">
				<ele>2301.000000</ele>
			</trkpt>
			<trkpt lat="46.659365" lon="12.614835">
				<ele>2300.000000</ele>
			</trkpt>
			<trkpt lat="46.659402" lon="12.614870">
				<ele>2303.000000</ele>
			</trkpt>
			<trkpt lat="46.659433" lon="12.614898">
				<ele>2302.000000</ele>
			</trkpt>
			<trkpt lat="46.659520" lon="12.614933">
				<ele>2300.000000</ele>
			</trkpt>
			<trkpt lat="46.659569" lon="12.614933">
				<ele>2299.000000</ele>
			</trkpt>
			<trkpt lat="46.659618" lon="12.614960">
				<ele>2296.000000</ele>
			</trkpt>
			<trkpt lat="46.659649" lon="12.615015">
				<ele>2294.000000</ele>
			</trkpt>
			<trkpt lat="46.659661" lon="12.615122">
				<ele>2291.000000</ele>
			</trkpt>
			<trkpt lat="46.659668" lon="12.615203">
				<ele>2290.000000</ele>
			</trkpt>
			<trkpt lat="46.659692" lon="12.615248">
				<ele>2290.000000</ele>
			</trkpt>
			<trkpt lat="46.659711" lon="12.615285">
				<ele>2290.000000</ele>
			</trkpt>
			<trkpt lat="46.659791" lon="12.615436">
				<ele>2290.000000</ele>
			</trkpt>
			<trkpt lat="46.659821" lon="12.615572">
				<ele>2290.000000</ele>
			</trkpt>
			<trkpt lat="46.659865" lon="12.615652">
				<ele>2290.000000</ele>
			</trkpt>
			<trkpt lat="46.659914" lon="12.615734">
				<ele>2290.000000</ele>
			</trkpt>
			<trkpt lat="46.659921" lon="12.615769">
				<ele>2282.000000</ele>
			</trkpt>
			<trkpt lat="46.659933" lon="12.615841">
				<ele>2284.000000</ele>
			</trkpt>
			<trkpt lat="46.659964" lon="12.615958">
				<ele>2286.000000</ele>
			</trkpt>
			<trkpt lat="46.660012" lon="12.616057">
				<ele>2288.000000</ele>
			</trkpt>
			<trkpt lat="46.660068" lon="12.616164">
				<ele>2290.000000</ele>
			</trkpt>
			<trkpt lat="46.660062" lon="12.616264">
				<ele>2290.000000</ele>
			</trkpt>
			<trkpt lat="46.660087" lon="12.616308">
				<ele>2293.000000</ele>
			</trkpt>
			<trkpt lat="46.660112" lon="12.616353">
				<ele>2294.000000</ele>
			</trkpt>
			<trkpt lat="46.660198" lon="12.616434">
				<ele>2296.000000</ele>
			</trkpt>
			<trkpt lat="46.660222" lon="12.616497">
				<ele>2297.000000</ele>
			</trkpt>
			<trkpt lat="46.660241" lon="12.616514">
				<ele>2298.000000</ele>
			</trkpt>
			<trkpt lat="46.660284" lon="12.616614">
				<ele>2299.000000</ele>
			</trkpt>
			<trkpt lat="46.660340" lon="12.616686">
				<ele>2300.000000</ele>
			</trkpt>
			<trkpt lat="46.660377" lon="12.616740">
				<ele>2300.000000</ele>
			</trkpt>
			<trkpt lat="46.660413" lon="12.616776">
				<ele>2300.000000</ele>
			</trkpt>
			<trkpt lat="46.660444" lon="12.616856">
				<ele>2300.000000</ele>
			</trkpt>
			<trkpt lat="46.660475" lon="12.616927">
				<ele>2300.000000</ele>
			</trkpt>
			<trkpt lat="46.660506" lon="12.617054">
				<ele>2300.000000</ele>
			</trkpt>
			<trkpt lat="46.660518" lon="12.617170">
				<ele>2300.000000</ele>
			</trkpt>
			<trkpt lat="46.660506" lon="12.617323">
				<ele>2300.000000</ele>
			</trkpt>
			<trkpt lat="46.660617" lon="12.617602">
				<ele>2300.000000</ele>
			</trkpt>
			<trkpt lat="46.660660" lon="12.617889">
				<ele>2300.000000</ele>
			</trkpt>
			<trkpt lat="46.660709" lon="12.618168">
				<ele>2300.000000</ele>
			</trkpt>
			<trkpt lat="46.660716" lon="12.618321">
				<ele>2300.000000</ele>
			</trkpt>
			<trkpt lat="46.660691" lon="12.618401">
				<ele>2300.000000</ele>
			</trkpt>
			<trkpt lat="46.660611" lon="12.618501">
				<ele>2300.000000</ele>
			</trkpt>
			<trkpt lat="46.660599" lon="12.618652">
				<ele>2300.000000</ele>
			</trkpt>
			<trkpt lat="46.660635" lon="12.618851">
				<ele>2300.000000</ele>
			</trkpt>
			<trkpt lat="46.660648" lon="12.618985">
				<ele>2299.000000</ele>
			</trkpt>
			<trkpt lat="46.660635" lon="12.619174">
				<ele>2299.000000</ele>
			</trkpt>
			<trkpt lat="46.660635" lon="12.619426">
				<ele>2298.000000</ele>
			</trkpt>
			<trkpt lat="46.660685" lon="12.619677">
				<ele>2298.000000</ele>
			</trkpt>
			<trkpt lat="46.660672" lon="12.619839">
				<ele>2298.000000</ele>
			</trkpt>
			<trkpt lat="46.660709" lon="12.619992">
				<ele>2297.000000</ele>
			</trkpt>
			<trkpt lat="46.660784" lon="12.620198">
				<ele>2297.000000</ele>
			</trkpt>
			<trkpt lat="46.660820" lon="12.620333">
				<ele>2297.000000</ele>
			</trkpt>
			<trkpt lat="46.660857" lon="12.620432">
				<ele>2296.000000</ele>
			</trkpt>
			<trkpt lat="46.660894" lon="12.620575">
				<ele>2296.000000</ele>
			</trkpt>
			<trkpt lat="46.660919" lon="12.620665">
				<ele>2296.000000</ele>
			</trkpt>
			<trkpt lat="46.660938" lon="12.620799">
				<ele>2296.000000</ele>
			</trkpt>
			<trkpt lat="46.660969" lon="12.620952">
				<ele>2295.000000</ele>
			</trkpt>
			<trkpt lat="46.660993" lon="12.621025">
				<ele>2295.000000</ele>
			</trkpt>
			<trkpt lat="46.661018" lon="12.621177">
				<ele>2295.000000</ele>
			</trkpt>
			<trkpt lat="46.661036" lon="12.621240">
				<ele>2295.000000</ele>
			</trkpt>
			<trkpt lat="46.661048" lon="12.621338">
				<ele>2294.000000</ele>
			</trkpt>
			<trkpt lat="46.661042" lon="12.621401">
				<ele>2294.000000</ele>
			</trkpt>
			<trkpt lat="46.661042" lon="12.621564">
				<ele>2294.000000</ele>
			</trkpt>
			<trkpt lat="46.661030" lon="12.621654">
				<ele>2294.000000</ele>
			</trkpt>
			<trkpt lat="46.661036" lon="12.621698">
				<ele>2294.000000</ele>
			</trkpt>
			<trkpt lat="46.661042" lon="12.621734">
				<ele>2294.000000</ele>
			</trkpt>
			<trkpt lat="46.661048" lon="12.621814">
				<ele>2293.000000</ele>
			</trkpt>
			<trkpt lat="46.660956" lon="12.621950">
				<ele>2293.000000</ele>
			</trkpt>
			<trkpt lat="46.660969" lon="12.622048">
				<ele>2293.000000</ele>
			</trkpt>
			<trkpt lat="46.660987" lon="12.622076">
				<ele>2293.000000</ele>
			</trkpt>
			<trkpt lat="46.660993" lon="12.622138">
				<ele>2293.000000</ele>
			</trkpt>
			<trkpt lat="46.661012" lon="12.622219">
				<ele>2292.000000</ele>
			</trkpt>
			<trkpt lat="46.661054" lon="12.622363">
				<ele>2292.000000</ele>
			</trkpt>
			<trkpt lat="46.661073" lon="12.622426">
				<ele>2292.000000</ele>
			</trkpt>
			<trkpt lat="46.661079" lon="12.622524">
				<ele>2292.000000</ele>
			</trkpt>
			<trkpt lat="46.661091" lon="12.622596">
				<ele>2292.000000</ele>
			</trkpt>
			<trkpt lat="46.661091" lon="12.622623">
				<ele>2292.000000</ele>
			</trkpt>
			<trkpt lat="46.661166" lon="12.622983">
				<ele>2291.000000</ele>
			</trkpt>
			<trkpt lat="46.661135" lon="12.623082">
				<ele>2291.000000</ele>
			</trkpt>
			<trkpt lat="46.661153" lon="12.623198">
				<ele>2290.000000</ele>
			</trkpt>
			<trkpt lat="46.661344" lon="12.623549">
				<ele>2290.000000</ele>
			</trkpt>
			<trkpt lat="46.661388" lon="12.623719">
				<ele>2290.000000</ele>
			</trkpt>
			<trkpt lat="46.661437" lon="12.623809">
				<ele>2290.000000</ele>
			</trkpt>
			<trkpt lat="46.661480" lon="12.623980">
				<ele>2291.000000</ele>
			</trkpt>
			<trkpt lat="46.661498" lon="12.624195">
				<ele>2293.000000</ele>
			</trkpt>
			<trkpt lat="46.661486" lon="12.624384">
				<ele>2295.000000</ele>
			</trkpt>
			<trkpt lat="46.661449" lon="12.624591">
				<ele>2297.000000</ele>
			</trkpt>
			<trkpt lat="46.661425" lon="12.624717">
				<ele>2298.000000</ele>
			</trkpt>
			<trkpt lat="46.661419" lon="12.624878">
				<ele>2299.000000</ele>
			</trkpt>
			<trkpt lat="46.661431" lon="12.624959">
				<ele>2300.000000</ele>
			</trkpt>
			<trkpt lat="46.661455" lon="12.625067">
				<ele>2300.000000</ele>
			</trkpt>
			<trkpt lat="46.661474" lon="12.625183">
				<ele>2300.000000</ele>
			</trkpt>
			<trkpt lat="46.661480" lon="12.625283">
				<ele>2300.000000</ele>
			</trkpt>
			<trkpt lat="46.661480" lon="12.625390">
				<ele>2300.000000</ele>
			</trkpt>
			<trkpt lat="46.661474" lon="12.625659">
				<ele>2300.000000</ele>
			</trkpt>
			<trkpt lat="46.661443" lon="12.625768">
				<ele>2300.000000</ele>
			</trkpt>
			<trkpt lat="46.661400" lon="12.625839">
				<ele>2300.000000</ele>
			</trkpt>
			<trkpt lat="46.661369" lon="12.625920">
				<ele>2300.000000</ele>
			</trkpt>
			<trkpt lat="46.661369" lon="12.626009">
				<ele>2300.000000</ele>
			</trkpt>
			<trkpt lat="46.661369" lon="12.626019">
				<ele>2300.000000</ele>
			</trkpt>
			<trkpt lat="46.661307" lon="12.626199">
				<ele>2300.000000</ele>
			</trkpt>
			<trkpt lat="46.661289" lon="12.626298">
				<ele>2300.000000</ele>
			</trkpt>
			<trkpt lat="46.661283" lon="12.626405">
				<ele>2299.000000</ele>
			</trkpt>
			<trkpt lat="46.661258" lon="12.626514">
				<ele>2298.000000</ele>
			</trkpt>
			<trkpt lat="46.661234" lon="12.626621">
				<ele>2296.000000</ele>
			</trkpt>
			<trkpt lat="46.661209" lon="12.626692">
				<ele>2295.000000</ele>
			</trkpt>
			<trkpt lat="46.661178" lon="12.626774">
				<ele>2294.000000</ele>
			</trkpt>
			<trkpt lat="46.661172" lon="12.626782">
				<ele>2292.000000</ele>
			</trkpt>
			<trkpt lat="46.661129" lon="12.626864">
				<ele>2291.000000</ele>
			</trkpt>
			<trkpt lat="46.661141" lon="12.626944">
				<ele>2290.000000</ele>
			</trkpt>
			<trkpt lat="46.661091" lon="12.627070">
				<ele>2290.000000</ele>
			</trkpt>
			<trkpt lat="46.661079" lon="12.627187">
				<ele>2290.000000</ele>
			</trkpt>
			<trkpt lat="46.661067" lon="12.627250">
				<ele>2290.000000</ele>
			</trkpt>
			<trkpt lat="46.661067" lon="12.627258">
				<ele>2290.000000</ele>
			</trkpt>
			<trkpt lat="46.661042" lon="12.627348">
				<ele>2292.000000</ele>
			</trkpt>
			<trkpt lat="46.661012" lon="12.627367">
				<ele>2293.000000</ele>
			</trkpt>
			<trkpt lat="46.660987" lon="12.627357">
				<ele>2294.000000</ele>
			</trkpt>
			<trkpt lat="46.660969" lon="12.627376">
				<ele>2294.000000</ele>
			</trkpt>
			<trkpt lat="46.660969" lon="12.627384">
				<ele>2295.000000</ele>
			</trkpt>
			<trkpt lat="46.660981" lon="12.627438">
				<ele>2296.000000</ele>
			</trkpt>
			<trkpt lat="46.660969" lon="12.627466">
				<ele>2297.000000</ele>
			</trkpt>
			<trkpt lat="46.660950" lon="12.627447">
				<ele>2297.000000</ele>
			</trkpt>
			<trkpt lat="46.660919" lon="12.627438">
				<ele>2298.000000</ele>
			</trkpt>
			<trkpt lat="46.660882" lon="12.627420">
				<ele>2300.000000</ele>
			</trkpt>
			<trkpt lat="46.660869" lon="12.627456">
				<ele>2301.000000</ele>
			</trkpt>
			<trkpt lat="46.660869" lon="12.627510">
				<ele>2302.000000</ele>
			</trkpt>
			<trkpt lat="46.660869" lon="12.627528">
				<ele>2302.000000</ele>
			</trkpt>
			<trkpt lat="46.660851" lon="12.627617">
				<ele>2304.000000</ele>
			</trkpt>
			<trkpt lat="46.660833" lon="12.627690">
				<ele>2306.000000</ele>
			</trkpt>
			<trkpt lat="46.660827" lon="12.627707">
				<ele>2306.000000</ele>
			</trkpt>
			<trkpt lat="46.660790" lon="12.627923">
				<ele>2310.000000</ele>
			</trkpt>
			<trkpt lat="46.660765" lon="12.627923">
				<ele>2310.000000</ele>
			</trkpt>
			<trkpt lat="46.660740" lon="12.627933">
				<ele>2310.000000</ele>
			</trkpt>
			<trkpt lat="46.660709" lon="12.627950">
				<ele>2312.000000</ele>
			</trkpt>
			<trkpt lat="46.660722" lon="12.628049">
				<ele>2315.000000</ele>
			</trkpt>
			<trkpt lat="46.660722" lon="12.628112">
				<ele>2317.000000</ele>
			</trkpt>
			<trkpt lat="46.660771" lon="12.628148">
				<ele>2320.000000</ele>
			</trkpt>
			<trkpt lat="46.660778" lon="12.628175">
				<ele>2320.000000</ele>
			</trkpt>
			<trkpt lat="46.660765" lon="12.628202">
				<ele>2320.000000</ele>
			</trkpt>
			<trkpt lat="46.660796" lon="12.628229">
				<ele>2320.000000</ele>
			</trkpt>
			<trkpt lat="46.660808" lon="12.628246">
				<ele>2320.000000</ele>
			</trkpt>
			<trkpt lat="46.660808" lon="12.628273">
				<ele>2320.000000</ele>
			</trkpt>
			<trkpt lat="46.660814" lon="12.628309">
				<ele>2321.000000</ele>
			</trkpt>
			<trkpt lat="46.660833" lon="12.628346">
				<ele>2323.000000</ele>
			</trkpt>
			<trkpt lat="46.660827" lon="12.628372">
				<ele>2324.000000</ele>
			</trkpt>
			<trkpt lat="46.660845" lon="12.628462">
				<ele>2327.000000</ele>
			</trkpt>
			<trkpt lat="46.660894" lon="12.628426">
				<ele>2330.000000</ele>
			</trkpt>
			<trkpt lat="46.660938" lon="12.628489">
				<ele>2330.000000</ele>
			</trkpt>
			<trkpt lat="46.660938" lon="12.628508">
				<ele>2330.000000</ele>
			</trkpt>
			<trkpt lat="46.660938" lon="12.628606">
				<ele>2332.000000</ele>
			</trkpt>
			<trkpt lat="46.660938" lon="12.628678">
				<ele>2334.000000</ele>
			</trkpt>
			<trkpt lat="46.660931" lon="12.628759">
				<ele>2336.000000</ele>
			</trkpt>
			<trkpt lat="46.660931" lon="12.628804">
				<ele>2337.000000</ele>
			</trkpt>
			<trkpt lat="46.660962" lon="12.628902">
				<ele>2339.000000</ele>
			</trkpt>
			<trkpt lat="46.660969" lon="12.629028">
				<ele>2343.000000</ele>
			</trkpt>
			<trkpt lat="46.660987" lon="12.629109">
				<ele>2346.000000</ele>
			</trkpt>
			<trkpt lat="46.661006" lon="12.629172">
				<ele>2348.000000</ele>
			</trkpt>
			<trkpt lat="46.661018" lon="12.629235">
				<ele>2350.000000</ele>
			</trkpt>
			<trkpt lat="46.661030" lon="12.629280">
				<ele>2351.000000</ele>
			</trkpt>
			<trkpt lat="46.661042" lon="12.629334">
				<ele>2353.000000</ele>
			</trkpt>
			<trkpt lat="46.661042" lon="12.629414">
				<ele>2355.000000</ele>
			</trkpt>
			<trkpt lat="46.661024" lon="12.629487">
				<ele>2358.000000</ele>
			</trkpt>
			<trkpt lat="46.661012" lon="12.629531">
				<ele>2359.000000</ele>
			</trkpt>
			<trkpt lat="46.660993" lon="12.629577">
				<ele>2360.000000</ele>
			</trkpt>
			<trkpt lat="46.660944" lon="12.629684">
				<ele>2361.000000</ele>
			</trkpt>
			<trkpt lat="46.660900" lon="12.629846">
				<ele>2362.000000</ele>
			</trkpt>
			<trkpt lat="46.660857" lon="12.629963">
				<ele>2362.000000</ele>
			</trkpt>
			<trkpt lat="46.660790" lon="12.630143">
				<ele>2363.000000</ele>
			</trkpt>
			<trkpt lat="46.660747" lon="12.630206">
				<ele>2364.000000</ele>
			</trkpt>
			<trkpt lat="46.660703" lon="12.630277">
				<ele>2364.000000</ele>
			</trkpt>
			<trkpt lat="46.660635" lon="12.630384">
				<ele>2365.000000</ele>
			</trkpt>
			<trkpt lat="46.660592" lon="12.630474">
				<ele>2366.000000</ele>
			</trkpt>
			<trkpt lat="46.660475" lon="12.630654">
				<ele>2367.000000</ele>
			</trkpt>
			<trkpt lat="46.660309" lon="12.630816">
				<ele>2368.000000</ele>
			</trkpt>
			<trkpt lat="46.660185" lon="12.630915">
				<ele>2369.000000</ele>
			</trkpt>
			<trkpt lat="46.660099" lon="12.631013">
				<ele>2370.000000</ele>
			</trkpt>
			<trkpt lat="46.660006" lon="12.631086">
				<ele>2371.000000</ele>
			</trkpt>
			<trkpt lat="46.659939" lon="12.631158">
				<ele>2372.000000</ele>
			</trkpt>
			<trkpt lat="46.659902" lon="12.631248">
				<ele>2372.000000</ele>
			</trkpt>
			<trkpt lat="46.659797" lon="12.631229">
				<ele>2373.000000</ele>
			</trkpt>
			<trkpt lat="46.659680" lon="12.631229">
				<ele>2374.000000</ele>
			</trkpt>
			<trkpt lat="46.659643" lon="12.631166">
				<ele>2374.000000</ele>
			</trkpt>
			<trkpt lat="46.659569" lon="12.631175">
				<ele>2375.000000</ele>
			</trkpt>
			<trkpt lat="46.659495" lon="12.631202">
				<ele>2375.000000</ele>
			</trkpt>
			<trkpt lat="46.659433" lon="12.631283">
				<ele>2376.000000</ele>
			</trkpt>
			<trkpt lat="46.659377" lon="12.631364">
				<ele>2376.000000</ele>
			</trkpt>
			<trkpt lat="46.659273" lon="12.631481">
				<ele>2377.000000</ele>
			</trkpt>
			<trkpt lat="46.659205" lon="12.631642">
				<ele>2378.000000</ele>
			</trkpt>
			<trkpt lat="46.659162" lon="12.631795">
				<ele>2379.000000</ele>
			</trkpt>
			<trkpt lat="46.659107" lon="12.631965">
				<ele>2380.000000</ele>
			</trkpt>
			<trkpt lat="46.659039" lon="12.632028">
				<ele>2379.000000</ele>
			</trkpt>
			<trkpt lat="46.658952" lon="12.632055">
				<ele>2376.000000</ele>
			</trkpt>
			<trkpt lat="46.658872" lon="12.632074">
				<ele>2373.000000</ele>
			</trkpt>
			<trkpt lat="46.658823" lon="12.632074">
				<ele>2371.000000</ele>
			</trkpt>
			<trkpt lat="46.658718" lon="12.632028">
				<ele>2368.000000</ele>
			</trkpt>
			<trkpt lat="46.658644" lon="12.632001">
				<ele>2366.000000</ele>
			</trkpt>
			<trkpt lat="46.658626" lon="12.631992">
				<ele>2366.000000</ele>
			</trkpt>
			<trkpt lat="46.658570" lon="12.631965">
				<ele>2364.000000</ele>
			</trkpt>
			<trkpt lat="46.658545" lon="12.631975">
				<ele>2364.000000</ele>
			</trkpt>
			<trkpt lat="46.658502" lon="12.631975">
				<ele>2362.000000</ele>
			</trkpt>
			<trkpt lat="46.658385" lon="12.631984">
				<ele>2359.000000</ele>
			</trkpt>
			<trkpt lat="46.658336" lon="12.632074">
				<ele>2357.000000</ele>
			</trkpt>
			<trkpt lat="46.658188" lon="12.632128">
				<ele>2353.000000</ele>
			</trkpt>
			<trkpt lat="46.658095" lon="12.632145">
				<ele>2351.000000</ele>
			</trkpt>
			<trkpt lat="46.658003" lon="12.632137">
				<ele>2348.000000</ele>
			</trkpt>
			<trkpt lat="46.657929" lon="12.632164">
				<ele>2346.000000</ele>
			</trkpt>
			<trkpt lat="46.657824" lon="12.632181">
				<ele>2343.000000</ele>
			</trkpt>
			<trkpt lat="46.657725" lon="12.632154">
				<ele>2341.000000</ele>
			</trkpt>
			<trkpt lat="46.657664" lon="12.632137">
				<ele>2340.000000</ele>
			</trkpt>
			<trkpt lat="46.657485" lon="12.632101">
				<ele>2339.000000</ele>
			</trkpt>
			<trkpt lat="46.657312" lon="12.632101">
				<ele>2338.000000</ele>
			</trkpt>
			<trkpt lat="46.657171" lon="12.632110">
				<ele>2337.000000</ele>
			</trkpt>
			<trkpt lat="46.657053" lon="12.632137">
				<ele>2336.000000</ele>
			</trkpt>
			<trkpt lat="46.656986" lon="12.632154">
				<ele>2336.000000</ele>
			</trkpt>
			<trkpt lat="46.656813" lon="12.632217">
				<ele>2335.000000</ele>
			</trkpt>
			<trkpt lat="46.656449" lon="12.632361">
				<ele>2333.000000</ele>
			</trkpt>
			<trkpt lat="46.656418" lon="12.632415">
				<ele>2333.000000</ele>
			</trkpt>
			<trkpt lat="46.656351" lon="12.632460">
				<ele>2332.000000</ele>
			</trkpt>
			<trkpt lat="46.656258" lon="12.632487">
				<ele>2332.000000</ele>
			</trkpt>
			<trkpt lat="46.656190" lon="12.632496">
				<ele>2331.000000</ele>
			</trkpt>
			<trkpt lat="46.656085" lon="12.632594">
				<ele>2331.000000</ele>
			</trkpt>
			<trkpt lat="46.656067" lon="12.632648">
				<ele>2330.000000</ele>
			</trkpt>
			<trkpt lat="46.656067" lon="12.632657">
				<ele>2330.000000</ele>
			</trkpt>
			<trkpt lat="46.655986" lon="12.632793">
				<ele>2330.000000</ele>
			</trkpt>
			<trkpt lat="46.655938" lon="12.632820">
				<ele>2330.000000</ele>
			</trkpt>
			<trkpt lat="46.655870" lon="12.632828">
				<ele>2330.000000</ele>
			</trkpt>
			<trkpt lat="46.655832" lon="12.632837">
				<ele>2330.000000</ele>
			</trkpt>
			<trkpt lat="46.655734" lon="12.632883">
				<ele>2330.000000</ele>
			</trkpt>
			<trkpt lat="46.655617" lon="12.632883">
				<ele>2330.000000</ele>
			</trkpt>
			<trkpt lat="46.655351" lon="12.632963">
				<ele>2330.000000</ele>
			</trkpt>
			<trkpt lat="46.655296" lon="12.633044">
				<ele>2330.000000</ele>
			</trkpt>
			<trkpt lat="46.655234" lon="12.633089">
				<ele>2330.000000</ele>
			</trkpt>
			<trkpt lat="46.655197" lon="12.633196">
				<ele>2330.000000</ele>
			</trkpt>
			<trkpt lat="46.655111" lon="12.633304">
				<ele>2330.000000</ele>
			</trkpt>
			<trkpt lat="46.655025" lon="12.633313">
				<ele>2330.000000</ele>
			</trkpt>
			<trkpt lat="46.654908" lon="12.633322">
				<ele>2330.000000</ele>
			</trkpt>
			<trkpt lat="46.654778" lon="12.633359">
				<ele>2330.000000</ele>
			</trkpt>
			<trkpt lat="46.654649" lon="12.633412">
				<ele>2328.000000</ele>
			</trkpt>
			<trkpt lat="46.654581" lon="12.633502">
				<ele>2326.000000</ele>
			</trkpt>
			<trkpt lat="46.654470" lon="12.633628">
				<ele>2324.000000</ele>
			</trkpt>
			<trkpt lat="46.654452" lon="12.633762">
				<ele>2322.000000</ele>
			</trkpt>
			<trkpt lat="46.654458" lon="12.633915">
				<ele>2320.000000</ele>
			</trkpt>
			<trkpt lat="46.654458" lon="12.634068">
				<ele>2317.000000</ele>
			</trkpt>
			<trkpt lat="46.654476" lon="12.634122">
				<ele>2316.000000</ele>
			</trkpt>
			<trkpt lat="46.654470" lon="12.634185">
				<ele>2315.000000</ele>
			</trkpt>
			<trkpt lat="46.654433" lon="12.634131">
				<ele>2314.000000</ele>
			</trkpt>
			<trkpt lat="46.654421" lon="12.634265">
				<ele>2312.000000</ele>
			</trkpt>
			<trkpt lat="46.654396" lon="12.634338">
				<ele>2311.000000</ele>
			</trkpt>
			<trkpt lat="46.654303" lon="12.634615">
				<ele>2305.000000</ele>
			</trkpt>
			<trkpt lat="46.654266" lon="12.634732">
				<ele>2302.000000</ele>
			</trkpt>
			<trkpt lat="46.654223" lon="12.634850">
				<ele>2300.000000</ele>
			</trkpt>
			<trkpt lat="46.654174" lon="12.634993">
				<ele>2297.000000</ele>
			</trkpt>
			<trkpt lat="46.654069" lon="12.635227">
				<ele>2292.000000</ele>
			</trkpt>
			<trkpt lat="46.653946" lon="12.635326">
				<ele>2284.000000</ele>
			</trkpt>
			<trkpt lat="46.653847" lon="12.635344">
				<ele>2278.000000</ele>
			</trkpt>
			<trkpt lat="46.653773" lon="12.635443">
				<ele>2272.000000</ele>
			</trkpt>
			<trkpt lat="46.653705" lon="12.635541">
				<ele>2269.000000</ele>
			</trkpt>
			<trkpt lat="46.653674" lon="12.635613">
				<ele>2268.000000</ele>
			</trkpt>
			<trkpt lat="46.653668" lon="12.635747">
				<ele>2267.000000</ele>
			</trkpt>
			<trkpt lat="46.653668" lon="12.635900">
				<ele>2265.000000</ele>
			</trkpt>
			<trkpt lat="46.653668" lon="12.636009">
				<ele>2264.000000</ele>
			</trkpt>
			<trkpt lat="46.653662" lon="12.636143">
				<ele>2263.000000</ele>
			</trkpt>
			<trkpt lat="46.653674" lon="12.636286">
				<ele>2261.000000</ele>
			</trkpt>
			<trkpt lat="46.653693" lon="12.636422">
				<ele>2260.000000</ele>
			</trkpt>
			<trkpt lat="46.653680" lon="12.636493">
				<ele>2259.000000</ele>
			</trkpt>
			<trkpt lat="46.653674" lon="12.636575">
				<ele>2258.000000</ele>
			</trkpt>
			<trkpt lat="46.653631" lon="12.636709">
				<ele>2257.000000</ele>
			</trkpt>
			<trkpt lat="46.653594" lon="12.636835">
				<ele>2256.000000</ele>
			</trkpt>
			<trkpt lat="46.653594" lon="12.636978">
				<ele>2255.000000</ele>
			</trkpt>
			<trkpt lat="46.653625" lon="12.637059">
				<ele>2254.000000</ele>
			</trkpt>
			<trkpt lat="46.653644" lon="12.637230">
				<ele>2253.000000</ele>
			</trkpt>
			<trkpt lat="46.653644" lon="12.637374">
				<ele>2252.000000</ele>
			</trkpt>
			<trkpt lat="46.653644" lon="12.637382">
				<ele>2252.000000</ele>
			</trkpt>
			<trkpt lat="46.653656" lon="12.637437">
				<ele>2251.000000</ele>
			</trkpt>
			<trkpt lat="46.653680" lon="12.637544">
				<ele>2251.000000</ele>
			</trkpt>
			<trkpt lat="46.653680" lon="12.637778">
				<ele>2248.000000</ele>
			</trkpt>
			<trkpt lat="46.653625" lon="12.637940">
				<ele>2246.000000</ele>
			</trkpt>
			<trkpt lat="46.653607" lon="12.638003">
				<ele>2245.000000</ele>
			</trkpt>
			<trkpt lat="46.653582" lon="12.638074">
				<ele>2244.000000</ele>
			</trkpt>
			<trkpt lat="46.653508" lon="12.638200">
				<ele>2242.000000</ele>
			</trkpt>
			<trkpt lat="46.653502" lon="12.638209">
				<ele>2244.000000</ele>
			</trkpt>
			<trkpt lat="46.653477" lon="12.638246">
				<ele>2244.000000</ele>
			</trkpt>
			<trkpt lat="46.653446" lon="12.638299">
				<ele>2244.000000</ele>
			</trkpt>
			<trkpt lat="46.653391" lon="12.638344">
				<ele>2244.000000</ele>
			</trkpt>
			<trkpt lat="46.653267" lon="12.638470">
				<ele>2243.000000</ele>
			</trkpt>
			<trkpt lat="46.653200" lon="12.638569">
				<ele>2243.000000</ele>
			</trkpt>
			<trkpt lat="46.653157" lon="12.638649">
				<ele>2243.000000</ele>
			</trkpt>
			<trkpt lat="46.653144" lon="12.638739">
				<ele>2242.000000</ele>
			</trkpt>
			<trkpt lat="46.653150" lon="12.638892">
				<ele>2242.000000</ele>
			</trkpt>
			<trkpt lat="46.653157" lon="12.639053">
				<ele>2242.000000</ele>
			</trkpt>
			<trkpt lat="46.653138" lon="12.639170">
				<ele>2241.000000</ele>
			</trkpt>
			<trkpt lat="46.653082" lon="12.639269">
				<ele>2241.000000</ele>
			</trkpt>
			<trkpt lat="46.653064" lon="12.639359">
				<ele>2241.000000</ele>
			</trkpt>
			<trkpt lat="46.653051" lon="12.639431">
				<ele>2241.000000</ele>
			</trkpt>
			<trkpt lat="46.652978" lon="12.639449">
				<ele>2241.000000</ele>
			</trkpt>
			<trkpt lat="46.652928" lon="12.639475">
				<ele>2240.000000</ele>
			</trkpt>
			<trkpt lat="46.652854" lon="12.639512">
				<ele>2240.000000</ele>
			</trkpt>
			<trkpt lat="46.652799" lon="12.639529">
				<ele>2240.000000</ele>
			</trkpt>
			<trkpt lat="46.652719" lon="12.639556">
				<ele>2240.000000</ele>
			</trkpt>
			<trkpt lat="46.652657" lon="12.639584">
				<ele>2240.000000</ele>
			</trkpt>
			<trkpt lat="46.652472" lon="12.639655">
				<ele>2240.000000</ele>
			</trkpt>
			<trkpt lat="46.652361" lon="12.639691">
				<ele>2240.000000</ele>
			</trkpt>
			<trkpt lat="46.652268" lon="12.639728">
				<ele>2241.000000</ele>
			</trkpt>
			<trkpt lat="46.652188" lon="12.639764">
				<ele>2241.000000</ele>
			</trkpt>
			<trkpt lat="46.652145" lon="12.639825">
				<ele>2241.000000</ele>
			</trkpt>
			<trkpt lat="46.652084" lon="12.639880">
				<ele>2242.000000</ele>
			</trkpt>
			<trkpt lat="46.652003" lon="12.639970">
				<ele>2243.000000</ele>
			</trkpt>
			<trkpt lat="46.651960" lon="12.640032">
				<ele>2243.000000</ele>
			</trkpt>
			<trkpt lat="46.651880" lon="12.640087">
				<ele>2244.000000</ele>
			</trkpt>
			<trkpt lat="46.651806" lon="12.640131">
				<ele>2244.000000</ele>
			</trkpt>
			<trkpt lat="46.651751" lon="12.640167">
				<ele>2245.000000</ele>
			</trkpt>
			<trkpt lat="46.651670" lon="12.640167">
				<ele>2245.000000</ele>
			</trkpt>
			<trkpt lat="46.651578" lon="12.640231">
				<ele>2246.000000</ele>
			</trkpt>
			<trkpt lat="46.651535" lon="12.640267">
				<ele>2246.000000</ele>
			</trkpt>
			<trkpt lat="46.651411" lon="12.640391">
				<ele>2247.000000</ele>
			</trkpt>
			<trkpt lat="46.651239" lon="12.640571">
				<ele>2249.000000</ele>
			</trkpt>
			<trkpt lat="46.651177" lon="12.640626">
				<ele>2249.000000</ele>
			</trkpt>
			<trkpt lat="46.651116" lon="12.640688">
				<ele>2250.000000</ele>
			</trkpt>
			<trkpt lat="46.651079" lon="12.640841">
				<ele>2251.000000</ele>
			</trkpt>
			<trkpt lat="46.651010" lon="12.640859">
				<ele>2253.000000</ele>
			</trkpt>
			<trkpt lat="46.650955" lon="12.640957">
				<ele>2256.000000</ele>
			</trkpt>
			<trkpt lat="46.650912" lon="12.641012">
				<ele>2258.000000</ele>
			</trkpt>
			<trkpt lat="46.650807" lon="12.641093">
				<ele>2260.000000</ele>
			</trkpt>
			<trkpt lat="46.650721" lon="12.641173">
				<ele>2260.000000</ele>
			</trkpt>
			<trkpt lat="46.650721" lon="12.641200">
				<ele>2260.000000</ele>
			</trkpt>
			<trkpt lat="46.650764" lon="12.641192">
				<ele>2260.000000</ele>
			</trkpt>
			<trkpt lat="46.650733" lon="12.641236">
				<ele>2260.000000</ele>
			</trkpt>
			<trkpt lat="46.650776" lon="12.641246">
				<ele>2260.000000</ele>
			</trkpt>
			<trkpt lat="46.650751" lon="12.641263">
				<ele>2260.000000</ele>
			</trkpt>
			<trkpt lat="46.650751" lon="12.641299">
				<ele>2260.000000</ele>
			</trkpt>
			<trkpt lat="46.650770" lon="12.641309">
				<ele>2260.000000</ele>
			</trkpt>
			<trkpt lat="46.650770" lon="12.641353">
				<ele>2260.000000</ele>
			</trkpt>
			<trkpt lat="46.650832" lon="12.641443">
				<ele>2260.000000</ele>
			</trkpt>
			<trkpt lat="46.650894" lon="12.641569">
				<ele>2260.000000</ele>
			</trkpt>
			<trkpt lat="46.650979" lon="12.641722">
				<ele>2260.000000</ele>
			</trkpt>
			<trkpt lat="46.651017" lon="12.641902">
				<ele>2258.000000</ele>
			</trkpt>
			<trkpt lat="46.651029" lon="12.642028">
				<ele>2256.000000</ele>
			</trkpt>
			<trkpt lat="46.651091" lon="12.642116">
				<ele>2255.000000</ele>
			</trkpt>
			<trkpt lat="46.651110" lon="12.642198">
				<ele>2254.000000</ele>
			</trkpt>
			<trkpt lat="46.651079" lon="12.642351">
				<ele>2251.000000</ele>
			</trkpt>
			<trkpt lat="46.651029" lon="12.642620">
				<ele>2248.000000</ele>
			</trkpt>
			<trkpt lat="46.651010" lon="12.642745">
				<ele>2246.000000</ele>
			</trkpt>
			<trkpt lat="46.651010" lon="12.642862">
				<ele>2244.000000</ele>
			</trkpt>
			<trkpt lat="46.651035" lon="12.642980">
				<ele>2243.000000</ele>
			</trkpt>
			<trkpt lat="46.651060" lon="12.643150">
				<ele>2240.000000</ele>
			</trkpt>
			<trkpt lat="46.651091" lon="12.643248">
				<ele>2239.000000</ele>
			</trkpt>
			<trkpt lat="46.651140" lon="12.643366">
				<ele>2237.000000</ele>
			</trkpt>
			<trkpt lat="46.651165" lon="12.643483">
				<ele>2235.000000</ele>
			</trkpt>
			<trkpt lat="46.651177" lon="12.643662">
				<ele>2232.000000</ele>
			</trkpt>
			<trkpt lat="46.651202" lon="12.643833">
				<ele>2230.000000</ele>
			</trkpt>
			<trkpt lat="46.651239" lon="12.644003">
				<ele>2229.000000</ele>
			</trkpt>
			<trkpt lat="46.651282" lon="12.644138">
				<ele>2228.000000</ele>
			</trkpt>
			<trkpt lat="46.651301" lon="12.644219">
				<ele>2227.000000</ele>
			</trkpt>
			<trkpt lat="46.651368" lon="12.644416">
				<ele>2226.000000</ele>
			</trkpt>
			<trkpt lat="46.651498" lon="12.644623">
				<ele>2224.000000</ele>
			</trkpt>
			<trkpt lat="46.651652" lon="12.644812">
				<ele>2222.000000</ele>
			</trkpt>
			<trkpt lat="46.651769" lon="12.644928">
				<ele>2221.000000</ele>
			</trkpt>
			<trkpt lat="46.651886" lon="12.645091">
				<ele>2220.000000</ele>
			</trkpt>
			<trkpt lat="46.652040" lon="12.645225">
				<ele>2220.000000</ele>
			</trkpt>
			<trkpt lat="46.652158" lon="12.645305">
				<ele>2220.000000</ele>
			</trkpt>
			<trkpt lat="46.652250" lon="12.645332">
				<ele>2220.000000</ele>
			</trkpt>
			<trkpt lat="46.652318" lon="12.645404">
				<ele>2220.000000</ele>
			</trkpt>
			<trkpt lat="46.652287" lon="12.645567">
				<ele>2220.000000</ele>
			</trkpt>
			<trkpt lat="46.652194" lon="12.645683">
				<ele>2220.000000</ele>
			</trkpt>
			<trkpt lat="46.652090" lon="12.645854">
				<ele>2220.000000</ele>
			</trkpt>
			<trkpt lat="46.652034" lon="12.645970">
				<ele>2220.000000</ele>
			</trkpt>
			<trkpt lat="46.651948" lon="12.646051">
				<ele>2220.000000</ele>
			</trkpt>
			<trkpt lat="46.651868" lon="12.646150">
				<ele>2220.000000</ele>
			</trkpt>
			<trkpt lat="46.651745" lon="12.646213">
				<ele>2220.000000</ele>
			</trkpt>
			<trkpt lat="46.651695" lon="12.646393">
				<ele>2220.000000</ele>
			</trkpt>
			<trkpt lat="46.651664" lon="12.646546">
				<ele>2221.000000</ele>
			</trkpt>
			<trkpt lat="46.651627" lon="12.646636">
				<ele>2222.000000</ele>
			</trkpt>
			<trkpt lat="46.651553" lon="12.646734">
				<ele>2223.000000</ele>
			</trkpt>
			<trkpt lat="46.651473" lon="12.646815">
				<ele>2223.000000</ele>
			</trkpt>
			<trkpt lat="46.651257" lon="12.647039">
				<ele>2225.000000</ele>
			</trkpt>
			<trkpt lat="46.651177" lon="12.647175">
				<ele>2226.000000</ele>
			</trkpt>
			<trkpt lat="46.651079" lon="12.647219">
				<ele>2227.000000</ele>
			</trkpt>
			<trkpt lat="46.650973" lon="12.647389">
				<ele>2228.000000</ele>
			</trkpt>
			<trkpt lat="46.650850" lon="12.647624">
				<ele>2230.000000</ele>
			</trkpt>
			<trkpt lat="46.650721" lon="12.647991">
				<ele>2231.000000</ele>
			</trkpt>
			<trkpt lat="46.650672" lon="12.648198">
				<ele>2232.000000</ele>
			</trkpt>
			<trkpt lat="46.650560" lon="12.648584">
				<ele>2233.000000</ele>
			</trkpt>
			<trkpt lat="46.650493" lon="12.648747">
				<ele>2234.000000</ele>
			</trkpt>
			<trkpt lat="46.650381" lon="12.648899">
				<ele>2235.000000</ele>
			</trkpt>
			<trkpt lat="46.650320" lon="12.649007">
				<ele>2235.000000</ele>
			</trkpt>
			<trkpt lat="46.650203" lon="12.649169">
				<ele>2236.000000</ele>
			</trkpt>
			<trkpt lat="46.650135" lon="12.649259">
				<ele>2236.000000</ele>
			</trkpt>
			<trkpt lat="46.650018" lon="12.649473">
				<ele>2237.000000</ele>
			</trkpt>
			<trkpt lat="46.649925" lon="12.649680">
				<ele>2238.000000</ele>
			</trkpt>
			<trkpt lat="46.649876" lon="12.649869">
				<ele>2239.000000</ele>
			</trkpt>
			<trkpt lat="46.649858" lon="12.650058">
				<ele>2239.000000</ele>
			</trkpt>
			<trkpt lat="46.649852" lon="12.650426">
				<ele>2241.000000</ele>
			</trkpt>
			<trkpt lat="46.649852" lon="12.650695">
				<ele>2243.000000</ele>
			</trkpt>
			<trkpt lat="46.649864" lon="12.650894">
				<ele>2244.000000</ele>
			</trkpt>
			<trkpt lat="46.649882" lon="12.650957">
				<ele>2245.000000</ele>
			</trkpt>
			<trkpt lat="46.649876" lon="12.651047">
				<ele>2246.000000</ele>
			</trkpt>
			<trkpt lat="46.649876" lon="12.651091">
				<ele>2246.000000</ele>
			</trkpt>
			<trkpt lat="46.649888" lon="12.651234">
				<ele>2247.000000</ele>
			</trkpt>
			<trkpt lat="46.649888" lon="12.651351">
				<ele>2248.000000</ele>
			</trkpt>
			<trkpt lat="46.649907" lon="12.651486">
				<ele>2249.000000</ele>
			</trkpt>
			<trkpt lat="46.649925" lon="12.651630">
				<ele>2250.000000</ele>
			</trkpt>
			<trkpt lat="46.650049" lon="12.651576">
				<ele>2250.000000</ele>
			</trkpt>
			<trkpt lat="46.650178" lon="12.651576">
				<ele>2250.000000</ele>
			</trkpt>
			<trkpt lat="46.650271" lon="12.651612">
				<ele>2250.000000</ele>
			</trkpt>
			<trkpt lat="46.650394" lon="12.651729">
				<ele>2250.000000</ele>
			</trkpt>
			<trkpt lat="46.650493" lon="12.651863">
				<ele>2250.000000</ele>
			</trkpt>
			<trkpt lat="46.650554" lon="12.652016">
				<ele>2250.000000</ele>
			</trkpt>
			<trkpt lat="46.650653" lon="12.652115">
				<ele>2250.000000</ele>
			</trkpt>
			<trkpt lat="46.650782" lon="12.652205">
				<ele>2250.000000</ele>
			</trkpt>
			<trkpt lat="46.650912" lon="12.652349">
				<ele>2250.000000</ele>
			</trkpt>
			<trkpt lat="46.650943" lon="12.652366">
				<ele>2250.000000</ele>
			</trkpt>
			<trkpt lat="46.651085" lon="12.652502">
				<ele>2250.000000</ele>
			</trkpt>
			<trkpt lat="46.651195" lon="12.652636">
				<ele>2250.000000</ele>
			</trkpt>
			<trkpt lat="46.651276" lon="12.652699">
				<ele>2250.000000</ele>
			</trkpt>
			<trkpt lat="46.651325" lon="12.652744">
				<ele>2250.000000</ele>
			</trkpt>
			<trkpt lat="46.651374" lon="12.652789">
				<ele>2250.000000</ele>
			</trkpt>
			<trkpt lat="46.651455" lon="12.652978">
				<ele>2250.000000</ele>
			</trkpt>
			<trkpt lat="46.651541" lon="12.653184">
				<ele>2252.000000</ele>
			</trkpt>
			<trkpt lat="46.651627" lon="12.653391">
				<ele>2254.000000</ele>
			</trkpt>
			<trkpt lat="46.651670" lon="12.653570">
				<ele>2256.000000</ele>
			</trkpt>
			<trkpt lat="46.651720" lon="12.653777">
				<ele>2257.000000</ele>
			</trkpt>
			<trkpt lat="46.651781" lon="12.653903">
				<ele>2259.000000</ele>
			</trkpt>
			<trkpt lat="46.651824" lon="12.654020">
				<ele>2260.000000</ele>
			</trkpt>
			<trkpt lat="46.652040" lon="12.654253">
				<ele>2265.000000</ele>
			</trkpt>
			<trkpt lat="46.652256" lon="12.654433">
				<ele>2269.000000</ele>
			</trkpt>
			<trkpt lat="46.652571" lon="12.654819">
				<ele>2270.000000</ele>
			</trkpt>
			<trkpt lat="46.652688" lon="12.654909">
				<ele>2270.000000</ele>
			</trkpt>
			<trkpt lat="46.652817" lon="12.654989">
				<ele>2270.000000</ele>
			</trkpt>
			<trkpt lat="46.653003" lon="12.655142">
				<ele>2272.000000</ele>
			</trkpt>
			<trkpt lat="46.653218" lon="12.655241">
				<ele>2277.000000</ele>
			</trkpt>
			<trkpt lat="46.653471" lon="12.655305">
				<ele>2281.000000</ele>
			</trkpt>
			<trkpt lat="46.653650" lon="12.655439">
				<ele>2283.000000</ele>
			</trkpt>
			<trkpt lat="46.653817" lon="12.655601">
				<ele>2284.000000</ele>
			</trkpt>
			<trkpt lat="46.653977" lon="12.655762">
				<ele>2286.000000</ele>
			</trkpt>
			<trkpt lat="46.654242" lon="12.656022">
				<ele>2289.000000</ele>
			</trkpt>
			<trkpt lat="46.654414" lon="12.656068">
				<ele>2290.000000</ele>
			</trkpt>
			<trkpt lat="46.654722" lon="12.656131">
				<ele>2291.000000</ele>
			</trkpt>
			<trkpt lat="46.654852" lon="12.656373">
				<ele>2291.000000</ele>
			</trkpt>
			<trkpt lat="46.654932" lon="12.656418">
				<ele>2291.000000</ele>
			</trkpt>
			<trkpt lat="46.655074" lon="12.656660">
				<ele>2292.000000</ele>
			</trkpt>
			<trkpt lat="46.655129" lon="12.657029">
				<ele>2292.000000</ele>
			</trkpt>
			<trkpt lat="46.655247" lon="12.657226">
				<ele>2293.000000</ele>
			</trkpt>
			<trkpt lat="46.655475" lon="12.657532">
				<ele>2293.000000</ele>
			</trkpt>
			<trkpt lat="46.655648" lon="12.657639">
				<ele>2294.000000</ele>
			</trkpt>
			<trkpt lat="46.655728" lon="12.657802">
				<ele>2294.000000</ele>
			</trkpt>
			<trkpt lat="46.655839" lon="12.658079">
				<ele>2295.000000</ele>
			</trkpt>
			<trkpt lat="46.655901" lon="12.658341">
				<ele>2295.000000</ele>
			</trkpt>
			<trkpt lat="46.655962" lon="12.658592">
				<ele>2295.000000</ele>
			</trkpt>
			<trkpt lat="46.656030" lon="12.659023">
				<ele>2296.000000</ele>
			</trkpt>
			<trkpt lat="46.656067" lon="12.659274">
				<ele>2296.000000</ele>
			</trkpt>
			<trkpt lat="46.656129" lon="12.659660">
				<ele>2297.000000</ele>
			</trkpt>
			<trkpt lat="46.656227" lon="12.659976">
				<ele>2298.000000</ele>
			</trkpt>
			<trkpt lat="46.656239" lon="12.660146">
				<ele>2298.000000</ele>
			</trkpt>
			<trkpt lat="46.656252" lon="12.660398">
				<ele>2298.000000</ele>
			</trkpt>
			<trkpt lat="46.656258" lon="12.660578">
				<ele>2298.000000</ele>
			</trkpt>
			<trkpt lat="46.656295" lon="12.660765">
				<ele>2299.000000</ele>
			</trkpt>
			<trkpt lat="46.656295" lon="12.660964">
				<ele>2299.000000</ele>
			</trkpt>
			<trkpt lat="46.656393" lon="12.661215">
				<ele>2299.000000</ele>
			</trkpt>
			<trkpt lat="46.656505" lon="12.661431">
				<ele>2300.000000</ele>
			</trkpt>
			<trkpt lat="46.656615" lon="12.661484">
				<ele>2300.000000</ele>
			</trkpt>
			<trkpt lat="46.656758" lon="12.661530">
				<ele>2302.000000</ele>
			</trkpt>
			<trkpt lat="46.656862" lon="12.661601">
				<ele>2304.000000</ele>
			</trkpt>
			<trkpt lat="46.656973" lon="12.661718">
				<ele>2305.000000</ele>
			</trkpt>
			<trkpt lat="46.657065" lon="12.661808">
				<ele>2307.000000</ele>
			</trkpt>
			<trkpt lat="46.657171" lon="12.661943">
				<ele>2309.000000</ele>
			</trkpt>
			<trkpt lat="46.657263" lon="12.662041">
				<ele>2310.000000</ele>
			</trkpt>
			<trkpt lat="46.657318" lon="12.662077">
				<ele>2311.000000</ele>
			</trkpt>
			<trkpt lat="46.657337" lon="12.662176">
				<ele>2312.000000</ele>
			</trkpt>
			<trkpt lat="46.657362" lon="12.662284">
				<ele>2313.000000</ele>
			</trkpt>
			<trkpt lat="46.657411" lon="12.662427">
				<ele>2314.000000</ele>
			</trkpt>
			<trkpt lat="46.657423" lon="12.662463">
				<ele>2315.000000</ele>
			</trkpt>
			<trkpt lat="46.657423" lon="12.662490">
				<ele>2315.000000</ele>
			</trkpt>
			<trkpt lat="46.657411" lon="12.662509">
				<ele>2315.000000</ele>
			</trkpt>
			<trkpt lat="46.657405" lon="12.662563">
				<ele>2315.000000</ele>
			</trkpt>
			<trkpt lat="46.657423" lon="12.662599">
				<ele>2316.000000</ele>
			</trkpt>
			<trkpt lat="46.657454" lon="12.662607">
				<ele>2316.000000</ele>
			</trkpt>
			<trkpt lat="46.657485" lon="12.662670">
				<ele>2317.000000</ele>
			</trkpt>
			<trkpt lat="46.657497" lon="12.662697">
				<ele>2317.000000</ele>
			</trkpt>
			<trkpt lat="46.657509" lon="12.662724">
				<ele>2318.000000</ele>
			</trkpt>
			<trkpt lat="46.657522" lon="12.662787">
				<ele>2318.000000</ele>
			</trkpt>
			<trkpt lat="46.657522" lon="12.662859">
				<ele>2319.000000</ele>
			</trkpt>
			<trkpt lat="46.657516" lon="12.663002">
				<ele>2320.000000</ele>
			</trkpt>
			<trkpt lat="46.657448" lon="12.663192">
				<ele>2322.000000</ele>
			</trkpt>
			<trkpt lat="46.657368" lon="12.663281">
				<ele>2324.000000</ele>
			</trkpt>
			<trkpt lat="46.657306" lon="12.663379">
				<ele>2325.000000</ele>
			</trkpt>
			<trkpt lat="46.657238" lon="12.663469">
				<ele>2326.000000</ele>
			</trkpt>
			<trkpt lat="46.657177" lon="12.663568">
				<ele>2328.000000</ele>
			</trkpt>
			<trkpt lat="46.657121" lon="12.663704">
				<ele>2329.000000</ele>
			</trkpt>
			<trkpt lat="46.657065" lon="12.663766">
				<ele>2330.000000</ele>
			</trkpt>
			<trkpt lat="46.656943" lon="12.663847">
				<ele>2330.000000</ele>
			</trkpt>
			<trkpt lat="46.656831" lon="12.663937">
				<ele>2331.000000</ele>
			</trkpt>
			<trkpt lat="46.656727" lon="12.664062">
				<ele>2333.000000</ele>
			</trkpt>
			<trkpt lat="46.656671" lon="12.664152">
				<ele>2334.000000</ele>
			</trkpt>
			<trkpt lat="46.656486" lon="12.664413">
				<ele>2338.000000</ele>
			</trkpt>
			<trkpt lat="46.656351" lon="12.664530">
				<ele>2341.000000</ele>
			</trkpt>
			<trkpt lat="46.656239" lon="12.664593">
				<ele>2342.000000</ele>
			</trkpt>
			<trkpt lat="46.656159" lon="12.664673">
				<ele>2343.000000</ele>
			</trkpt>
			<trkpt lat="46.656104" lon="12.664718">
				<ele>2344.000000</ele>
			</trkpt>
			<trkpt lat="46.656067" lon="12.664800">
				<ele>2344.000000</ele>
			</trkpt>
			<trkpt lat="46.656005" lon="12.664863">
				<ele>2345.000000</ele>
			</trkpt>
			<trkpt lat="46.655931" lon="12.665024">
				<ele>2346.000000</ele>
			</trkpt>
			<trkpt lat="46.655919" lon="12.665096">
				<ele>2347.000000</ele>
			</trkpt>
			<trkpt lat="46.655894" lon="12.665176">
				<ele>2348.000000</ele>
			</trkpt>
			<trkpt lat="46.655870" lon="12.665186">
				<ele>2348.000000</ele>
			</trkpt>
			<trkpt lat="46.655857" lon="12.665213">
				<ele>2348.000000</ele>
			</trkpt>
			<trkpt lat="46.655845" lon="12.665266">
				<ele>2349.000000</ele>
			</trkpt>
			<trkpt lat="46.655808" lon="12.665284">
				<ele>2349.000000</ele>
			</trkpt>
			<trkpt lat="46.655758" lon="12.665339">
				<ele>2350.000000</ele>
			</trkpt>
			<trkpt lat="46.655728" lon="12.665410">
				<ele>2351.000000</ele>
			</trkpt>
			<trkpt lat="46.655672" lon="12.665463">
				<ele>2355.000000</ele>
			</trkpt>
			<trkpt lat="46.655666" lon="12.665509">
				<ele>2357.000000</ele>
			</trkpt>
			<trkpt lat="46.655672" lon="12.665545">
				<ele>2358.000000</ele>
			</trkpt>
			<trkpt lat="46.655648" lon="12.665563">
				<ele>2360.000000</ele>
			</trkpt>
			<trkpt lat="46.655623" lon="12.665572">
				<ele>2361.000000</ele>
			</trkpt>
			<trkpt lat="46.655598" lon="12.665599">
				<ele>2362.000000</ele>
			</trkpt>
			<trkpt lat="46.655561" lon="12.665635">
				<ele>2364.000000</ele>
			</trkpt>
			<trkpt lat="46.655512" lon="12.665679">
				<ele>2367.000000</ele>
			</trkpt>
			<trkpt lat="46.655432" lon="12.665698">
				<ele>2371.000000</ele>
			</trkpt>
			<trkpt lat="46.655494" lon="12.665769">
				<ele>2374.000000</ele>
			</trkpt>
			<trkpt lat="46.655456" lon="12.665779">
				<ele>2376.000000</ele>
			</trkpt>
			<trkpt lat="46.655506" lon="12.665815">
				<ele>2379.000000</ele>
			</trkpt>
			<trkpt lat="46.655444" lon="12.665868">
				<ele>2382.000000</ele>
			</trkpt>
			<trkpt lat="46.655487" lon="12.665958">
				<ele>2387.000000</ele>
			</trkpt>
			<trkpt lat="46.655444" lon="12.665994">
				<ele>2389.000000</ele>
			</trkpt>
			<trkpt lat="46.655450" lon="12.666012">
				<ele>2390.000000</ele>
			</trkpt>
			<trkpt lat="46.655456" lon="12.666039">
				<ele>2390.000000</ele>
			</trkpt>
			<trkpt lat="46.655450" lon="12.666075">
				<ele>2391.000000</ele>
			</trkpt>
			<trkpt lat="46.655413" lon="12.666084">
				<ele>2391.000000</ele>
			</trkpt>
			<trkpt lat="46.655413" lon="12.666111">
				<ele>2392.000000</ele>
			</trkpt>
			<trkpt lat="46.655450" lon="12.666129">
				<ele>2392.000000</ele>
			</trkpt>
			<trkpt lat="46.655432" lon="12.666147">
				<ele>2393.000000</ele>
			</trkpt>
			<trkpt lat="46.655376" lon="12.666165">
				<ele>2394.000000</ele>
			</trkpt>
			<trkpt lat="46.655345" lon="12.666174">
				<ele>2394.000000</ele>
			</trkpt>
			<trkpt lat="46.655388" lon="12.666192">
				<ele>2395.000000</ele>
			</trkpt>
			<trkpt lat="46.655413" lon="12.666209">
				<ele>2395.000000</ele>
			</trkpt>
			<trkpt lat="46.655450" lon="12.666218">
				<ele>2396.000000</ele>
			</trkpt>
			<trkpt lat="46.655407" lon="12.666245">
				<ele>2397.000000</ele>
			</trkpt>
			<trkpt lat="46.655357" lon="12.666281">
				<ele>2398.000000</ele>
			</trkpt>
			<trkpt lat="46.655302" lon="12.666291">
				<ele>2399.000000</ele>
			</trkpt>
			<trkpt lat="46.655284" lon="12.666354">
				<ele>2400.000000</ele>
			</trkpt>
			<trkpt lat="46.655272" lon="12.666505">
				<ele>2405.000000</ele>
			</trkpt>
			<trkpt lat="46.655241" lon="12.666623">
				<ele>2410.000000</ele>
			</trkpt>
			<trkpt lat="46.655234" lon="12.666685">
				<ele>2414.000000</ele>
			</trkpt>
			<trkpt lat="46.655259" lon="12.666713">
				<ele>2417.000000</ele>
			</trkpt>
			<trkpt lat="46.655284" lon="12.666721">
				<ele>2419.000000</ele>
			</trkpt>
			<trkpt lat="46.655296" lon="12.666748">
				<ele>2420.000000</ele>
			</trkpt>
			<trkpt lat="46.655278" lon="12.666784">
				<ele>2422.000000</ele>
			</trkpt>
			<trkpt lat="46.655228" lon="12.666830">
				<ele>2424.000000</ele>
			</trkpt>
			<trkpt lat="46.655197" lon="12.666847">
				<ele>2425.000000</ele>
			</trkpt>
			<trkpt lat="46.655179" lon="12.666865">
				<ele>2426.000000</ele>
			</trkpt>
			<trkpt lat="46.655172" lon="12.666892">
				<ele>2427.000000</ele>
			</trkpt>
			<trkpt lat="46.655197" lon="12.666901">
				<ele>2428.000000</ele>
			</trkpt>
			<trkpt lat="46.655160" lon="12.666928">
				<ele>2430.000000</ele>
			</trkpt>
			<trkpt lat="46.655160" lon="12.666955">
				<ele>2430.000000</ele>
			</trkpt>
			<trkpt lat="46.655197" lon="12.666937">
				<ele>2431.000000</ele>
			</trkpt>
			<trkpt lat="46.655210" lon="12.666947">
				<ele>2432.000000</ele>
			</trkpt>
			<trkpt lat="46.655203" lon="12.666973">
				<ele>2432.000000</ele>
			</trkpt>
			<trkpt lat="46.655172" lon="12.666991">
				<ele>2433.000000</ele>
			</trkpt>
			<trkpt lat="46.655117" lon="12.667071">
				<ele>2436.000000</ele>
			</trkpt>
			<trkpt lat="46.655056" lon="12.667126">
				<ele>2438.000000</ele>
			</trkpt>
			<trkpt lat="46.655025" lon="12.667144">
				<ele>2439.000000</ele>
			</trkpt>
			<trkpt lat="46.655025" lon="12.667161">
				<ele>2439.000000</ele>
			</trkpt>
			<trkpt lat="46.655068" lon="12.667161">
				<ele>2441.000000</ele>
			</trkpt>
			<trkpt lat="46.655185" lon="12.667153">
				<ele>2444.000000</ele>
			</trkpt>
			<trkpt lat="46.655222" lon="12.667161">
				<ele>2446.000000</ele>
			</trkpt>
			<trkpt lat="46.655197" lon="12.667197">
				<ele>2447.000000</ele>
			</trkpt>
			<trkpt lat="46.655166" lon="12.667224">
				<ele>2448.000000</ele>
			</trkpt>
			<trkpt lat="46.655142" lon="12.667251">
				<ele>2449.000000</ele>
			</trkpt>
			<trkpt lat="46.655191" lon="12.667260">
				<ele>2450.000000</ele>
			</trkpt>
			<trkpt lat="46.655345" lon="12.667297">
				<ele>2450.000000</ele>
			</trkpt>
			<trkpt lat="46.655450" lon="12.667387">
				<ele>2450.000000</ele>
			</trkpt>
			<trkpt lat="46.655617" lon="12.667503">
				<ele>2450.000000</ele>
			</trkpt>
			<trkpt lat="46.655801" lon="12.667620">
				<ele>2450.000000</ele>
			</trkpt>
			<trkpt lat="46.655944" lon="12.667727">
				<ele>2450.000000</ele>
			</trkpt>
			<trkpt lat="46.656017" lon="12.667889">
				<ele>2450.000000</ele>
			</trkpt>
			<trkpt lat="46.656085" lon="12.668096">
				<ele>2450.000000</ele>
			</trkpt>
			<trkpt lat="46.656129" lon="12.668303">
				<ele>2450.000000</ele>
			</trkpt>
			<trkpt lat="46.656135" lon="12.668528">
				<ele>2450.000000</ele>
			</trkpt>
			<trkpt lat="46.656098" lon="12.668716">
				<ele>2450.000000</ele>
			</trkpt>
			<trkpt lat="46.656061" lon="12.669048">
				<ele>2450.000000</ele>
			</trkpt>
			<trkpt lat="46.656030" lon="12.669308">
				<ele>2450.000000</ele>
			</trkpt>
			<trkpt lat="46.655974" lon="12.669551">
				<ele>2450.000000</ele>
			</trkpt>
			<trkpt lat="46.655956" lon="12.669695">
				<ele>2450.000000</ele>
			</trkpt>
			<trkpt lat="46.655974" lon="12.669784">
				<ele>2450.000000</ele>
			</trkpt>
			<trkpt lat="46.656073" lon="12.669956">
				<ele>2450.000000</ele>
			</trkpt>
			<trkpt lat="46.656202" lon="12.670243">
				<ele>2450.000000</ele>
			</trkpt>
			<trkpt lat="46.656430" lon="12.670702">
				<ele>2443.000000</ele>
			</trkpt>
			<trkpt lat="46.656467" lon="12.670943">
				<ele>2440.000000</ele>
			</trkpt>
			<trkpt lat="46.656677" lon="12.671268">
				<ele>2436.000000</ele>
			</trkpt>
			<trkpt lat="46.656758" lon="12.671438">
				<ele>2434.000000</ele>
			</trkpt>
			<trkpt lat="46.656813" lon="12.671518">
				<ele>2433.000000</ele>
			</trkpt>
			<trkpt lat="46.656918" lon="12.671842">
				<ele>2430.000000</ele>
			</trkpt>
			<trkpt lat="46.657010" lon="12.672210">
				<ele>2424.000000</ele>
			</trkpt>
			<trkpt lat="46.657158" lon="12.672704">
				<ele>2416.000000</ele>
			</trkpt>
			<trkpt lat="46.657275" lon="12.673027">
				<ele>2411.000000</ele>
			</trkpt>
			<trkpt lat="46.657281" lon="12.673163">
				<ele>2409.000000</ele>
			</trkpt>
			<trkpt lat="46.657306" lon="12.673270">
				<ele>2407.000000</ele>
			</trkpt>
			<trkpt lat="46.657349" lon="12.673639">
				<ele>2401.000000</ele>
			</trkpt>
			<trkpt lat="46.657356" lon="12.673828">
				<ele>2397.000000</ele>
			</trkpt>
			<trkpt lat="46.657306" lon="12.674124">
				<ele>2391.000000</ele>
			</trkpt>
			<trkpt lat="46.657281" lon="12.674339">
				<ele>2389.000000</ele>
			</trkpt>
			<trkpt lat="46.657312" lon="12.674537">
				<ele>2387.000000</ele>
			</trkpt>
			<trkpt lat="46.657318" lon="12.674618">
				<ele>2387.000000</ele>
			</trkpt>
			<trkpt lat="46.657362" lon="12.674815">
				<ele>2390.000000</ele>
			</trkpt>
			<trkpt lat="46.657362" lon="12.674824">
				<ele>2390.000000</ele>
			</trkpt>
			<trkpt lat="46.657356" lon="12.674870">
				<ele>2390.000000</ele>
			</trkpt>
			<trkpt lat="46.657337" lon="12.674987">
				<ele>2390.000000</ele>
			</trkpt>
			<trkpt lat="46.657337" lon="12.675021">
				<ele>2390.000000</ele>
			</trkpt>
			<trkpt lat="46.657362" lon="12.675094">
				<ele>2390.000000</ele>
			</trkpt>
			<trkpt lat="46.657387" lon="12.675247">
				<ele>2390.000000</ele>
			</trkpt>
			<trkpt lat="46.657380" lon="12.675543">
				<ele>2390.000000</ele>
			</trkpt>
			<trkpt lat="46.657318" lon="12.675687">
				<ele>2390.000000</ele>
			</trkpt>
			<trkpt lat="46.657275" lon="12.675903">
				<ele>2390.000000</ele>
			</trkpt>
			<trkpt lat="46.657287" lon="12.676063">
				<ele>2390.000000</ele>
			</trkpt>
			<trkpt lat="46.657269" lon="12.676226">
				<ele>2390.000000</ele>
			</trkpt>
			<trkpt lat="46.657201" lon="12.676415">
				<ele>2391.000000</ele>
			</trkpt>
			<trkpt lat="46.657109" lon="12.676603">
				<ele>2391.000000</ele>
			</trkpt>
			<trkpt lat="46.657028" lon="12.676675">
				<ele>2392.000000</ele>
			</trkpt>
			<trkpt lat="46.656961" lon="12.676729">
				<ele>2392.000000</ele>
			</trkpt>
			<trkpt lat="46.656980" lon="12.676648">
				<ele>2392.000000</ele>
			</trkpt>
			<trkpt lat="46.656905" lon="12.676648">
				<ele>2393.000000</ele>
			</trkpt>
			<trkpt lat="46.656837" lon="12.676782">
				<ele>2393.000000</ele>
			</trkpt>
			<trkpt lat="46.656825" lon="12.676675">
				<ele>2393.000000</ele>
			</trkpt>
			<trkpt lat="46.656807" lon="12.676692">
				<ele>2394.000000</ele>
			</trkpt>
			<trkpt lat="46.656776" lon="12.676837">
				<ele>2394.000000</ele>
			</trkpt>
			<trkpt lat="46.656758" lon="12.676819">
				<ele>2394.000000</ele>
			</trkpt>
			<trkpt lat="46.656764" lon="12.676719">
				<ele>2394.000000</ele>
			</trkpt>
			<trkpt lat="46.656733" lon="12.676755">
				<ele>2395.000000</ele>
			</trkpt>
			<trkpt lat="46.656714" lon="12.676872">
				<ele>2395.000000</ele>
			</trkpt>
			<trkpt lat="46.656690" lon="12.676891">
				<ele>2395.000000</ele>
			</trkpt>
			<trkpt lat="46.656640" lon="12.676962">
				<ele>2395.000000</ele>
			</trkpt>
			<trkpt lat="46.656628" lon="12.677061">
				<ele>2396.000000</ele>
			</trkpt>
			<trkpt lat="46.656628" lon="12.677178">
				<ele>2396.000000</ele>
			</trkpt>
			<trkpt lat="46.656609" lon="12.677331">
				<ele>2396.000000</ele>
			</trkpt>
			<trkpt lat="46.656566" lon="12.677474">
				<ele>2397.000000</ele>
			</trkpt>
			<trkpt lat="46.656529" lon="12.677627">
				<ele>2397.000000</ele>
			</trkpt>
			<trkpt lat="46.656517" lon="12.677717">
				<ele>2398.000000</ele>
			</trkpt>
			<trkpt lat="46.656486" lon="12.677771">
				<ele>2398.000000</ele>
			</trkpt>
			<trkpt lat="46.656455" lon="12.677834">
				<ele>2398.000000</ele>
			</trkpt>
			<trkpt lat="46.656412" lon="12.677906">
				<ele>2398.000000</ele>
			</trkpt>
			<trkpt lat="46.656363" lon="12.677969">
				<ele>2399.000000</ele>
			</trkpt>
			<trkpt lat="46.656307" lon="12.678013">
				<ele>2399.000000</ele>
			</trkpt>
			<trkpt lat="46.656252" lon="12.678067">
				<ele>2399.000000</ele>
			</trkpt>
			<trkpt lat="46.656233" lon="12.678121">
				<ele>2399.000000</ele>
			</trkpt>
			<trkpt lat="46.656202" lon="12.678166">
				<ele>2400.000000</ele>
			</trkpt>
			<trkpt lat="46.656184" lon="12.678220">
				<ele>2400.000000</ele>
			</trkpt>
			<trkpt lat="46.656147" lon="12.678256">
				<ele>2400.000000</ele>
			</trkpt>
			<trkpt lat="46.656110" lon="12.678327">
				<ele>2400.000000</ele>
			</trkpt>
			<trkpt lat="46.656048" lon="12.678417">
				<ele>2401.000000</ele>
			</trkpt>
			<trkpt lat="46.656042" lon="12.678543">
				<ele>2401.000000</ele>
			</trkpt>
			<trkpt lat="46.656042" lon="12.678696">
				<ele>2401.000000</ele>
			</trkpt>
			<trkpt lat="46.656048" lon="12.678849">
				<ele>2402.000000</ele>
			</trkpt>
			<trkpt lat="46.656011" lon="12.678966">
				<ele>2402.000000</ele>
			</trkpt>
			<trkpt lat="46.655999" lon="12.679119">
				<ele>2403.000000</ele>
			</trkpt>
			<trkpt lat="46.655938" lon="12.679308">
				<ele>2403.000000</ele>
			</trkpt>
			<trkpt lat="46.655974" lon="12.679424">
				<ele>2404.000000</ele>
			</trkpt>
			<trkpt lat="46.656067" lon="12.679577">
				<ele>2404.000000</ele>
			</trkpt>
			<trkpt lat="46.656135" lon="12.679639">
				<ele>2405.000000</ele>
			</trkpt>
			<trkpt lat="46.656178" lon="12.679774">
				<ele>2405.000000</ele>
			</trkpt>
			<trkpt lat="46.656221" lon="12.679918">
				<ele>2406.000000</ele>
			</trkpt>
			<trkpt lat="46.656258" lon="12.680044">
				<ele>2406.000000</ele>
			</trkpt>
			<trkpt lat="46.656295" lon="12.680250">
				<ele>2407.000000</ele>
			</trkpt>
			<trkpt lat="46.656295" lon="12.680376">
				<ele>2407.000000</ele>
			</trkpt>
			<trkpt lat="46.656270" lon="12.680574">
				<ele>2408.000000</ele>
			</trkpt>
			<trkpt lat="46.656227" lon="12.680690">
				<ele>2408.000000</ele>
			</trkpt>
			<trkpt lat="46.656190" lon="12.680987">
				<ele>2409.000000</ele>
			</trkpt>
			<trkpt lat="46.656123" lon="12.681185">
				<ele>2410.000000</ele>
			</trkpt>
			<trkpt lat="46.656123" lon="12.681193">
				<ele>2410.000000</ele>
			</trkpt>
			<trkpt lat="46.656123" lon="12.681382">
				<ele>2410.000000</ele>
			</trkpt>
			<trkpt lat="46.656098" lon="12.681508">
				<ele>2410.000000</ele>
			</trkpt>
			<trkpt lat="46.656092" lon="12.681543">
				<ele>2410.000000</ele>
			</trkpt>
			<trkpt lat="46.656067" lon="12.681642">
				<ele>2410.000000</ele>
			</trkpt>
			<trkpt lat="46.656005" lon="12.681715">
				<ele>2410.000000</ele>
			</trkpt>
			<trkpt lat="46.655968" lon="12.681868">
				<ele>2409.000000</ele>
			</trkpt>
			<trkpt lat="46.655913" lon="12.682128">
				<ele>2401.000000</ele>
			</trkpt>
			<trkpt lat="46.655907" lon="12.682182">
				<ele>2401.000000</ele>
			</trkpt>
			<trkpt lat="46.655925" lon="12.682308">
				<ele>2401.000000</ele>
			</trkpt>
			<trkpt lat="46.655950" lon="12.682451">
				<ele>2401.000000</ele>
			</trkpt>
			<trkpt lat="46.655962" lon="12.682604">
				<ele>2401.000000</ele>
			</trkpt>
			<trkpt lat="46.655974" lon="12.682640">
				<ele>2401.000000</ele>
			</trkpt>
			<trkpt lat="46.655980" lon="12.682748">
				<ele>2401.000000</ele>
			</trkpt>
			<trkpt lat="46.655992" lon="12.682855">
				<ele>2400.000000</ele>
			</trkpt>
			<trkpt lat="46.656036" lon="12.683061">
				<ele>2400.000000</ele>
			</trkpt>
			<trkpt lat="46.656085" lon="12.683269">
				<ele>2400.000000</ele>
			</trkpt>
			<trkpt lat="46.656110" lon="12.683440">
				<ele>2400.000000</ele>
			</trkpt>
			<trkpt lat="46.656141" lon="12.683592">
				<ele>2400.000000</ele>
			</trkpt>
			<trkpt lat="46.656196" lon="12.683799">
				<ele>2400.000000</ele>
			</trkpt>
			<trkpt lat="46.656214" lon="12.683897">
				<ele>2400.000000</ele>
			</trkpt>
			<trkpt lat="46.656221" lon="12.684032">
				<ele>2404.000000</ele>
			</trkpt>
			<trkpt lat="46.656214" lon="12.684239">
				<ele>2409.000000</ele>
			</trkpt>
			<trkpt lat="46.656221" lon="12.684382">
				<ele>2411.000000</ele>
			</trkpt>
			<trkpt lat="46.656221" lon="12.684401">
				<ele>2411.000000</ele>
			</trkpt>
			<trkpt lat="46.656214" lon="12.684455">
				<ele>2411.000000</ele>
			</trkpt>
			<trkpt lat="46.656214" lon="12.684518">
				<ele>2412.000000</ele>
			</trkpt>
			<trkpt lat="46.656227" lon="12.684553">
				<ele>2411.000000</ele>
			</trkpt>
			<trkpt lat="46.656239" lon="12.684805">
				<ele>2414.000000</ele>
			</trkpt>
			<trkpt lat="46.656276" lon="12.684966">
				<ele>2415.000000</ele>
			</trkpt>
			<trkpt lat="46.656295" lon="12.685137">
				<ele>2417.000000</ele>
			</trkpt>
			<trkpt lat="46.656295" lon="12.685308">
				<ele>2418.000000</ele>
			</trkpt>
			<trkpt lat="46.656283" lon="12.685415">
				<ele>2419.000000</ele>
			</trkpt>
			<trkpt lat="46.656295" lon="12.685587">
				<ele>2421.000000</ele>
			</trkpt>
			<trkpt lat="46.656332" lon="12.685640">
				<ele>2422.000000</ele>
			</trkpt>
			<trkpt lat="46.656393" lon="12.685829">
				<ele>2424.000000</ele>
			</trkpt>
			<trkpt lat="46.656430" lon="12.685964">
				<ele>2425.000000</ele>
			</trkpt>
			<trkpt lat="46.656511" lon="12.686287">
				<ele>2428.000000</ele>
			</trkpt>
			<trkpt lat="46.656573" lon="12.686422">
				<ele>2430.000000</ele>
			</trkpt>
			<trkpt lat="46.656634" lon="12.686547">
				<ele>2432.000000</ele>
			</trkpt>
			<trkpt lat="46.656690" lon="12.686736">
				<ele>2436.000000</ele>
			</trkpt>
			<trkpt lat="46.656720" lon="12.686826">
				<ele>2438.000000</ele>
			</trkpt>
			<trkpt lat="46.656770" lon="12.686925">
				<ele>2440.000000</ele>
			</trkpt>
			<trkpt lat="46.656813" lon="12.687069">
				<ele>2444.000000</ele>
			</trkpt>
			<trkpt lat="46.656837" lon="12.687140">
				<ele>2447.000000</ele>
			</trkpt>
			<trkpt lat="46.656874" lon="12.687195">
				<ele>2448.000000</ele>
			</trkpt>
			<trkpt lat="46.656924" lon="12.687230">
				<ele>2450.000000</ele>
			</trkpt>
			<trkpt lat="46.656955" lon="12.687266">
				<ele>2451.000000</ele>
			</trkpt>
			<trkpt lat="46.656967" lon="12.687338">
				<ele>2452.000000</ele>
			</trkpt>
			<trkpt lat="46.656961" lon="12.687419">
				<ele>2453.000000</ele>
			</trkpt>
			<trkpt lat="46.656961" lon="12.687491">
				<ele>2454.000000</ele>
			</trkpt>
			<trkpt lat="46.656973" lon="12.687608">
				<ele>2456.000000</ele>
			</trkpt>
			<trkpt lat="46.656961" lon="12.687679">
				<ele>2457.000000</ele>
			</trkpt>
			<trkpt lat="46.656943" lon="12.687751">
				<ele>2458.000000</ele>
			</trkpt>
			<trkpt lat="46.656930" lon="12.687841">
				<ele>2459.000000</ele>
			</trkpt>
			<trkpt lat="46.656930" lon="12.687948">
				<ele>2461.000000</ele>
			</trkpt>
			<trkpt lat="46.656924" lon="12.688038">
				<ele>2463.000000</ele>
			</trkpt>
			<trkpt lat="46.656887" lon="12.688200">
				<ele>2466.000000</ele>
			</trkpt>
			<trkpt lat="46.656893" lon="12.688308">
				<ele>2469.000000</ele>
			</trkpt>
			<trkpt lat="46.656905" lon="12.688479">
				<ele>2472.000000</ele>
			</trkpt>
			<trkpt lat="46.656924" lon="12.688514">
				<ele>2473.000000</ele>
			</trkpt>
			<trkpt lat="46.656918" lon="12.688713">
				<ele>2477.000000</ele>
			</trkpt>
			<trkpt lat="46.656887" lon="12.688820">
				<ele>2479.000000</ele>
			</trkpt>
			<trkpt lat="46.656874" lon="12.688919">
				<ele>2481.000000</ele>
			</trkpt>
			<trkpt lat="46.656918" lon="12.688937">
				<ele>2482.000000</ele>
			</trkpt>
			<trkpt lat="46.656905" lon="12.689063">
				<ele>2485.000000</ele>
			</trkpt>
			<trkpt lat="46.656918" lon="12.689153">
				<ele>2488.000000</ele>
			</trkpt>
			<trkpt lat="46.656868" lon="12.689359">
				<ele>2492.000000</ele>
			</trkpt>
			<trkpt lat="46.656868" lon="12.689493">
				<ele>2494.000000</ele>
			</trkpt>
			<trkpt lat="46.656856" lon="12.689602">
				<ele>2496.000000</ele>
			</trkpt>
			<trkpt lat="46.656825" lon="12.689682">
				<ele>2498.000000</ele>
			</trkpt>
			<trkpt lat="46.656831" lon="12.689835">
				<ele>2500.000000</ele>
			</trkpt>
			<trkpt lat="46.656850" lon="12.689835">
				<ele>2500.000000</ele>
			</trkpt>
			<trkpt lat="46.656862" lon="12.689961">
				<ele>2500.000000</ele>
			</trkpt>
			<trkpt lat="46.656843" lon="12.690141">
				<ele>2500.000000</ele>
			</trkpt>
			<trkpt lat="46.656831" lon="12.690285">
				<ele>2500.000000</ele>
			</trkpt>
			<trkpt lat="46.656776" lon="12.690384">
				<ele>2500.000000</ele>
			</trkpt>
			<trkpt lat="46.656702" lon="12.690518">
				<ele>2500.000000</ele>
			</trkpt>
			<trkpt lat="46.656646" lon="12.690608">
				<ele>2500.000000</ele>
			</trkpt>
			<trkpt lat="46.656585" lon="12.690661">
				<ele>2500.000000</ele>
			</trkpt>
			<trkpt lat="46.656536" lon="12.690724">
				<ele>2500.000000</ele>
			</trkpt>
			<trkpt lat="46.656412" lon="12.690833">
				<ele>2499.000000</ele>
			</trkpt>
			<trkpt lat="46.656295" lon="12.690940">
				<ele>2495.000000</ele>
			</trkpt>
			<trkpt lat="46.656159" lon="12.691040">
				<ele>2490.000000</ele>
			</trkpt>
			<trkpt lat="46.656079" lon="12.691084">
				<ele>2490.000000</ele>
			</trkpt>
			<trkpt lat="46.655999" lon="12.691183">
				<ele>2489.000000</ele>
			</trkpt>
			<trkpt lat="46.655672" lon="12.691371">
				<ele>2486.000000</ele>
			</trkpt>
			<trkpt lat="46.655179" lon="12.691623">
				<ele>2483.000000</ele>
			</trkpt>
			<trkpt lat="46.654649" lon="12.692772">
				<ele>2477.000000</ele>
			</trkpt>
			<trkpt lat="46.653952" lon="12.694166">
				<ele>2472.000000</ele>
			</trkpt>
			<trkpt lat="46.653477" lon="12.694533">
				<ele>2468.000000</ele>
			</trkpt>
			<trkpt lat="46.653329" lon="12.695153">
				<ele>2463.000000</ele>
			</trkpt>
			<trkpt lat="46.652953" lon="12.696024">
				<ele>2447.000000</ele>
			</trkpt>
			<trkpt lat="46.652743" lon="12.696860">
				<ele>2430.000000</ele>
			</trkpt>
			<trkpt lat="46.652737" lon="12.696896">
				<ele>2455.000000</ele>
			</trkpt>
			<trkpt lat="46.652706" lon="12.696986">
				<ele>2455.000000</ele>
			</trkpt>
			<trkpt lat="46.652694" lon="12.697040">
				<ele>2454.000000</ele>
			</trkpt>
			<trkpt lat="46.652675" lon="12.697156">
				<ele>2453.000000</ele>
			</trkpt>
			<trkpt lat="46.652682" lon="12.697265">
				<ele>2453.000000</ele>
			</trkpt>
			<trkpt lat="46.652638" lon="12.697345">
				<ele>2452.000000</ele>
			</trkpt>
			<trkpt lat="46.652589" lon="12.697453">
				<ele>2451.000000</ele>
			</trkpt>
			<trkpt lat="46.652559" lon="12.697569">
				<ele>2450.000000</ele>
			</trkpt>
			<trkpt lat="46.652552" lon="12.697659">
				<ele>2449.000000</ele>
			</trkpt>
			<trkpt lat="46.652528" lon="12.697785">
				<ele>2448.000000</ele>
			</trkpt>
			<trkpt lat="46.652534" lon="12.697911">
				<ele>2447.000000</ele>
			</trkpt>
			<trkpt lat="46.652583" lon="12.698055">
				<ele>2446.000000</ele>
			</trkpt>
			<trkpt lat="46.652571" lon="12.698189">
				<ele>2445.000000</ele>
			</trkpt>
			<trkpt lat="46.652497" lon="12.698315">
				<ele>2444.000000</ele>
			</trkpt>
			<trkpt lat="46.652422" lon="12.698388">
				<ele>2443.000000</ele>
			</trkpt>
			<trkpt lat="46.652343" lon="12.698485">
				<ele>2442.000000</ele>
			</trkpt>
			<trkpt lat="46.652275" lon="12.698611">
				<ele>2441.000000</ele>
			</trkpt>
			<trkpt lat="46.652170" lon="12.698738">
				<ele>2440.000000</ele>
			</trkpt>
			<trkpt lat="46.652108" lon="12.698908">
				<ele>2438.000000</ele>
			</trkpt>
			<trkpt lat="46.652040" lon="12.698980">
				<ele>2437.000000</ele>
			</trkpt>
			<trkpt lat="46.651942" lon="12.699088">
				<ele>2436.000000</ele>
			</trkpt>
			<trkpt lat="46.651899" lon="12.699204">
				<ele>2435.000000</ele>
			</trkpt>
			<trkpt lat="46.651830" lon="12.699231">
				<ele>2434.000000</ele>
			</trkpt>
			<trkpt lat="46.651751" lon="12.699376">
				<ele>2433.000000</ele>
			</trkpt>
			<trkpt lat="46.651708" lon="12.699573">
				<ele>2432.000000</ele>
			</trkpt>
			<trkpt lat="46.651615" lon="12.699699">
				<ele>2430.000000</ele>
			</trkpt>
			<trkpt lat="46.651553" lon="12.699816">
				<ele>2429.000000</ele>
			</trkpt>
			<trkpt lat="46.651523" lon="12.699906">
				<ele>2429.000000</ele>
			</trkpt>
			<trkpt lat="46.651498" lon="12.699995">
				<ele>2428.000000</ele>
			</trkpt>
			<trkpt lat="46.651461" lon="12.700148">
				<ele>2427.000000</ele>
			</trkpt>
			<trkpt lat="46.651479" lon="12.700282">
				<ele>2426.000000</ele>
			</trkpt>
			<trkpt lat="46.651442" lon="12.700435">
				<ele>2425.000000</ele>
			</trkpt>
			<trkpt lat="46.651362" lon="12.700624">
				<ele>2423.000000</ele>
			</trkpt>
			<trkpt lat="46.651380" lon="12.700839">
				<ele>2421.000000</ele>
			</trkpt>
			<trkpt lat="46.651386" lon="12.700992">
				<ele>2420.000000</ele>
			</trkpt>
			<trkpt lat="46.651362" lon="12.701198">
				<ele>2419.000000</ele>
			</trkpt>
			<trkpt lat="46.651319" lon="12.701361">
				<ele>2418.000000</ele>
			</trkpt>
			<trkpt lat="46.651245" lon="12.701585">
				<ele>2416.000000</ele>
			</trkpt>
			<trkpt lat="46.651165" lon="12.701774">
				<ele>2414.000000</ele>
			</trkpt>
			<trkpt lat="46.651152" lon="12.701909">
				<ele>2413.000000</ele>
			</trkpt>
			<trkpt lat="46.651146" lon="12.701954">
				<ele>2413.000000</ele>
			</trkpt>
			<trkpt lat="46.651140" lon="12.702206">
				<ele>2411.000000</ele>
			</trkpt>
			<trkpt lat="46.651122" lon="12.702439">
				<ele>2409.000000</ele>
			</trkpt>
			<trkpt lat="46.651072" lon="12.702753">
				<ele>2407.000000</ele>
			</trkpt>
			<trkpt lat="46.651054" lon="12.702923">
				<ele>2406.000000</ele>
			</trkpt>
			<trkpt lat="46.651048" lon="12.703185">
				<ele>2404.000000</ele>
			</trkpt>
			<trkpt lat="46.651072" lon="12.703355">
				<ele>2403.000000</ele>
			</trkpt>
			<trkpt lat="46.651048" lon="12.703598">
				<ele>2401.000000</ele>
			</trkpt>
			<trkpt lat="46.651035" lon="12.703732">
				<ele>2400.000000</ele>
			</trkpt>
			<trkpt lat="46.650998" lon="12.704038">
				<ele>2398.000000</ele>
			</trkpt>
			<trkpt lat="46.650924" lon="12.704477">
				<ele>2395.000000</ele>
			</trkpt>
			<trkpt lat="46.650863" lon="12.704783">
				<ele>2392.000000</ele>
			</trkpt>
			<trkpt lat="46.650857" lon="12.704972">
				<ele>2391.000000</ele>
			</trkpt>
			<trkpt lat="46.650757" lon="12.705313">
				<ele>2388.000000</ele>
			</trkpt>
			<trkpt lat="46.650690" lon="12.705592">
				<ele>2386.000000</ele>
			</trkpt>
			<trkpt lat="46.650622" lon="12.705888">
				<ele>2384.000000</ele>
			</trkpt>
			<trkpt lat="46.650622" lon="12.706167">
				<ele>2382.000000</ele>
			</trkpt>
			<trkpt lat="46.650634" lon="12.706338">
				<ele>2381.000000</ele>
			</trkpt>
			<trkpt lat="46.650678" lon="12.706678">
				<ele>2378.000000</ele>
			</trkpt>
			<trkpt lat="46.650684" lon="12.707011">
				<ele>2376.000000</ele>
			</trkpt>
			<trkpt lat="46.650703" lon="12.707244">
				<ele>2374.000000</ele>
			</trkpt>
			<trkpt lat="46.650727" lon="12.707406">
				<ele>2373.000000</ele>
			</trkpt>
			<trkpt lat="46.650739" lon="12.707496">
				<ele>2372.000000</ele>
			</trkpt>
			<trkpt lat="46.650813" lon="12.707676">
				<ele>2371.000000</ele>
			</trkpt>
			<trkpt lat="46.650918" lon="12.707837">
				<ele>2369.000000</ele>
			</trkpt>
			<trkpt lat="46.650986" lon="12.707999">
				<ele>2368.000000</ele>
			</trkpt>
			<trkpt lat="46.651054" lon="12.708223">
				<ele>2366.000000</ele>
			</trkpt>
			<trkpt lat="46.651085" lon="12.708548">
				<ele>2364.000000</ele>
			</trkpt>
			<trkpt lat="46.651110" lon="12.708844">
				<ele>2362.000000</ele>
			</trkpt>
			<trkpt lat="46.651128" lon="12.709149">
				<ele>2360.000000</ele>
			</trkpt>
			<trkpt lat="46.651189" lon="12.709464">
				<ele>2357.000000</ele>
			</trkpt>
			<trkpt lat="46.651232" lon="12.709625">
				<ele>2356.000000</ele>
			</trkpt>
			<trkpt lat="46.651307" lon="12.709850">
				<ele>2354.000000</ele>
			</trkpt>
			<trkpt lat="46.651374" lon="12.709957">
				<ele>2353.000000</ele>
			</trkpt>
			<trkpt lat="46.651405" lon="12.710074">
				<ele>2352.000000</ele>
			</trkpt>
			<trkpt lat="46.651436" lon="12.710191">
				<ele>2351.000000</ele>
			</trkpt>
			<trkpt lat="46.651448" lon="12.710290">
				<ele>2351.000000</ele>
			</trkpt>
			<trkpt lat="46.651442" lon="12.710343">
				<ele>2350.000000</ele>
			</trkpt>
			<trkpt lat="46.651473" lon="12.710406">
				<ele>2349.000000</ele>
			</trkpt>
			<trkpt lat="46.651529" lon="12.710397">
				<ele>2348.000000</ele>
			</trkpt>
			<trkpt lat="46.651652" lon="12.710317">
				<ele>2345.000000</ele>
			</trkpt>
			<trkpt lat="46.651732" lon="12.710290">
				<ele>2343.000000</ele>
			</trkpt>
			<trkpt lat="46.651751" lon="12.710362">
				<ele>2342.000000</ele>
			</trkpt>
			<trkpt lat="46.651720" lon="12.710460">
				<ele>2340.000000</ele>
			</trkpt>
			<trkpt lat="46.651683" lon="12.710542">
				<ele>2339.000000</ele>
			</trkpt>
			<trkpt lat="46.651652" lon="12.710649">
				<ele>2336.000000</ele>
			</trkpt>
			<trkpt lat="46.651664" lon="12.710722">
				<ele>2334.000000</ele>
			</trkpt>
			<trkpt lat="46.651689" lon="12.710730">
				<ele>2333.000000</ele>
			</trkpt>
			<trkpt lat="46.651757" lon="12.710739">
				<ele>2331.000000</ele>
			</trkpt>
			<trkpt lat="46.651837" lon="12.710730">
				<ele>2328.000000</ele>
			</trkpt>
			<trkpt lat="46.651880" lon="12.710748">
				<ele>2326.000000</ele>
			</trkpt>
			<trkpt lat="46.651905" lon="12.710783">
				<ele>2325.000000</ele>
			</trkpt>
			<trkpt lat="46.651892" lon="12.710820">
				<ele>2324.000000</ele>
			</trkpt>
			<trkpt lat="46.651843" lon="12.710909">
				<ele>2321.000000</ele>
			</trkpt>
			<trkpt lat="46.651843" lon="12.710963">
				<ele>2320.000000</ele>
			</trkpt>
			<trkpt lat="46.651899" lon="12.710972">
				<ele>2319.000000</ele>
			</trkpt>
			<trkpt lat="46.651936" lon="12.710963">
				<ele>2318.000000</ele>
			</trkpt>
			<trkpt lat="46.651979" lon="12.710963">
				<ele>2317.000000</ele>
			</trkpt>
			<trkpt lat="46.652034" lon="12.710955">
				<ele>2316.000000</ele>
			</trkpt>
			<trkpt lat="46.652084" lon="12.710972">
				<ele>2315.000000</ele>
			</trkpt>
			<trkpt lat="46.652115" lon="12.711026">
				<ele>2315.000000</ele>
			</trkpt>
			<trkpt lat="46.652133" lon="12.711089">
				<ele>2314.000000</ele>
			</trkpt>
			<trkpt lat="46.652176" lon="12.711198">
				<ele>2312.000000</ele>
			</trkpt>
			<trkpt lat="46.652231" lon="12.711269">
				<ele>2311.000000</ele>
			</trkpt>
			<trkpt lat="46.652275" lon="12.711341">
				<ele>2310.000000</ele>
			</trkpt>
			<trkpt lat="46.652299" lon="12.711412">
				<ele>2308.000000</ele>
			</trkpt>
			<trkpt lat="46.652330" lon="12.711467">
				<ele>2306.000000</ele>
			</trkpt>
			<trkpt lat="46.652361" lon="12.711502">
				<ele>2305.000000</ele>
			</trkpt>
			<trkpt lat="46.652410" lon="12.711529">
				<ele>2303.000000</ele>
			</trkpt>
			<trkpt lat="46.652422" lon="12.711557">
				<ele>2303.000000</ele>
			</trkpt>
			<trkpt lat="46.652459" lon="12.711638">
				<ele>2301.000000</ele>
			</trkpt>
			<trkpt lat="46.652484" lon="12.711709">
				<ele>2299.000000</ele>
			</trkpt>
			<trkpt lat="46.652509" lon="12.711764">
				<ele>2298.000000</ele>
			</trkpt>
			<trkpt lat="46.652546" lon="12.711772">
				<ele>2297.000000</ele>
			</trkpt>
			<trkpt lat="46.652565" lon="12.711791">
				<ele>2297.000000</ele>
			</trkpt>
			<trkpt lat="46.652571" lon="12.711835">
				<ele>2296.000000</ele>
			</trkpt>
			<trkpt lat="46.652583" lon="12.711862">
				<ele>2296.000000</ele>
			</trkpt>
			<trkpt lat="46.652602" lon="12.711880">
				<ele>2295.000000</ele>
			</trkpt>
			<trkpt lat="46.652626" lon="12.711925">
				<ele>2294.000000</ele>
			</trkpt>
			<trkpt lat="46.652644" lon="12.711934">
				<ele>2294.000000</ele>
			</trkpt>
			<trkpt lat="46.652663" lon="12.711934">
				<ele>2294.000000</ele>
			</trkpt>
			<trkpt lat="46.652700" lon="12.711925">
				<ele>2293.000000</ele>
			</trkpt>
			<trkpt lat="46.652781" lon="12.711961">
				<ele>2291.000000</ele>
			</trkpt>
			<trkpt lat="46.652879" lon="12.711997">
				<ele>2290.000000</ele>
			</trkpt>
			<trkpt lat="46.652966" lon="12.712068">
				<ele>2289.000000</ele>
			</trkpt>
			<trkpt lat="46.653003" lon="12.712104">
				<ele>2288.000000</ele>
			</trkpt>
			<trkpt lat="46.653045" lon="12.712150">
				<ele>2287.000000</ele>
			</trkpt>
			<trkpt lat="46.653076" lon="12.712194">
				<ele>2287.000000</ele>
			</trkpt>
			<trkpt lat="46.653088" lon="12.712248">
				<ele>2286.000000</ele>
			</trkpt>
			<trkpt lat="46.653095" lon="12.712293">
				<ele>2286.000000</ele>
			</trkpt>
			<trkpt lat="46.653175" lon="12.712481">
				<ele>2283.000000</ele>
			</trkpt>
			<trkpt lat="46.653224" lon="12.712689">
				<ele>2281.000000</ele>
			</trkpt>
			<trkpt lat="46.653267" lon="12.712743">
				<ele>2280.000000</ele>
			</trkpt>
			<trkpt lat="46.653310" lon="12.712823">
				<ele>2279.000000</ele>
			</trkpt>
			<trkpt lat="46.653341" lon="12.712922">
				<ele>2278.000000</ele>
			</trkpt>
			<trkpt lat="46.653366" lon="12.713066">
				<ele>2276.000000</ele>
			</trkpt>
			<trkpt lat="46.653379" lon="12.713165">
				<ele>2275.000000</ele>
			</trkpt>
			<trkpt lat="46.653403" lon="12.713219">
				<ele>2274.000000</ele>
			</trkpt>
			<trkpt lat="46.653434" lon="12.713263">
				<ele>2273.000000</ele>
			</trkpt>
			<trkpt lat="46.653465" lon="12.713309">
				<ele>2273.000000</ele>
			</trkpt>
			<trkpt lat="46.653570" lon="12.713452">
				<ele>2270.000000</ele>
			</trkpt>
			<trkpt lat="46.653619" lon="12.713559">
				<ele>2268.000000</ele>
			</trkpt>
			<trkpt lat="46.653650" lon="12.713622">
				<ele>2267.000000</ele>
			</trkpt>
			<trkpt lat="46.653662" lon="12.713703">
				<ele>2266.000000</ele>
			</trkpt>
			<trkpt lat="46.653699" lon="12.713739">
				<ele>2265.000000</ele>
			</trkpt>
			<trkpt lat="46.653755" lon="12.713749">
				<ele>2264.000000</ele>
			</trkpt>
			<trkpt lat="46.653804" lon="12.713829">
				<ele>2263.000000</ele>
			</trkpt>
			<trkpt lat="46.653847" lon="12.713875">
				<ele>2262.000000</ele>
			</trkpt>
			<trkpt lat="46.653902" lon="12.713938">
				<ele>2260.000000</ele>
			</trkpt>
			<trkpt lat="46.653952" lon="12.714009">
				<ele>2258.000000</ele>
			</trkpt>
			<trkpt lat="46.653995" lon="12.714099">
				<ele>2256.000000</ele>
			</trkpt>
			<trkpt lat="46.654020" lon="12.714162">
				<ele>2254.000000</ele>
			</trkpt>
			<trkpt lat="46.654057" lon="12.714152">
				<ele>2253.000000</ele>
			</trkpt>
			<trkpt lat="46.654069" lon="12.714171">
				<ele>2253.000000</ele>
			</trkpt>
			<trkpt lat="46.654063" lon="12.714242">
				<ele>2251.000000</ele>
			</trkpt>
			<trkpt lat="46.654069" lon="12.714359">
				<ele>2249.000000</ele>
			</trkpt>
			<trkpt lat="46.654100" lon="12.714467">
				<ele>2247.000000</ele>
			</trkpt>
			<trkpt lat="46.654143" lon="12.714538">
				<ele>2246.000000</ele>
			</trkpt>
			<trkpt lat="46.654168" lon="12.714710">
				<ele>2243.000000</ele>
			</trkpt>
			<trkpt lat="46.654199" lon="12.714854">
				<ele>2241.000000</ele>
			</trkpt>
			<trkpt lat="46.654199" lon="12.714997">
				<ele>2239.000000</ele>
			</trkpt>
			<trkpt lat="46.654186" lon="12.715131">
				<ele>2237.000000</ele>
			</trkpt>
			<trkpt lat="46.654199" lon="12.715150">
				<ele>2236.000000</ele>
			</trkpt>
			<trkpt lat="46.654254" lon="12.715141">
				<ele>2235.000000</ele>
			</trkpt>
			<trkpt lat="46.654303" lon="12.715167">
				<ele>2233.000000</ele>
			</trkpt>
			<trkpt lat="46.654334" lon="12.715194">
				<ele>2232.000000</ele>
			</trkpt>
			<trkpt lat="46.654383" lon="12.715284">
				<ele>2230.000000</ele>
			</trkpt>
			<trkpt lat="46.654408" lon="12.715330">
				<ele>2230.000000</ele>
			</trkpt>
			<trkpt lat="46.654470" lon="12.715393">
				<ele>2229.000000</ele>
			</trkpt>
			<trkpt lat="46.654544" lon="12.715509">
				<ele>2227.000000</ele>
			</trkpt>
			<trkpt lat="46.654581" lon="12.715590">
				<ele>2226.000000</ele>
			</trkpt>
			<trkpt lat="46.654612" lon="12.715670">
				<ele>2225.000000</ele>
			</trkpt>
			<trkpt lat="46.654618" lon="12.715752">
				<ele>2224.000000</ele>
			</trkpt>
			<trkpt lat="46.654612" lon="12.715905">
				<ele>2222.000000</ele>
			</trkpt>
			<trkpt lat="46.654599" lon="12.716057">
				<ele>2221.000000</ele>
			</trkpt>
			<trkpt lat="46.654587" lon="12.716102">
				<ele>2220.000000</ele>
			</trkpt>
			<trkpt lat="46.654575" lon="12.716209">
				<ele>2219.000000</ele>
			</trkpt>
			<trkpt lat="46.654568" lon="12.716318">
				<ele>2218.000000</ele>
			</trkpt>
			<trkpt lat="46.654537" lon="12.716443">
				<ele>2217.000000</ele>
			</trkpt>
			<trkpt lat="46.654550" lon="12.716561">
				<ele>2215.000000</ele>
			</trkpt>
			<trkpt lat="46.654544" lon="12.716695">
				<ele>2214.000000</ele>
			</trkpt>
			<trkpt lat="46.654544" lon="12.716821">
				<ele>2213.000000</ele>
			</trkpt>
			<trkpt lat="46.654550" lon="12.716938">
				<ele>2212.000000</ele>
			</trkpt>
			<trkpt lat="46.654593" lon="12.717001">
				<ele>2211.000000</ele>
			</trkpt>
			<trkpt lat="46.654618" lon="12.717144">
				<ele>2209.000000</ele>
			</trkpt>
			<trkpt lat="46.654624" lon="12.717215">
				<ele>2208.000000</ele>
			</trkpt>
			<trkpt lat="46.654612" lon="12.717270">
				<ele>2207.000000</ele>
			</trkpt>
			<trkpt lat="46.654606" lon="12.717378">
				<ele>2206.000000</ele>
			</trkpt>
			<trkpt lat="46.654593" lon="12.717441">
				<ele>2205.000000</ele>
			</trkpt>
			<trkpt lat="46.654575" lon="12.717521">
				<ele>2203.000000</ele>
			</trkpt>
			<trkpt lat="46.654562" lon="12.717611">
				<ele>2202.000000</ele>
			</trkpt>
			<trkpt lat="46.654568" lon="12.717827">
				<ele>2199.000000</ele>
			</trkpt>
			<trkpt lat="46.654556" lon="12.717854">
				<ele>2198.000000</ele>
			</trkpt>
			<trkpt lat="46.654581" lon="12.717961">
				<ele>2195.000000</ele>
			</trkpt>
			<trkpt lat="46.654568" lon="12.717997">
				<ele>2195.000000</ele>
			</trkpt>
			<trkpt lat="46.654587" lon="12.718060">
				<ele>2193.000000</ele>
			</trkpt>
			<trkpt lat="46.654587" lon="12.718096">
				<ele>2192.000000</ele>
			</trkpt>
			<trkpt lat="46.654568" lon="12.718106">
				<ele>2192.000000</ele>
			</trkpt>
			<trkpt lat="46.654513" lon="12.718079">
				<ele>2190.000000</ele>
			</trkpt>
			<trkpt lat="46.654494" lon="12.718114">
				<ele>2189.000000</ele>
			</trkpt>
			<trkpt lat="46.654501" lon="12.718169">
				<ele>2188.000000</ele>
			</trkpt>
			<trkpt lat="46.654476" lon="12.718169">
				<ele>2187.000000</ele>
			</trkpt>
			<trkpt lat="46.654445" lon="12.718186">
				<ele>2186.000000</ele>
			</trkpt>
			<trkpt lat="46.654433" lon="12.718240">
				<ele>2185.000000</ele>
			</trkpt>
			<trkpt lat="46.654427" lon="12.718347">
				<ele>2182.000000</ele>
			</trkpt>
			<trkpt lat="46.654390" lon="12.718582">
				<ele>2178.000000</ele>
			</trkpt>
			<trkpt lat="46.654365" lon="12.718609">
				<ele>2177.000000</ele>
			</trkpt>
			<trkpt lat="46.654340" lon="12.718572">
				<ele>2176.000000</ele>
			</trkpt>
			<trkpt lat="46.654303" lon="12.718546">
				<ele>2175.000000</ele>
			</trkpt>
			<trkpt lat="46.654297" lon="12.718555">
				<ele>2175.000000</ele>
			</trkpt>
			<trkpt lat="46.654273" lon="12.718699">
				<ele>2173.000000</ele>
			</trkpt>
			<trkpt lat="46.654303" lon="12.718779">
				<ele>2171.000000</ele>
			</trkpt>
			<trkpt lat="46.654322" lon="12.718833">
				<ele>2170.000000</ele>
			</trkpt>
			<trkpt lat="46.654315" lon="12.718905">
				<ele>2169.000000</ele>
			</trkpt>
			<trkpt lat="46.654322" lon="12.718949">
				<ele>2168.000000</ele>
			</trkpt>
			<trkpt lat="46.654291" lon="12.718959">
				<ele>2167.000000</ele>
			</trkpt>
			<trkpt lat="46.654254" lon="12.718913">
				<ele>2166.000000</ele>
			</trkpt>
			<trkpt lat="46.654168" lon="12.718869">
				<ele>2163.000000</ele>
			</trkpt>
			<trkpt lat="46.654100" lon="12.718833">
				<ele>2161.000000</ele>
			</trkpt>
			<trkpt lat="46.654039" lon="12.718823">
				<ele>2159.000000</ele>
			</trkpt>
			<trkpt lat="46.654008" lon="12.718788">
				<ele>2158.000000</ele>
			</trkpt>
			<trkpt lat="46.653989" lon="12.718823">
				<ele>2158.000000</ele>
			</trkpt>
			<trkpt lat="46.653958" lon="12.718886">
				<ele>2157.000000</ele>
			</trkpt>
			<trkpt lat="46.653946" lon="12.718941">
				<ele>2156.000000</ele>
			</trkpt>
			<trkpt lat="46.653933" lon="12.718986">
				<ele>2155.000000</ele>
			</trkpt>
			<trkpt lat="46.653896" lon="12.719075">
				<ele>2153.000000</ele>
			</trkpt>
			<trkpt lat="46.653853" lon="12.719129">
				<ele>2152.000000</ele>
			</trkpt>
			<trkpt lat="46.653817" lon="12.719192">
				<ele>2150.000000</ele>
			</trkpt>
			<trkpt lat="46.653817" lon="12.719246">
				<ele>2150.000000</ele>
			</trkpt>
			<trkpt lat="46.653841" lon="12.719264">
				<ele>2149.000000</ele>
			</trkpt>
			<trkpt lat="46.653847" lon="12.719299">
				<ele>2148.000000</ele>
			</trkpt>
			<trkpt lat="46.653835" lon="12.719362">
				<ele>2147.000000</ele>
			</trkpt>
			<trkpt lat="46.653817" lon="12.719471">
				<ele>2146.000000</ele>
			</trkpt>
			<trkpt lat="46.653786" lon="12.719525">
				<ele>2144.000000</ele>
			</trkpt>
			<trkpt lat="46.653767" lon="12.719551">
				<ele>2144.000000</ele>
			</trkpt>
			<trkpt lat="46.653767" lon="12.719588">
				<ele>2143.000000</ele>
			</trkpt>
			<trkpt lat="46.653761" lon="12.719678">
				<ele>2140.000000</ele>
			</trkpt>
			<trkpt lat="46.653730" lon="12.719741">
				<ele>2138.000000</ele>
			</trkpt>
			<trkpt lat="46.653717" lon="12.719812">
				<ele>2136.000000</ele>
			</trkpt>
			<trkpt lat="46.653693" lon="12.719884">
				<ele>2134.000000</ele>
			</trkpt>
			<trkpt lat="46.653686" lon="12.719955">
				<ele>2132.000000</ele>
			</trkpt>
			<trkpt lat="46.653693" lon="12.720018">
				<ele>2130.000000</ele>
			</trkpt>
			<trkpt lat="46.653686" lon="12.720064">
				<ele>2130.000000</ele>
			</trkpt>
			<trkpt lat="46.653631" lon="12.720117">
				<ele>2128.000000</ele>
			</trkpt>
			<trkpt lat="46.653545" lon="12.720117">
				<ele>2126.000000</ele>
			</trkpt>
			<trkpt lat="46.653471" lon="12.720198">
				<ele>2123.000000</ele>
			</trkpt>
			<trkpt lat="46.653452" lon="12.720190">
				<ele>2123.000000</ele>
			</trkpt>
			<trkpt lat="46.653410" lon="12.720198">
				<ele>2122.000000</ele>
			</trkpt>
			<trkpt lat="46.653379" lon="12.720198">
				<ele>2121.000000</ele>
			</trkpt>
			<trkpt lat="46.653354" lon="12.720234">
				<ele>2120.000000</ele>
			</trkpt>
			<trkpt lat="46.653292" lon="12.720225">
				<ele>2119.000000</ele>
			</trkpt>
			<trkpt lat="46.653261" lon="12.720270">
				<ele>2117.000000</ele>
			</trkpt>
			<trkpt lat="46.653261" lon="12.720297">
				<ele>2117.000000</ele>
			</trkpt>
			<trkpt lat="46.653286" lon="12.720315">
				<ele>2116.000000</ele>
			</trkpt>
			<trkpt lat="46.653323" lon="12.720333">
				<ele>2115.000000</ele>
			</trkpt>
			<trkpt lat="46.653310" lon="12.720370">
				<ele>2114.000000</ele>
			</trkpt>
			<trkpt lat="46.653243" lon="12.720441">
				<ele>2112.000000</ele>
			</trkpt>
			<trkpt lat="46.653212" lon="12.720504">
				<ele>2110.000000</ele>
			</trkpt>
			<trkpt lat="46.653218" lon="12.720540">
				<ele>2109.000000</ele>
			</trkpt>
			<trkpt lat="46.653273" lon="12.720576">
				<ele>2107.000000</ele>
			</trkpt>
			<trkpt lat="46.653329" lon="12.720584">
				<ele>2106.000000</ele>
			</trkpt>
			<trkpt lat="46.653360" lon="12.720594">
				<ele>2104.000000</ele>
			</trkpt>
			<trkpt lat="46.653329" lon="12.720693">
				<ele>2102.000000</ele>
			</trkpt>
			<trkpt lat="46.653310" lon="12.720710">
				<ele>2101.000000</ele>
			</trkpt>
			<trkpt lat="46.653310" lon="12.720746">
				<ele>2100.000000</ele>
			</trkpt>
			<trkpt lat="46.653323" lon="12.720773">
				<ele>2100.000000</ele>
			</trkpt>
			<trkpt lat="46.653403" lon="12.720836">
				<ele>2097.000000</ele>
			</trkpt>
			<trkpt lat="46.653452" lon="12.720854">
				<ele>2095.000000</ele>
			</trkpt>
			<trkpt lat="46.653489" lon="12.720881">
				<ele>2093.000000</ele>
			</trkpt>
			<trkpt lat="46.653551" lon="12.720890">
				<ele>2091.000000</ele>
			</trkpt>
			<trkpt lat="46.653570" lon="12.720899">
				<ele>2090.000000</ele>
			</trkpt>
			<trkpt lat="46.653576" lon="12.720944">
				<ele>2089.000000</ele>
			</trkpt>
			<trkpt lat="46.653644" lon="12.720944">
				<ele>2087.000000</ele>
			</trkpt>
			<trkpt lat="46.653644" lon="12.720970">
				<ele>2086.000000</ele>
			</trkpt>
			<trkpt lat="46.653594" lon="12.720997">
				<ele>2085.000000</ele>
			</trkpt>
			<trkpt lat="46.653576" lon="12.721033">
				<ele>2084.000000</ele>
			</trkpt>
			<trkpt lat="46.653582" lon="12.721060">
				<ele>2083.000000</ele>
			</trkpt>
			<trkpt lat="46.653607" lon="12.721070">
				<ele>2082.000000</ele>
			</trkpt>
			<trkpt lat="46.653650" lon="12.721115">
				<ele>2080.000000</ele>
			</trkpt>
			<trkpt lat="46.653717" lon="12.721159">
				<ele>2078.000000</ele>
			</trkpt>
			<trkpt lat="46.653724" lon="12.721196">
				<ele>2077.000000</ele>
			</trkpt>
			<trkpt lat="46.653693" lon="12.721259">
				<ele>2075.000000</ele>
			</trkpt>
			<trkpt lat="46.653730" lon="12.721349">
				<ele>2072.000000</ele>
			</trkpt>
			<trkpt lat="46.653755" lon="12.721375">
				<ele>2071.000000</ele>
			</trkpt>
			<trkpt lat="46.653761" lon="12.721412">
				<ele>2070.000000</ele>
			</trkpt>
			<trkpt lat="46.653748" lon="12.721501">
				<ele>2068.000000</ele>
			</trkpt>
			<trkpt lat="46.653798" lon="12.721492">
				<ele>2066.000000</ele>
			</trkpt>
			<trkpt lat="46.653847" lon="12.721465">
				<ele>2064.000000</ele>
			</trkpt>
			<trkpt lat="46.653866" lon="12.721501">
				<ele>2063.000000</ele>
			</trkpt>
			<trkpt lat="46.653872" lon="12.721536">
				<ele>2063.000000</ele>
			</trkpt>
			<trkpt lat="46.653853" lon="12.721591">
				<ele>2061.000000</ele>
			</trkpt>
			<trkpt lat="46.653872" lon="12.721645">
				<ele>2060.000000</ele>
			</trkpt>
			<trkpt lat="46.653902" lon="12.721681">
				<ele>2058.000000</ele>
			</trkpt>
			<trkpt lat="46.653896" lon="12.721725">
				<ele>2057.000000</ele>
			</trkpt>
			<trkpt lat="46.653878" lon="12.721762">
				<ele>2056.000000</ele>
			</trkpt>
			<trkpt lat="46.653841" lon="12.721932">
				<ele>2050.000000</ele>
			</trkpt>
			<trkpt lat="46.653835" lon="12.721978">
				<ele>2049.000000</ele>
			</trkpt>
			<trkpt lat="46.653767" lon="12.722049">
				<ele>2047.000000</ele>
			</trkpt>
			<trkpt lat="46.653767" lon="12.722085">
				<ele>2046.000000</ele>
			</trkpt>
			<trkpt lat="46.653748" lon="12.722094">
				<ele>2046.000000</ele>
			</trkpt>
			<trkpt lat="46.653736" lon="12.722121">
				<ele>2045.000000</ele>
			</trkpt>
			<trkpt lat="46.653767" lon="12.722138">
				<ele>2044.000000</ele>
			</trkpt>
			<trkpt lat="46.653779" lon="12.722148">
				<ele>2044.000000</ele>
			</trkpt>
			<trkpt lat="46.653804" lon="12.722157">
				<ele>2043.000000</ele>
			</trkpt>
			<trkpt lat="46.653804" lon="12.722219">
				<ele>2042.000000</ele>
			</trkpt>
			<trkpt lat="46.653773" lon="12.722228">
				<ele>2041.000000</ele>
			</trkpt>
			<trkpt lat="46.653761" lon="12.722255">
				<ele>2040.000000</ele>
			</trkpt>
			<trkpt lat="46.653748" lon="12.722291">
				<ele>2039.000000</ele>
			</trkpt>
			<trkpt lat="46.653730" lon="12.722309">
				<ele>2038.000000</ele>
			</trkpt>
			<trkpt lat="46.653724" lon="12.722345">
				<ele>2037.000000</ele>
			</trkpt>
			<trkpt lat="46.653693" lon="12.722408">
				<ele>2036.000000</ele>
			</trkpt>
			<trkpt lat="46.653705" lon="12.722462">
				<ele>2034.000000</ele>
			</trkpt>
			<trkpt lat="46.653674" lon="12.722534">
				<ele>2032.000000</ele>
			</trkpt>
			<trkpt lat="46.653644" lon="12.722570">
				<ele>2031.000000</ele>
			</trkpt>
			<trkpt lat="46.653594" lon="12.722687">
				<ele>2029.000000</ele>
			</trkpt>
			<trkpt lat="46.653588" lon="12.722777">
				<ele>2027.000000</ele>
			</trkpt>
			<trkpt lat="46.653582" lon="12.722794">
				<ele>2027.000000</ele>
			</trkpt>
			<trkpt lat="46.653570" lon="12.722875">
				<ele>2026.000000</ele>
			</trkpt>
			<trkpt lat="46.653582" lon="12.722957">
				<ele>2025.000000</ele>
			</trkpt>
			<trkpt lat="46.653576" lon="12.723001">
				<ele>2024.000000</ele>
			</trkpt>
			<trkpt lat="46.653576" lon="12.723064">
				<ele>2023.000000</ele>
			</trkpt>
			<trkpt lat="46.653489" lon="12.723136">
				<ele>2020.000000</ele>
			</trkpt>
			<trkpt lat="46.653410" lon="12.723171">
				<ele>2019.000000</ele>
			</trkpt>
			<trkpt lat="46.653354" lon="12.723244">
				<ele>2019.000000</ele>
			</trkpt>
			<trkpt lat="46.653329" lon="12.723270">
				<ele>2019.000000</ele>
			</trkpt>
			<trkpt lat="46.653329" lon="12.723316">
				<ele>2018.000000</ele>
			</trkpt>
			<trkpt lat="46.653317" lon="12.723333">
				<ele>2018.000000</ele>
			</trkpt>
			<trkpt lat="46.653273" lon="12.723324">
				<ele>2018.000000</ele>
			</trkpt>
			<trkpt lat="46.653243" lon="12.723396">
				<ele>2017.000000</ele>
			</trkpt>
			<trkpt lat="46.653169" lon="12.723496">
				<ele>2017.000000</ele>
			</trkpt>
			<trkpt lat="46.653138" lon="12.723486">
				<ele>2016.000000</ele>
			</trkpt>
			<trkpt lat="46.653126" lon="12.723504">
				<ele>2016.000000</ele>
			</trkpt>
			<trkpt lat="46.653101" lon="12.723522">
				<ele>2016.000000</ele>
			</trkpt>
			<trkpt lat="46.653076" lon="12.723540">
				<ele>2016.000000</ele>
			</trkpt>
			<trkpt lat="46.653057" lon="12.723557">
				<ele>2016.000000</ele>
			</trkpt>
			<trkpt lat="46.653027" lon="12.723567">
				<ele>2016.000000</ele>
			</trkpt>
			<trkpt lat="46.653015" lon="12.723594">
				<ele>2015.000000</ele>
			</trkpt>
			<trkpt lat="46.652990" lon="12.723594">
				<ele>2015.000000</ele>
			</trkpt>
			<trkpt lat="46.652966" lon="12.723612">
				<ele>2015.000000</ele>
			</trkpt>
			<trkpt lat="46.652935" lon="12.723620">
				<ele>2015.000000</ele>
			</trkpt>
			<trkpt lat="46.652916" lon="12.723612">
				<ele>2015.000000</ele>
			</trkpt>
			<trkpt lat="46.652891" lon="12.723603">
				<ele>2014.000000</ele>
			</trkpt>
			<trkpt lat="46.652866" lon="12.723657">
				<ele>2014.000000</ele>
			</trkpt>
			<trkpt lat="46.652854" lon="12.723675">
				<ele>2014.000000</ele>
			</trkpt>
			<trkpt lat="46.652842" lon="12.723720">
				<ele>2014.000000</ele>
			</trkpt>
			<trkpt lat="46.652823" lon="12.723746">
				<ele>2014.000000</ele>
			</trkpt>
			<trkpt lat="46.652817" lon="12.723783">
				<ele>2013.000000</ele>
			</trkpt>
			<trkpt lat="46.652793" lon="12.723792">
				<ele>2013.000000</ele>
			</trkpt>
			<trkpt lat="46.652768" lon="12.723836">
				<ele>2013.000000</ele>
			</trkpt>
			<trkpt lat="46.652731" lon="12.723873">
				<ele>2013.000000</ele>
			</trkpt>
			<trkpt lat="46.652688" lon="12.723890">
				<ele>2012.000000</ele>
			</trkpt>
			<trkpt lat="46.652651" lon="12.723899">
				<ele>2012.000000</ele>
			</trkpt>
			<trkpt lat="46.652626" lon="12.723936">
				<ele>2012.000000</ele>
			</trkpt>
			<trkpt lat="46.652608" lon="12.723945">
				<ele>2012.000000</ele>
			</trkpt>
			<trkpt lat="46.652583" lon="12.723972">
				<ele>2011.000000</ele>
			</trkpt>
			<trkpt lat="46.652546" lon="12.724052">
				<ele>2011.000000</ele>
			</trkpt>
			<trkpt lat="46.652528" lon="12.724115">
				<ele>2011.000000</ele>
			</trkpt>
			<trkpt lat="46.652521" lon="12.724186">
				<ele>2010.000000</ele>
			</trkpt>
			<trkpt lat="46.652528" lon="12.724223">
				<ele>2010.000000</ele>
			</trkpt>
			<trkpt lat="46.652521" lon="12.724268">
				<ele>2009.000000</ele>
			</trkpt>
			<trkpt lat="46.652497" lon="12.724286">
				<ele>2009.000000</ele>
			</trkpt>
			<trkpt lat="46.652478" lon="12.724249">
				<ele>2008.000000</ele>
			</trkpt>
			<trkpt lat="46.652453" lon="12.724196">
				<ele>2007.000000</ele>
			</trkpt>
			<trkpt lat="46.652435" lon="12.724151">
				<ele>2007.000000</ele>
			</trkpt>
			<trkpt lat="46.652416" lon="12.724070">
				<ele>2005.000000</ele>
			</trkpt>
			<trkpt lat="46.652404" lon="12.724035">
				<ele>2005.000000</ele>
			</trkpt>
			<trkpt lat="46.652367" lon="12.724016">
				<ele>2004.000000</ele>
			</trkpt>
			<trkpt lat="46.652355" lon="12.723989">
				<ele>2003.000000</ele>
			</trkpt>
			<trkpt lat="46.652287" lon="12.723999">
				<ele>2002.000000</ele>
			</trkpt>
			<trkpt lat="46.652244" lon="12.723999">
				<ele>2001.000000</ele>
			</trkpt>
			<trkpt lat="46.652201" lon="12.723962">
				<ele>2000.000000</ele>
			</trkpt>
			<trkpt lat="46.652170" lon="12.723972">
				<ele>2000.000000</ele>
			</trkpt>
			<trkpt lat="46.652121" lon="12.723926">
				<ele>2000.000000</ele>
			</trkpt>
			<trkpt lat="46.652015" lon="12.723890">
				<ele>2000.000000</ele>
			</trkpt>
			<trkpt lat="46.651917" lon="12.723899">
				<ele>2000.000000</ele>
			</trkpt>
			<trkpt lat="46.651855" lon="12.723890">
				<ele>2000.000000</ele>
			</trkpt>
			<trkpt lat="46.651726" lon="12.723836">
				<ele>2000.000000</ele>
			</trkpt>
			<trkpt lat="46.651590" lon="12.723863">
				<ele>2000.000000</ele>
			</trkpt>
			<trkpt lat="46.651448" lon="12.723792">
				<ele>2000.000000</ele>
			</trkpt>
			<trkpt lat="46.651226" lon="12.723800">
				<ele>1999.000000</ele>
			</trkpt>
			<trkpt lat="46.651072" lon="12.723773">
				<ele>1998.000000</ele>
			</trkpt>
			<trkpt lat="46.650819" lon="12.723630">
				<ele>1996.000000</ele>
			</trkpt>
			<trkpt lat="46.650745" lon="12.723576">
				<ele>1996.000000</ele>
			</trkpt>
			<trkpt lat="46.650659" lon="12.723586">
				<ele>1995.000000</ele>
			</trkpt>
			<trkpt lat="46.650610" lon="12.723620">
				<ele>1995.000000</ele>
			</trkpt>
			<trkpt lat="46.650554" lon="12.723639">
				<ele>1995.000000</ele>
			</trkpt>
			<trkpt lat="46.650530" lon="12.723630">
				<ele>1994.000000</ele>
			</trkpt>
			<trkpt lat="46.650517" lon="12.723586">
				<ele>1994.000000</ele>
			</trkpt>
			<trkpt lat="46.650412" lon="12.723459">
				<ele>1993.000000</ele>
			</trkpt>
			<trkpt lat="46.650344" lon="12.723387">
				<ele>1993.000000</ele>
			</trkpt>
			<trkpt lat="46.650277" lon="12.723379">
				<ele>1992.000000</ele>
			</trkpt>
			<trkpt lat="46.650240" lon="12.723360">
				<ele>1992.000000</ele>
			</trkpt>
			<trkpt lat="46.650197" lon="12.723379">
				<ele>1992.000000</ele>
			</trkpt>
			<trkpt lat="46.650178" lon="12.723370">
				<ele>1992.000000</ele>
			</trkpt>
			<trkpt lat="46.650184" lon="12.723316">
				<ele>1991.000000</ele>
			</trkpt>
			<trkpt lat="46.650190" lon="12.723280">
				<ele>1991.000000</ele>
			</trkpt>
			<trkpt lat="46.650178" lon="12.723234">
				<ele>1991.000000</ele>
			</trkpt>
			<trkpt lat="46.650122" lon="12.723207">
				<ele>1991.000000</ele>
			</trkpt>
			<trkpt lat="46.650061" lon="12.723199">
				<ele>1990.000000</ele>
			</trkpt>
			<trkpt lat="46.649981" lon="12.723280">
				<ele>1990.000000</ele>
			</trkpt>
			<trkpt lat="46.649956" lon="12.723324">
				<ele>1989.000000</ele>
			</trkpt>
			<trkpt lat="46.649888" lon="12.723351">
				<ele>1989.000000</ele>
			</trkpt>
			<trkpt lat="46.649864" lon="12.723333">
				<ele>1988.000000</ele>
			</trkpt>
			<trkpt lat="46.649821" lon="12.723351">
				<ele>1988.000000</ele>
			</trkpt>
			<trkpt lat="46.649721" lon="12.723370">
				<ele>1987.000000</ele>
			</trkpt>
			<trkpt lat="46.649673" lon="12.723370">
				<ele>1987.000000</ele>
			</trkpt>
			<trkpt lat="46.649605" lon="12.723414">
				<ele>1986.000000</ele>
			</trkpt>
			<trkpt lat="46.649555" lon="12.723396">
				<ele>1986.000000</ele>
			</trkpt>
			<trkpt lat="46.649487" lon="12.723360">
				<ele>1985.000000</ele>
			</trkpt>
			<trkpt lat="46.649420" lon="12.723414">
				<ele>1984.000000</ele>
			</trkpt>
			<trkpt lat="46.649142" lon="12.723469">
				<ele>1982.000000</ele>
			</trkpt>
			<trkpt lat="46.648982" lon="12.723549">
				<ele>1980.000000</ele>
			</trkpt>
			<trkpt lat="46.648908" lon="12.723504">
				<ele>1978.000000</ele>
			</trkpt>
			<trkpt lat="46.648840" lon="12.723496">
				<ele>1975.000000</ele>
			</trkpt>
			<trkpt lat="46.648797" lon="12.723576">
				<ele>1971.000000</ele>
			</trkpt>
			<trkpt lat="46.648760" lon="12.723693">
				<ele>1964.000000</ele>
			</trkpt>
			<trkpt lat="46.648716" lon="12.723765">
				<ele>1960.000000</ele>
			</trkpt>
			<trkpt lat="46.648679" lon="12.723827">
				<ele>1961.000000</ele>
			</trkpt>
			<trkpt lat="46.648630" lon="12.723873">
				<ele>1961.000000</ele>
			</trkpt>
			<trkpt lat="46.648581" lon="12.723882">
				<ele>1962.000000</ele>
			</trkpt>
			<trkpt lat="46.648415" lon="12.723936">
				<ele>1964.000000</ele>
			</trkpt>
			<trkpt lat="46.648285" lon="12.724070">
				<ele>1965.000000</ele>
			</trkpt>
			<trkpt lat="46.648044" lon="12.724241">
				<ele>1968.000000</ele>
			</trkpt>
			<trkpt lat="46.647804" lon="12.724421">
				<ele>1973.000000</ele>
			</trkpt>
			<trkpt lat="46.647724" lon="12.724421">
				<ele>1976.000000</ele>
			</trkpt>
			<trkpt lat="46.647662" lon="12.724528">
				<ele>1979.000000</ele>
			</trkpt>
			<trkpt lat="46.647601" lon="12.724681">
				<ele>1980.000000</ele>
			</trkpt>
			<trkpt lat="46.647570" lon="12.724788">
				<ele>1980.000000</ele>
			</trkpt>
			<trkpt lat="46.647489" lon="12.724888">
				<ele>1980.000000</ele>
			</trkpt>
			<trkpt lat="46.647440" lon="12.724834">
				<ele>1980.000000</ele>
			</trkpt>
			<trkpt lat="46.647409" lon="12.724798">
				<ele>1979.000000</ele>
			</trkpt>
			<trkpt lat="46.647317" lon="12.724798">
				<ele>1977.000000</ele>
			</trkpt>
			<trkpt lat="46.647230" lon="12.724771">
				<ele>1975.000000</ele>
			</trkpt>
			<trkpt lat="46.647212" lon="12.724762">
				<ele>1974.000000</ele>
			</trkpt>
			<trkpt lat="46.647095" lon="12.724717">
				<ele>1971.000000</ele>
			</trkpt>
			<trkpt lat="46.647039" lon="12.724762">
				<ele>1970.000000</ele>
			</trkpt>
			<trkpt lat="46.646885" lon="12.724878">
				<ele>1967.000000</ele>
			</trkpt>
			<trkpt lat="46.646762" lon="12.724861">
				<ele>1965.000000</ele>
			</trkpt>
			<trkpt lat="46.646620" lon="12.724941">
				<ele>1963.000000</ele>
			</trkpt>
			<trkpt lat="46.646515" lon="12.724941">
				<ele>1961.000000</ele>
			</trkpt>
			<trkpt lat="46.646435" lon="12.724978">
				<ele>1959.000000</ele>
			</trkpt>
			<trkpt lat="46.646398" lon="12.724941">
				<ele>1957.000000</ele>
			</trkpt>
			<trkpt lat="46.646349" lon="12.724987">
				<ele>1955.000000</ele>
			</trkpt>
			<trkpt lat="46.646299" lon="12.725004">
				<ele>1952.000000</ele>
			</trkpt>
			<trkpt lat="46.646275" lon="12.725094">
				<ele>1950.000000</ele>
			</trkpt>
			<trkpt lat="46.646250" lon="12.725184">
				<ele>1950.000000</ele>
			</trkpt>
			<trkpt lat="46.646182" lon="12.725255">
				<ele>1950.000000</ele>
			</trkpt>
			<trkpt lat="46.646121" lon="12.725400">
				<ele>1949.000000</ele>
			</trkpt>
			<trkpt lat="46.646034" lon="12.725490">
				<ele>1947.000000</ele>
			</trkpt>
			<trkpt lat="46.645930" lon="12.725607">
				<ele>1944.000000</ele>
			</trkpt>
			<trkpt lat="46.645868" lon="12.725517">
				<ele>1942.000000</ele>
			</trkpt>
			<trkpt lat="46.645818" lon="12.725454">
				<ele>1940.000000</ele>
			</trkpt>
			<trkpt lat="46.645738" lon="12.725588">
				<ele>1935.000000</ele>
			</trkpt>
			<trkpt lat="46.645701" lon="12.725597">
				<ele>1934.000000</ele>
			</trkpt>
			<trkpt lat="46.645646" lon="12.725607">
				<ele>1931.000000</ele>
			</trkpt>
			<trkpt lat="46.645571" lon="12.725786">
				<ele>1925.000000</ele>
			</trkpt>
			<trkpt lat="46.645553" lon="12.726056">
				<ele>1920.000000</ele>
			</trkpt>
			<trkpt lat="46.645504" lon="12.726316">
				<ele>1920.000000</ele>
			</trkpt>
			<trkpt lat="46.645454" lon="12.726423">
				<ele>1920.000000</ele>
			</trkpt>
			<trkpt lat="46.645411" lon="12.726523">
				<ele>1920.000000</ele>
			</trkpt>
			<trkpt lat="46.645294" lon="12.726649">
				<ele>1920.000000</ele>
			</trkpt>
			<trkpt lat="46.645208" lon="12.726828">
				<ele>1920.000000</ele>
			</trkpt>
			<trkpt lat="46.645146" lon="12.727205">
				<ele>1920.000000</ele>
			</trkpt>
			<trkpt lat="46.645164" lon="12.727555">
				<ele>1920.000000</ele>
			</trkpt>
			<trkpt lat="46.645152" lon="12.727888">
				<ele>1917.000000</ele>
			</trkpt>
			<trkpt lat="46.645183" lon="12.728121">
				<ele>1913.000000</ele>
			</trkpt>
			<trkpt lat="46.645152" lon="12.728381">
				<ele>1910.000000</ele>
			</trkpt>
			<trkpt lat="46.645097" lon="12.728714">
				<ele>1910.000000</ele>
			</trkpt>
			<trkpt lat="46.644973" lon="12.729002">
				<ele>1910.000000</ele>
			</trkpt>
			<trkpt lat="46.644850" lon="12.729209">
				<ele>1910.000000</ele>
			</trkpt>
			<trkpt lat="46.644794" lon="12.729460">
				<ele>1910.000000</ele>
			</trkpt>
			<trkpt lat="46.644776" lon="12.729702">
				<ele>1910.000000</ele>
			</trkpt>
			<trkpt lat="46.644801" lon="12.729989">
				<ele>1910.000000</ele>
			</trkpt>
			<trkpt lat="46.644863" lon="12.730268">
				<ele>1910.000000</ele>
			</trkpt>
			<trkpt lat="46.644893" lon="12.730547">
				<ele>1910.000000</ele>
			</trkpt>
			<trkpt lat="46.644863" lon="12.730744">
				<ele>1910.000000</ele>
			</trkpt>
			<trkpt lat="46.644794" lon="12.730933">
				<ele>1910.000000</ele>
			</trkpt>
			<trkpt lat="46.644690" lon="12.731086">
				<ele>1910.000000</ele>
			</trkpt>
			<trkpt lat="46.644597" lon="12.731157">
				<ele>1910.000000</ele>
			</trkpt>
			<trkpt lat="46.644523" lon="12.731230">
				<ele>1910.000000</ele>
			</trkpt>
			<trkpt lat="46.644474" lon="12.731364">
				<ele>1908.000000</ele>
			</trkpt>
			<trkpt lat="46.644387" lon="12.731419">
				<ele>1907.000000</ele>
			</trkpt>
			<trkpt lat="46.644338" lon="12.731517">
				<ele>1905.000000</ele>
			</trkpt>
			<trkpt lat="46.644313" lon="12.731625">
				<ele>1904.000000</ele>
			</trkpt>
			<trkpt lat="46.644246" lon="12.732029">
				<ele>1898.000000</ele>
			</trkpt>
			<trkpt lat="46.644202" lon="12.732119">
				<ele>1896.000000</ele>
			</trkpt>
			<trkpt lat="46.644171" lon="12.732389">
				<ele>1891.000000</ele>
			</trkpt>
			<trkpt lat="46.644153" lon="12.732586">
				<ele>1888.000000</ele>
			</trkpt>
			<trkpt lat="46.644104" lon="12.732604">
				<ele>1887.000000</ele>
			</trkpt>
			<trkpt lat="46.644055" lon="12.732676">
				<ele>1886.000000</ele>
			</trkpt>
			<trkpt lat="46.644036" lon="12.732882">
				<ele>1883.000000</ele>
			</trkpt>
			<trkpt lat="46.644055" lon="12.733125">
				<ele>1880.000000</ele>
			</trkpt>
			<trkpt lat="46.644048" lon="12.733368">
				<ele>1878.000000</ele>
			</trkpt>
			<trkpt lat="46.644036" lon="12.733503">
				<ele>1876.000000</ele>
			</trkpt>
			<trkpt lat="46.644055" lon="12.733610">
				<ele>1875.000000</ele>
			</trkpt>
			<trkpt lat="46.644030" lon="12.733664">
				<ele>1875.000000</ele>
			</trkpt>
			<trkpt lat="46.643980" lon="12.733710">
				<ele>1874.000000</ele>
			</trkpt>
			<trkpt lat="46.643943" lon="12.733763">
				<ele>1873.000000</ele>
			</trkpt>
			<trkpt lat="46.643906" lon="12.733781">
				<ele>1873.000000</ele>
			</trkpt>
			<trkpt lat="46.643870" lon="12.733771">
				<ele>1872.000000</ele>
			</trkpt>
			<trkpt lat="46.643845" lon="12.733718">
				<ele>1871.000000</ele>
			</trkpt>
			<trkpt lat="46.643814" lon="12.733727">
				<ele>1871.000000</ele>
			</trkpt>
			<trkpt lat="46.643777" lon="12.733710">
				<ele>1870.000000</ele>
			</trkpt>
			<trkpt lat="46.643740" lon="12.733744">
				<ele>1870.000000</ele>
			</trkpt>
			<trkpt lat="46.643709" lon="12.733727">
				<ele>1870.000000</ele>
			</trkpt>
			<trkpt lat="46.643530" lon="12.733807">
				<ele>1870.000000</ele>
			</trkpt>
			<trkpt lat="46.643475" lon="12.733834">
				<ele>1870.000000</ele>
			</trkpt>
			<trkpt lat="46.643444" lon="12.733897">
				<ele>1870.000000</ele>
			</trkpt>
			<trkpt lat="46.643401" lon="12.733933">
				<ele>1870.000000</ele>
			</trkpt>
			<trkpt lat="46.643314" lon="12.734123">
				<ele>1870.000000</ele>
			</trkpt>
			<trkpt lat="46.643222" lon="12.734220">
				<ele>1870.000000</ele>
			</trkpt>
			<trkpt lat="46.643160" lon="12.734337">
				<ele>1870.000000</ele>
			</trkpt>
			<trkpt lat="46.643111" lon="12.734410">
				<ele>1870.000000</ele>
			</trkpt>
			<trkpt lat="46.643031" lon="12.734499">
				<ele>1870.000000</ele>
			</trkpt>
			<trkpt lat="46.642944" lon="12.734616">
				<ele>1870.000000</ele>
			</trkpt>
			<trkpt lat="46.642926" lon="12.734725">
				<ele>1870.000000</ele>
			</trkpt>
			<trkpt lat="46.642864" lon="12.734813">
				<ele>1870.000000</ele>
			</trkpt>
			<trkpt lat="46.642803" lon="12.734993">
				<ele>1870.000000</ele>
			</trkpt>
			<trkpt lat="46.642716" lon="12.735102">
				<ele>1870.000000</ele>
			</trkpt>
			<trkpt lat="46.642673" lon="12.735128">
				<ele>1870.000000</ele>
			</trkpt>
			<trkpt lat="46.642624" lon="12.735218">
				<ele>1870.000000</ele>
			</trkpt>
			<trkpt lat="46.642593" lon="12.735263">
				<ele>1870.000000</ele>
			</trkpt>
			<trkpt lat="46.642556" lon="12.735299">
				<ele>1870.000000</ele>
			</trkpt>
			<trkpt lat="46.642543" lon="12.735344">
				<ele>1870.000000</ele>
			</trkpt>
			<trkpt lat="46.642500" lon="12.735362">
				<ele>1870.000000</ele>
			</trkpt>
			<trkpt lat="46.642457" lon="12.735379">
				<ele>1870.000000</ele>
			</trkpt>
			<trkpt lat="46.642433" lon="12.735415">
				<ele>1870.000000</ele>
			</trkpt>
			<trkpt lat="46.642402" lon="12.735415">
				<ele>1870.000000</ele>
			</trkpt>
			<trkpt lat="46.642340" lon="12.735442">
				<ele>1870.000000</ele>
			</trkpt>
			<trkpt lat="46.642303" lon="12.735497">
				<ele>1870.000000</ele>
			</trkpt>
			<trkpt lat="46.642303" lon="12.735568">
				<ele>1870.000000</ele>
			</trkpt>
			<trkpt lat="46.642309" lon="12.735622">
				<ele>1870.000000</ele>
			</trkpt>
			<trkpt lat="46.642309" lon="12.735721">
				<ele>1870.000000</ele>
			</trkpt>
			<trkpt lat="46.642321" lon="12.735820">
				<ele>1870.000000</ele>
			</trkpt>
			<trkpt lat="46.642315" lon="12.735901">
				<ele>1870.000000</ele>
			</trkpt>
			<trkpt lat="46.642303" lon="12.735973">
				<ele>1870.000000</ele>
			</trkpt>
			<trkpt lat="46.642266" lon="12.736054">
				<ele>1870.000000</ele>
			</trkpt>
			<trkpt lat="46.642161" lon="12.736251">
				<ele>1870.000000</ele>
			</trkpt>
			<trkpt lat="46.642124" lon="12.736386">
				<ele>1870.000000</ele>
			</trkpt>
			<trkpt lat="46.642112" lon="12.736476">
				<ele>1870.000000</ele>
			</trkpt>
			<trkpt lat="46.642081" lon="12.736620">
				<ele>1870.000000</ele>
			</trkpt>
			<trkpt lat="46.642038" lon="12.736664">
				<ele>1870.000000</ele>
			</trkpt>
			<trkpt lat="46.641976" lon="12.736691">
				<ele>1870.000000</ele>
			</trkpt>
			<trkpt lat="46.641939" lon="12.736710">
				<ele>1870.000000</ele>
			</trkpt>
			<trkpt lat="46.641927" lon="12.736763">
				<ele>1870.000000</ele>
			</trkpt>
			<trkpt lat="46.641896" lon="12.736844">
				<ele>1870.000000</ele>
			</trkpt>
			<trkpt lat="46.641908" lon="12.736907">
				<ele>1870.000000</ele>
			</trkpt>
			<trkpt lat="46.641939" lon="12.737042">
				<ele>1870.000000</ele>
			</trkpt>
			<trkpt lat="46.641908" lon="12.737203">
				<ele>1870.000000</ele>
			</trkpt>
			<trkpt lat="46.641883" lon="12.737266">
				<ele>1870.000000</ele>
			</trkpt>
			<trkpt lat="46.641970" lon="12.737436">
				<ele>1870.000000</ele>
			</trkpt>
			<trkpt lat="46.641982" lon="12.737553">
				<ele>1870.000000</ele>
			</trkpt>
			<trkpt lat="46.641970" lon="12.737662">
				<ele>1870.000000</ele>
			</trkpt>
			<trkpt lat="46.641945" lon="12.737742">
				<ele>1870.000000</ele>
			</trkpt>
			<trkpt lat="46.641945" lon="12.737859">
				<ele>1870.000000</ele>
			</trkpt>
			<trkpt lat="46.641945" lon="12.737949">
				<ele>1870.000000</ele>
			</trkpt>
			<trkpt lat="46.641951" lon="12.738029">
				<ele>1870.000000</ele>
			</trkpt>
			<trkpt lat="46.641995" lon="12.738075">
				<ele>1870.000000</ele>
			</trkpt>
			<trkpt lat="46.642050" lon="12.738119">
				<ele>1870.000000</ele>
			</trkpt>
			<trkpt lat="46.642068" lon="12.738174">
				<ele>1870.000000</ele>
			</trkpt>
			<trkpt lat="46.642093" lon="12.738218">
				<ele>1870.000000</ele>
			</trkpt>
			<trkpt lat="46.642093" lon="12.738327">
				<ele>1870.000000</ele>
			</trkpt>
			<trkpt lat="46.642093" lon="12.738381">
				<ele>1870.000000</ele>
			</trkpt>
			<trkpt lat="46.642112" lon="12.738488">
				<ele>1870.000000</ele>
			</trkpt>
			<trkpt lat="46.642118" lon="12.738595">
				<ele>1870.000000</ele>
			</trkpt>
			<trkpt lat="46.642149" lon="12.738704">
				<ele>1870.000000</ele>
			</trkpt>
			<trkpt lat="46.642180" lon="12.738803">
				<ele>1870.000000</ele>
			</trkpt>
			<trkpt lat="46.642217" lon="12.738893">
				<ele>1870.000000</ele>
			</trkpt>
			<trkpt lat="46.642272" lon="12.739000">
				<ele>1870.000000</ele>
			</trkpt>
			<trkpt lat="46.642315" lon="12.739081">
				<ele>1870.000000</ele>
			</trkpt>
			<trkpt lat="46.642327" lon="12.739180">
				<ele>1870.000000</ele>
			</trkpt>
			<trkpt lat="46.642358" lon="12.739270">
				<ele>1870.000000</ele>
			</trkpt>
			<trkpt lat="46.642371" lon="12.739377">
				<ele>1870.000000</ele>
			</trkpt>
			<trkpt lat="46.642408" lon="12.739494">
				<ele>1870.000000</ele>
			</trkpt>
			<trkpt lat="46.642445" lon="12.739610">
				<ele>1870.000000</ele>
			</trkpt>
			<trkpt lat="46.642494" lon="12.739665">
				<ele>1870.000000</ele>
			</trkpt>
			<trkpt lat="46.642531" lon="12.739683">
				<ele>1870.000000</ele>
			</trkpt>
			<trkpt lat="46.642612" lon="12.739692">
				<ele>1870.000000</ele>
			</trkpt>
			<trkpt lat="46.642673" lon="12.739692">
				<ele>1870.000000</ele>
			</trkpt>
			<trkpt lat="46.642722" lon="12.739719">
				<ele>1870.000000</ele>
			</trkpt>
			<trkpt lat="46.642734" lon="12.739755">
				<ele>1870.000000</ele>
			</trkpt>
			<trkpt lat="46.642747" lon="12.739853">
				<ele>1870.000000</ele>
			</trkpt>
			<trkpt lat="46.642741" lon="12.739926">
				<ele>1870.000000</ele>
			</trkpt>
			<trkpt lat="46.642741" lon="12.739979">
				<ele>1870.000000</ele>
			</trkpt>
			<trkpt lat="46.642753" lon="12.740033">
				<ele>1870.000000</ele>
			</trkpt>
			<trkpt lat="46.642796" lon="12.740060">
				<ele>1870.000000</ele>
			</trkpt>
			<trkpt lat="46.642840" lon="12.740123">
				<ele>1870.000000</ele>
			</trkpt>
			<trkpt lat="46.642901" lon="12.740141">
				<ele>1870.000000</ele>
			</trkpt>
			<trkpt lat="46.642926" lon="12.740176">
				<ele>1870.000000</ele>
			</trkpt>
			<trkpt lat="46.642969" lon="12.740276">
				<ele>1868.000000</ele>
			</trkpt>
		</trkseg>
	</trk>
</gpx>

