<?xml version="1.0" encoding="utf-8"?>
<gpx xmlns="http://www.topografix.com/GPX/1/1" version="1.1" creator="https://mapy.com/">
	<trk>
		<name>den 7</name>
		<trkseg>
			<trkpt lat="46.605385" lon="13.070658">
				<ele>1738.000000</ele>
			</trkpt>
			<trkpt lat="46.605342" lon="13.070730">
				<ele>1736.000000</ele>
			</trkpt>
			<trkpt lat="46.605311" lon="13.070775">
				<ele>1735.000000</ele>
			</trkpt>
			<trkpt lat="46.605181" lon="13.070641">
				<ele>1737.000000</ele>
			</trkpt>
			<trkpt lat="46.605070" lon="13.070730">
				<ele>1735.000000</ele>
			</trkpt>
			<trkpt lat="46.604996" lon="13.070775">
				<ele>1735.000000</ele>
			</trkpt>
			<trkpt lat="46.604965" lon="13.070801">
				<ele>1734.000000</ele>
			</trkpt>
			<trkpt lat="46.604909" lon="13.070811">
				<ele>1734.000000</ele>
			</trkpt>
			<trkpt lat="46.604897" lon="13.070855">
				<ele>1733.000000</ele>
			</trkpt>
			<trkpt lat="46.604823" lon="13.070991">
				<ele>1732.000000</ele>
			</trkpt>
			<trkpt lat="46.604805" lon="13.071035">
				<ele>1731.000000</ele>
			</trkpt>
			<trkpt lat="46.604712" lon="13.071098">
				<ele>1730.000000</ele>
			</trkpt>
			<trkpt lat="46.604595" lon="13.071098">
				<ele>1730.000000</ele>
			</trkpt>
			<trkpt lat="46.604533" lon="13.071134">
				<ele>1730.000000</ele>
			</trkpt>
			<trkpt lat="46.604533" lon="13.071170">
				<ele>1730.000000</ele>
			</trkpt>
			<trkpt lat="46.604521" lon="13.071188">
				<ele>1730.000000</ele>
			</trkpt>
			<trkpt lat="46.604477" lon="13.071224">
				<ele>1730.000000</ele>
			</trkpt>
			<trkpt lat="46.604527" lon="13.071449">
				<ele>1730.000000</ele>
			</trkpt>
			<trkpt lat="46.604564" lon="13.071610">
				<ele>1730.000000</ele>
			</trkpt>
			<trkpt lat="46.604595" lon="13.071781">
				<ele>1732.000000</ele>
			</trkpt>
			<trkpt lat="46.604668" lon="13.071772">
				<ele>1733.000000</ele>
			</trkpt>
			<trkpt lat="46.604712" lon="13.071799">
				<ele>1734.000000</ele>
			</trkpt>
			<trkpt lat="46.604731" lon="13.071853">
				<ele>1735.000000</ele>
			</trkpt>
			<trkpt lat="46.604712" lon="13.071897">
				<ele>1736.000000</ele>
			</trkpt>
			<trkpt lat="46.604583" lon="13.072014">
				<ele>1739.000000</ele>
			</trkpt>
			<trkpt lat="46.604545" lon="13.072167">
				<ele>1741.000000</ele>
			</trkpt>
			<trkpt lat="46.604564" lon="13.072239">
				<ele>1742.000000</ele>
			</trkpt>
			<trkpt lat="46.604601" lon="13.072266">
				<ele>1743.000000</ele>
			</trkpt>
			<trkpt lat="46.604607" lon="13.072356">
				<ele>1744.000000</ele>
			</trkpt>
			<trkpt lat="46.604508" lon="13.072562">
				<ele>1747.000000</ele>
			</trkpt>
			<trkpt lat="46.604422" lon="13.072751">
				<ele>1749.000000</ele>
			</trkpt>
			<trkpt lat="46.604348" lon="13.072832">
				<ele>1750.000000</ele>
			</trkpt>
			<trkpt lat="46.604255" lon="13.073174">
				<ele>1752.000000</ele>
			</trkpt>
			<trkpt lat="46.604200" lon="13.073209">
				<ele>1753.000000</ele>
			</trkpt>
			<trkpt lat="46.604169" lon="13.073299">
				<ele>1753.000000</ele>
			</trkpt>
			<trkpt lat="46.604126" lon="13.073335">
				<ele>1754.000000</ele>
			</trkpt>
			<trkpt lat="46.604021" lon="13.073704">
				<ele>1756.000000</ele>
			</trkpt>
			<trkpt lat="46.603885" lon="13.073883">
				<ele>1757.000000</ele>
			</trkpt>
			<trkpt lat="46.603830" lon="13.073937">
				<ele>1758.000000</ele>
			</trkpt>
			<trkpt lat="46.603780" lon="13.074044">
				<ele>1759.000000</ele>
			</trkpt>
			<trkpt lat="46.603737" lon="13.074090">
				<ele>1759.000000</ele>
			</trkpt>
			<trkpt lat="46.603712" lon="13.074161">
				<ele>1760.000000</ele>
			</trkpt>
			<trkpt lat="46.603632" lon="13.074260">
				<ele>1760.000000</ele>
			</trkpt>
			<trkpt lat="46.603601" lon="13.074377">
				<ele>1761.000000</ele>
			</trkpt>
			<trkpt lat="46.603570" lon="13.074512">
				<ele>1762.000000</ele>
			</trkpt>
			<trkpt lat="46.603508" lon="13.074629">
				<ele>1763.000000</ele>
			</trkpt>
			<trkpt lat="46.603496" lon="13.074709">
				<ele>1763.000000</ele>
			</trkpt>
			<trkpt lat="46.603465" lon="13.074826">
				<ele>1764.000000</ele>
			</trkpt>
			<trkpt lat="46.603379" lon="13.074996">
				<ele>1765.000000</ele>
			</trkpt>
			<trkpt lat="46.603342" lon="13.075159">
				<ele>1766.000000</ele>
			</trkpt>
			<trkpt lat="46.603292" lon="13.075222">
				<ele>1766.000000</ele>
			</trkpt>
			<trkpt lat="46.603256" lon="13.075285">
				<ele>1767.000000</ele>
			</trkpt>
			<trkpt lat="46.603212" lon="13.075285">
				<ele>1767.000000</ele>
			</trkpt>
			<trkpt lat="46.603181" lon="13.075302">
				<ele>1767.000000</ele>
			</trkpt>
			<trkpt lat="46.603175" lon="13.075338">
				<ele>1768.000000</ele>
			</trkpt>
			<trkpt lat="46.603157" lon="13.075419">
				<ele>1768.000000</ele>
			</trkpt>
			<trkpt lat="46.603125" lon="13.075625">
				<ele>1769.000000</ele>
			</trkpt>
			<trkpt lat="46.602996" lon="13.075841">
				<ele>1771.000000</ele>
			</trkpt>
			<trkpt lat="46.603002" lon="13.075922">
				<ele>1772.000000</ele>
			</trkpt>
			<trkpt lat="46.602965" lon="13.075994">
				<ele>1772.000000</ele>
			</trkpt>
			<trkpt lat="46.602965" lon="13.076075">
				<ele>1773.000000</ele>
			</trkpt>
			<trkpt lat="46.602922" lon="13.076165">
				<ele>1774.000000</ele>
			</trkpt>
			<trkpt lat="46.602916" lon="13.076273">
				<ele>1775.000000</ele>
			</trkpt>
			<trkpt lat="46.602823" lon="13.076686">
				<ele>1778.000000</ele>
			</trkpt>
			<trkpt lat="46.602607" lon="13.077279">
				<ele>1780.000000</ele>
			</trkpt>
			<trkpt lat="46.602589" lon="13.077342">
				<ele>1780.000000</ele>
			</trkpt>
			<trkpt lat="46.602583" lon="13.077467">
				<ele>1780.000000</ele>
			</trkpt>
			<trkpt lat="46.602558" lon="13.077583">
				<ele>1780.000000</ele>
			</trkpt>
			<trkpt lat="46.602533" lon="13.077719">
				<ele>1780.000000</ele>
			</trkpt>
			<trkpt lat="46.602576" lon="13.077970">
				<ele>1780.000000</ele>
			</trkpt>
			<trkpt lat="46.602576" lon="13.078069">
				<ele>1779.000000</ele>
			</trkpt>
			<trkpt lat="46.602576" lon="13.078123">
				<ele>1779.000000</ele>
			</trkpt>
			<trkpt lat="46.602607" lon="13.078249">
				<ele>1778.000000</ele>
			</trkpt>
			<trkpt lat="46.602651" lon="13.078329">
				<ele>1777.000000</ele>
			</trkpt>
			<trkpt lat="46.602712" lon="13.078572">
				<ele>1776.000000</ele>
			</trkpt>
			<trkpt lat="46.602737" lon="13.078878">
				<ele>1774.000000</ele>
			</trkpt>
			<trkpt lat="46.602780" lon="13.079048">
				<ele>1773.000000</ele>
			</trkpt>
			<trkpt lat="46.602792" lon="13.079157">
				<ele>1772.000000</ele>
			</trkpt>
			<trkpt lat="46.602805" lon="13.079191">
				<ele>1772.000000</ele>
			</trkpt>
			<trkpt lat="46.602848" lon="13.079327">
				<ele>1771.000000</ele>
			</trkpt>
			<trkpt lat="46.602922" lon="13.079470">
				<ele>1770.000000</ele>
			</trkpt>
			<trkpt lat="46.602978" lon="13.079560">
				<ele>1771.000000</ele>
			</trkpt>
			<trkpt lat="46.603027" lon="13.079659">
				<ele>1771.000000</ele>
			</trkpt>
			<trkpt lat="46.603077" lon="13.079633">
				<ele>1771.000000</ele>
			</trkpt>
			<trkpt lat="46.603119" lon="13.079614">
				<ele>1771.000000</ele>
			</trkpt>
			<trkpt lat="46.603144" lon="13.079623">
				<ele>1771.000000</ele>
			</trkpt>
			<trkpt lat="46.603150" lon="13.079659">
				<ele>1772.000000</ele>
			</trkpt>
			<trkpt lat="46.603144" lon="13.079696">
				<ele>1772.000000</ele>
			</trkpt>
			<trkpt lat="46.603119" lon="13.079812">
				<ele>1772.000000</ele>
			</trkpt>
			<trkpt lat="46.603119" lon="13.079857">
				<ele>1772.000000</ele>
			</trkpt>
			<trkpt lat="46.603144" lon="13.079920">
				<ele>1772.000000</ele>
			</trkpt>
			<trkpt lat="46.603169" lon="13.079920">
				<ele>1772.000000</ele>
			</trkpt>
			<trkpt lat="46.603181" lon="13.079965">
				<ele>1772.000000</ele>
			</trkpt>
			<trkpt lat="46.603250" lon="13.080036">
				<ele>1773.000000</ele>
			</trkpt>
			<trkpt lat="46.603280" lon="13.080082">
				<ele>1773.000000</ele>
			</trkpt>
			<trkpt lat="46.603292" lon="13.080126">
				<ele>1773.000000</ele>
			</trkpt>
			<trkpt lat="46.603286" lon="13.080189">
				<ele>1773.000000</ele>
			</trkpt>
			<trkpt lat="46.603274" lon="13.080252">
				<ele>1774.000000</ele>
			</trkpt>
			<trkpt lat="46.603231" lon="13.080396">
				<ele>1774.000000</ele>
			</trkpt>
			<trkpt lat="46.603163" lon="13.080503">
				<ele>1774.000000</ele>
			</trkpt>
			<trkpt lat="46.603077" lon="13.080719">
				<ele>1775.000000</ele>
			</trkpt>
			<trkpt lat="46.603077" lon="13.080782">
				<ele>1775.000000</ele>
			</trkpt>
			<trkpt lat="46.603077" lon="13.080818">
				<ele>1775.000000</ele>
			</trkpt>
			<trkpt lat="46.603070" lon="13.081007">
				<ele>1776.000000</ele>
			</trkpt>
			<trkpt lat="46.603138" lon="13.081105">
				<ele>1776.000000</ele>
			</trkpt>
			<trkpt lat="46.603163" lon="13.081214">
				<ele>1777.000000</ele>
			</trkpt>
			<trkpt lat="46.603169" lon="13.081285">
				<ele>1777.000000</ele>
			</trkpt>
			<trkpt lat="46.603144" lon="13.081420">
				<ele>1777.000000</ele>
			</trkpt>
			<trkpt lat="46.603175" lon="13.081564">
				<ele>1778.000000</ele>
			</trkpt>
			<trkpt lat="46.603181" lon="13.081671">
				<ele>1778.000000</ele>
			</trkpt>
			<trkpt lat="46.603169" lon="13.081734">
				<ele>1778.000000</ele>
			</trkpt>
			<trkpt lat="46.603150" lon="13.081788">
				<ele>1778.000000</ele>
			</trkpt>
			<trkpt lat="46.603107" lon="13.081815">
				<ele>1778.000000</ele>
			</trkpt>
			<trkpt lat="46.603058" lon="13.081878">
				<ele>1779.000000</ele>
			</trkpt>
			<trkpt lat="46.603040" lon="13.081977">
				<ele>1779.000000</ele>
			</trkpt>
			<trkpt lat="46.603046" lon="13.082057">
				<ele>1779.000000</ele>
			</trkpt>
			<trkpt lat="46.603015" lon="13.082139">
				<ele>1779.000000</ele>
			</trkpt>
			<trkpt lat="46.603015" lon="13.082256">
				<ele>1780.000000</ele>
			</trkpt>
			<trkpt lat="46.603027" lon="13.082291">
				<ele>1780.000000</ele>
			</trkpt>
			<trkpt lat="46.603064" lon="13.082436">
				<ele>1780.000000</ele>
			</trkpt>
			<trkpt lat="46.603002" lon="13.082597">
				<ele>1780.000000</ele>
			</trkpt>
			<trkpt lat="46.602978" lon="13.082696">
				<ele>1780.000000</ele>
			</trkpt>
			<trkpt lat="46.602990" lon="13.082749">
				<ele>1780.000000</ele>
			</trkpt>
			<trkpt lat="46.603046" lon="13.082912">
				<ele>1780.000000</ele>
			</trkpt>
			<trkpt lat="46.603064" lon="13.082929">
				<ele>1780.000000</ele>
			</trkpt>
			<trkpt lat="46.603107" lon="13.082947">
				<ele>1780.000000</ele>
			</trkpt>
			<trkpt lat="46.603125" lon="13.082965">
				<ele>1780.000000</ele>
			</trkpt>
			<trkpt lat="46.603144" lon="13.083010">
				<ele>1780.000000</ele>
			</trkpt>
			<trkpt lat="46.603144" lon="13.083172">
				<ele>1780.000000</ele>
			</trkpt>
			<trkpt lat="46.603132" lon="13.083306">
				<ele>1780.000000</ele>
			</trkpt>
			<trkpt lat="46.603089" lon="13.083576">
				<ele>1780.000000</ele>
			</trkpt>
			<trkpt lat="46.603040" lon="13.083899">
				<ele>1780.000000</ele>
			</trkpt>
			<trkpt lat="46.602996" lon="13.084034">
				<ele>1780.000000</ele>
			</trkpt>
			<trkpt lat="46.602928" lon="13.084168">
				<ele>1780.000000</ele>
			</trkpt>
			<trkpt lat="46.602971" lon="13.084258">
				<ele>1780.000000</ele>
			</trkpt>
			<trkpt lat="46.603021" lon="13.084375">
				<ele>1780.000000</ele>
			</trkpt>
			<trkpt lat="46.603064" lon="13.084474">
				<ele>1780.000000</ele>
			</trkpt>
			<trkpt lat="46.603237" lon="13.084420">
				<ele>1780.000000</ele>
			</trkpt>
			<trkpt lat="46.603342" lon="13.084420">
				<ele>1780.000000</ele>
			</trkpt>
			<trkpt lat="46.603397" lon="13.084457">
				<ele>1780.000000</ele>
			</trkpt>
			<trkpt lat="46.603441" lon="13.084690">
				<ele>1780.000000</ele>
			</trkpt>
			<trkpt lat="46.603422" lon="13.084897">
				<ele>1780.000000</ele>
			</trkpt>
			<trkpt lat="46.603360" lon="13.085004">
				<ele>1780.000000</ele>
			</trkpt>
			<trkpt lat="46.603342" lon="13.085067">
				<ele>1780.000000</ele>
			</trkpt>
			<trkpt lat="46.603329" lon="13.085147">
				<ele>1780.000000</ele>
			</trkpt>
			<trkpt lat="46.603317" lon="13.085202">
				<ele>1780.000000</ele>
			</trkpt>
			<trkpt lat="46.603305" lon="13.085256">
				<ele>1780.000000</ele>
			</trkpt>
			<trkpt lat="46.603268" lon="13.085292">
				<ele>1780.000000</ele>
			</trkpt>
			<trkpt lat="46.603194" lon="13.085453">
				<ele>1780.000000</ele>
			</trkpt>
			<trkpt lat="46.603219" lon="13.085579">
				<ele>1780.000000</ele>
			</trkpt>
			<trkpt lat="46.603231" lon="13.085686">
				<ele>1780.000000</ele>
			</trkpt>
			<trkpt lat="46.603219" lon="13.085705">
				<ele>1780.000000</ele>
			</trkpt>
			<trkpt lat="46.603175" lon="13.085749">
				<ele>1780.000000</ele>
			</trkpt>
			<trkpt lat="46.603113" lon="13.085866">
				<ele>1778.000000</ele>
			</trkpt>
			<trkpt lat="46.603132" lon="13.085912">
				<ele>1777.000000</ele>
			</trkpt>
			<trkpt lat="46.603107" lon="13.086019">
				<ele>1775.000000</ele>
			</trkpt>
			<trkpt lat="46.602873" lon="13.086315">
				<ele>1768.000000</ele>
			</trkpt>
			<trkpt lat="46.602842" lon="13.086478">
				<ele>1766.000000</ele>
			</trkpt>
			<trkpt lat="46.602842" lon="13.086576">
				<ele>1765.000000</ele>
			</trkpt>
			<trkpt lat="46.602811" lon="13.086657">
				<ele>1764.000000</ele>
			</trkpt>
			<trkpt lat="46.602761" lon="13.086747">
				<ele>1762.000000</ele>
			</trkpt>
			<trkpt lat="46.602805" lon="13.086981">
				<ele>1760.000000</ele>
			</trkpt>
			<trkpt lat="46.602836" lon="13.087070">
				<ele>1760.000000</ele>
			</trkpt>
			<trkpt lat="46.602867" lon="13.087142">
				<ele>1760.000000</ele>
			</trkpt>
			<trkpt lat="46.602891" lon="13.087196">
				<ele>1760.000000</ele>
			</trkpt>
			<trkpt lat="46.602904" lon="13.087241">
				<ele>1760.000000</ele>
			</trkpt>
			<trkpt lat="46.602897" lon="13.087313">
				<ele>1760.000000</ele>
			</trkpt>
			<trkpt lat="46.602885" lon="13.087340">
				<ele>1760.000000</ele>
			</trkpt>
			<trkpt lat="46.602848" lon="13.087420">
				<ele>1760.000000</ele>
			</trkpt>
			<trkpt lat="46.602823" lon="13.087529">
				<ele>1760.000000</ele>
			</trkpt>
			<trkpt lat="46.602799" lon="13.087610">
				<ele>1760.000000</ele>
			</trkpt>
			<trkpt lat="46.602780" lon="13.087690">
				<ele>1760.000000</ele>
			</trkpt>
			<trkpt lat="46.602749" lon="13.087726">
				<ele>1760.000000</ele>
			</trkpt>
			<trkpt lat="46.602731" lon="13.087906">
				<ele>1760.000000</ele>
			</trkpt>
			<trkpt lat="46.602712" lon="13.087960">
				<ele>1760.000000</ele>
			</trkpt>
			<trkpt lat="46.602700" lon="13.088005">
				<ele>1760.000000</ele>
			</trkpt>
			<trkpt lat="46.602706" lon="13.088040">
				<ele>1760.000000</ele>
			</trkpt>
			<trkpt lat="46.602676" lon="13.088086">
				<ele>1760.000000</ele>
			</trkpt>
			<trkpt lat="46.602669" lon="13.088122">
				<ele>1760.000000</ele>
			</trkpt>
			<trkpt lat="46.602669" lon="13.088193">
				<ele>1760.000000</ele>
			</trkpt>
			<trkpt lat="46.602620" lon="13.088346">
				<ele>1760.000000</ele>
			</trkpt>
			<trkpt lat="46.602558" lon="13.088526">
				<ele>1762.000000</ele>
			</trkpt>
			<trkpt lat="46.602515" lon="13.088598">
				<ele>1763.000000</ele>
			</trkpt>
			<trkpt lat="46.602484" lon="13.088615">
				<ele>1764.000000</ele>
			</trkpt>
			<trkpt lat="46.602459" lon="13.088678">
				<ele>1765.000000</ele>
			</trkpt>
			<trkpt lat="46.602472" lon="13.088822">
				<ele>1766.000000</ele>
			</trkpt>
			<trkpt lat="46.602472" lon="13.088921">
				<ele>1767.000000</ele>
			</trkpt>
			<trkpt lat="46.602447" lon="13.089047">
				<ele>1768.000000</ele>
			</trkpt>
			<trkpt lat="46.602404" lon="13.089128">
				<ele>1769.000000</ele>
			</trkpt>
			<trkpt lat="46.602348" lon="13.089199">
				<ele>1770.000000</ele>
			</trkpt>
			<trkpt lat="46.602299" lon="13.089262">
				<ele>1771.000000</ele>
			</trkpt>
			<trkpt lat="46.602268" lon="13.089298">
				<ele>1771.000000</ele>
			</trkpt>
			<trkpt lat="46.602200" lon="13.089468">
				<ele>1773.000000</ele>
			</trkpt>
			<trkpt lat="46.602181" lon="13.089675">
				<ele>1774.000000</ele>
			</trkpt>
			<trkpt lat="46.602126" lon="13.089891">
				<ele>1776.000000</ele>
			</trkpt>
			<trkpt lat="46.602132" lon="13.090250">
				<ele>1778.000000</ele>
			</trkpt>
			<trkpt lat="46.602120" lon="13.090331">
				<ele>1779.000000</ele>
			</trkpt>
			<trkpt lat="46.602102" lon="13.090394">
				<ele>1780.000000</ele>
			</trkpt>
			<trkpt lat="46.602058" lon="13.090466">
				<ele>1780.000000</ele>
			</trkpt>
			<trkpt lat="46.602021" lon="13.090537">
				<ele>1781.000000</ele>
			</trkpt>
			<trkpt lat="46.601996" lon="13.090619">
				<ele>1782.000000</ele>
			</trkpt>
			<trkpt lat="46.601965" lon="13.090663">
				<ele>1782.000000</ele>
			</trkpt>
			<trkpt lat="46.601842" lon="13.090826">
				<ele>1784.000000</ele>
			</trkpt>
			<trkpt lat="46.601780" lon="13.090942">
				<ele>1786.000000</ele>
			</trkpt>
			<trkpt lat="46.601638" lon="13.091049">
				<ele>1788.000000</ele>
			</trkpt>
			<trkpt lat="46.601601" lon="13.091076">
				<ele>1788.000000</ele>
			</trkpt>
			<trkpt lat="46.601564" lon="13.091086">
				<ele>1789.000000</ele>
			</trkpt>
			<trkpt lat="46.601497" lon="13.091103">
				<ele>1790.000000</ele>
			</trkpt>
			<trkpt lat="46.601441" lon="13.091166">
				<ele>1790.000000</ele>
			</trkpt>
			<trkpt lat="46.601422" lon="13.091212">
				<ele>1790.000000</ele>
			</trkpt>
			<trkpt lat="46.601416" lon="13.091256">
				<ele>1790.000000</ele>
			</trkpt>
			<trkpt lat="46.601410" lon="13.091319">
				<ele>1790.000000</ele>
			</trkpt>
			<trkpt lat="46.601391" lon="13.091373">
				<ele>1790.000000</ele>
			</trkpt>
			<trkpt lat="46.601355" lon="13.091463">
				<ele>1790.000000</ele>
			</trkpt>
			<trkpt lat="46.601231" lon="13.091598">
				<ele>1790.000000</ele>
			</trkpt>
			<trkpt lat="46.601194" lon="13.091678">
				<ele>1790.000000</ele>
			</trkpt>
			<trkpt lat="46.600984" lon="13.091912">
				<ele>1790.000000</ele>
			</trkpt>
			<trkpt lat="46.600904" lon="13.092110">
				<ele>1790.000000</ele>
			</trkpt>
			<trkpt lat="46.600892" lon="13.092137">
				<ele>1790.000000</ele>
			</trkpt>
			<trkpt lat="46.600848" lon="13.092325">
				<ele>1790.000000</ele>
			</trkpt>
			<trkpt lat="46.600682" lon="13.092829">
				<ele>1790.000000</ele>
			</trkpt>
			<trkpt lat="46.600651" lon="13.092963">
				<ele>1790.000000</ele>
			</trkpt>
			<trkpt lat="46.600614" lon="13.093044">
				<ele>1790.000000</ele>
			</trkpt>
			<trkpt lat="46.600602" lon="13.093179">
				<ele>1790.000000</ele>
			</trkpt>
			<trkpt lat="46.600571" lon="13.093313">
				<ele>1790.000000</ele>
			</trkpt>
			<trkpt lat="46.600571" lon="13.093376">
				<ele>1790.000000</ele>
			</trkpt>
			<trkpt lat="46.600515" lon="13.093512">
				<ele>1790.000000</ele>
			</trkpt>
			<trkpt lat="46.600496" lon="13.093636">
				<ele>1790.000000</ele>
			</trkpt>
			<trkpt lat="46.600355" lon="13.094059">
				<ele>1790.000000</ele>
			</trkpt>
			<trkpt lat="46.600249" lon="13.094202">
				<ele>1790.000000</ele>
			</trkpt>
			<trkpt lat="46.600231" lon="13.094265">
				<ele>1790.000000</ele>
			</trkpt>
			<trkpt lat="46.600015" lon="13.094589">
				<ele>1790.000000</ele>
			</trkpt>
			<trkpt lat="46.600003" lon="13.094670">
				<ele>1790.000000</ele>
			</trkpt>
			<trkpt lat="46.599929" lon="13.094841">
				<ele>1790.000000</ele>
			</trkpt>
			<trkpt lat="46.599929" lon="13.094904">
				<ele>1790.000000</ele>
			</trkpt>
			<trkpt lat="46.599842" lon="13.095137">
				<ele>1790.000000</ele>
			</trkpt>
			<trkpt lat="46.599787" lon="13.095227">
				<ele>1790.000000</ele>
			</trkpt>
			<trkpt lat="46.599743" lon="13.095281">
				<ele>1790.000000</ele>
			</trkpt>
			<trkpt lat="46.599657" lon="13.095334">
				<ele>1790.000000</ele>
			</trkpt>
			<trkpt lat="46.599639" lon="13.095407">
				<ele>1790.000000</ele>
			</trkpt>
			<trkpt lat="46.599571" lon="13.095470">
				<ele>1790.000000</ele>
			</trkpt>
			<trkpt lat="46.599552" lon="13.095533">
				<ele>1790.000000</ele>
			</trkpt>
			<trkpt lat="46.599546" lon="13.095631">
				<ele>1790.000000</ele>
			</trkpt>
			<trkpt lat="46.599527" lon="13.095730">
				<ele>1790.000000</ele>
			</trkpt>
			<trkpt lat="46.599484" lon="13.095802">
				<ele>1790.000000</ele>
			</trkpt>
			<trkpt lat="46.599448" lon="13.095936">
				<ele>1790.000000</ele>
			</trkpt>
			<trkpt lat="46.599355" lon="13.096107">
				<ele>1790.000000</ele>
			</trkpt>
			<trkpt lat="46.599342" lon="13.096242">
				<ele>1790.000000</ele>
			</trkpt>
			<trkpt lat="46.599293" lon="13.096431">
				<ele>1790.000000</ele>
			</trkpt>
			<trkpt lat="46.599182" lon="13.096655">
				<ele>1790.000000</ele>
			</trkpt>
			<trkpt lat="46.599120" lon="13.096818">
				<ele>1790.000000</ele>
			</trkpt>
			<trkpt lat="46.599022" lon="13.096934">
				<ele>1790.000000</ele>
			</trkpt>
			<trkpt lat="46.599022" lon="13.097078">
				<ele>1790.000000</ele>
			</trkpt>
			<trkpt lat="46.599077" lon="13.097311">
				<ele>1790.000000</ele>
			</trkpt>
			<trkpt lat="46.599028" lon="13.097518">
				<ele>1790.000000</ele>
			</trkpt>
			<trkpt lat="46.598916" lon="13.097527">
				<ele>1790.000000</ele>
			</trkpt>
			<trkpt lat="46.598725" lon="13.097607">
				<ele>1790.000000</ele>
			</trkpt>
			<trkpt lat="46.598707" lon="13.097644">
				<ele>1790.000000</ele>
			</trkpt>
			<trkpt lat="46.598564" lon="13.097715">
				<ele>1790.000000</ele>
			</trkpt>
			<trkpt lat="46.598521" lon="13.097760">
				<ele>1790.000000</ele>
			</trkpt>
			<trkpt lat="46.598429" lon="13.097724">
				<ele>1790.000000</ele>
			</trkpt>
			<trkpt lat="46.598342" lon="13.097751">
				<ele>1790.000000</ele>
			</trkpt>
			<trkpt lat="46.598293" lon="13.097850">
				<ele>1790.000000</ele>
			</trkpt>
			<trkpt lat="46.598312" lon="13.098084">
				<ele>1790.000000</ele>
			</trkpt>
			<trkpt lat="46.598287" lon="13.098164">
				<ele>1790.000000</ele>
			</trkpt>
			<trkpt lat="46.598219" lon="13.098236">
				<ele>1790.000000</ele>
			</trkpt>
			<trkpt lat="46.598194" lon="13.098308">
				<ele>1790.000000</ele>
			</trkpt>
			<trkpt lat="46.598188" lon="13.098613">
				<ele>1796.000000</ele>
			</trkpt>
			<trkpt lat="46.598163" lon="13.098757">
				<ele>1799.000000</ele>
			</trkpt>
			<trkpt lat="46.598157" lon="13.098902">
				<ele>1803.000000</ele>
			</trkpt>
			<trkpt lat="46.598102" lon="13.099225">
				<ele>1811.000000</ele>
			</trkpt>
			<trkpt lat="46.598052" lon="13.099431">
				<ele>1812.000000</ele>
			</trkpt>
			<trkpt lat="46.597996" lon="13.099655">
				<ele>1813.000000</ele>
			</trkpt>
			<trkpt lat="46.597960" lon="13.099862">
				<ele>1814.000000</ele>
			</trkpt>
			<trkpt lat="46.597904" lon="13.099952">
				<ele>1814.000000</ele>
			</trkpt>
			<trkpt lat="46.597880" lon="13.100042">
				<ele>1815.000000</ele>
			</trkpt>
			<trkpt lat="46.597849" lon="13.100095">
				<ele>1815.000000</ele>
			</trkpt>
			<trkpt lat="46.597799" lon="13.100231">
				<ele>1816.000000</ele>
			</trkpt>
			<trkpt lat="46.597744" lon="13.100321">
				<ele>1816.000000</ele>
			</trkpt>
			<trkpt lat="46.597738" lon="13.100374">
				<ele>1816.000000</ele>
			</trkpt>
			<trkpt lat="46.597756" lon="13.100420">
				<ele>1816.000000</ele>
			</trkpt>
			<trkpt lat="46.597768" lon="13.100491">
				<ele>1817.000000</ele>
			</trkpt>
			<trkpt lat="46.597768" lon="13.100563">
				<ele>1817.000000</ele>
			</trkpt>
			<trkpt lat="46.597750" lon="13.100634">
				<ele>1817.000000</ele>
			</trkpt>
			<trkpt lat="46.597701" lon="13.100707">
				<ele>1818.000000</ele>
			</trkpt>
			<trkpt lat="46.597707" lon="13.100797">
				<ele>1818.000000</ele>
			</trkpt>
			<trkpt lat="46.597707" lon="13.100833">
				<ele>1818.000000</ele>
			</trkpt>
			<trkpt lat="46.597688" lon="13.100877">
				<ele>1819.000000</ele>
			</trkpt>
			<trkpt lat="46.597663" lon="13.100950">
				<ele>1819.000000</ele>
			</trkpt>
			<trkpt lat="46.597626" lon="13.100967">
				<ele>1819.000000</ele>
			</trkpt>
			<trkpt lat="46.597601" lon="13.100967">
				<ele>1819.000000</ele>
			</trkpt>
			<trkpt lat="46.597577" lon="13.100967">
				<ele>1820.000000</ele>
			</trkpt>
			<trkpt lat="46.597565" lon="13.100986">
				<ele>1820.000000</ele>
			</trkpt>
			<trkpt lat="46.597528" lon="13.100986">
				<ele>1820.000000</ele>
			</trkpt>
			<trkpt lat="46.597484" lon="13.101093">
				<ele>1820.000000</ele>
			</trkpt>
			<trkpt lat="46.597484" lon="13.101137">
				<ele>1820.000000</ele>
			</trkpt>
			<trkpt lat="46.597441" lon="13.101246">
				<ele>1820.000000</ele>
			</trkpt>
			<trkpt lat="46.597441" lon="13.101290">
				<ele>1820.000000</ele>
			</trkpt>
			<trkpt lat="46.597422" lon="13.101443">
				<ele>1820.000000</ele>
			</trkpt>
			<trkpt lat="46.597392" lon="13.101489">
				<ele>1820.000000</ele>
			</trkpt>
			<trkpt lat="46.597380" lon="13.101552">
				<ele>1820.000000</ele>
			</trkpt>
			<trkpt lat="46.597373" lon="13.101632">
				<ele>1820.000000</ele>
			</trkpt>
			<trkpt lat="46.597373" lon="13.101695">
				<ele>1820.000000</ele>
			</trkpt>
			<trkpt lat="46.597392" lon="13.101739">
				<ele>1820.000000</ele>
			</trkpt>
			<trkpt lat="46.597386" lon="13.101776">
				<ele>1820.000000</ele>
			</trkpt>
			<trkpt lat="46.597380" lon="13.101839">
				<ele>1820.000000</ele>
			</trkpt>
			<trkpt lat="46.597355" lon="13.101875">
				<ele>1820.000000</ele>
			</trkpt>
			<trkpt lat="46.597355" lon="13.101902">
				<ele>1820.000000</ele>
			</trkpt>
			<trkpt lat="46.597349" lon="13.101938">
				<ele>1820.000000</ele>
			</trkpt>
			<trkpt lat="46.597337" lon="13.102018">
				<ele>1820.000000</ele>
			</trkpt>
			<trkpt lat="46.597274" lon="13.102171">
				<ele>1820.000000</ele>
			</trkpt>
			<trkpt lat="46.597243" lon="13.102207">
				<ele>1820.000000</ele>
			</trkpt>
			<trkpt lat="46.597213" lon="13.102252">
				<ele>1820.000000</ele>
			</trkpt>
			<trkpt lat="46.597188" lon="13.102315">
				<ele>1820.000000</ele>
			</trkpt>
			<trkpt lat="46.597213" lon="13.102351">
				<ele>1820.000000</ele>
			</trkpt>
			<trkpt lat="46.597231" lon="13.102387">
				<ele>1820.000000</ele>
			</trkpt>
			<trkpt lat="46.597213" lon="13.102531">
				<ele>1820.000000</ele>
			</trkpt>
			<trkpt lat="46.597194" lon="13.102629">
				<ele>1820.000000</ele>
			</trkpt>
			<trkpt lat="46.597139" lon="13.102737">
				<ele>1820.000000</ele>
			</trkpt>
			<trkpt lat="46.597071" lon="13.102898">
				<ele>1820.000000</ele>
			</trkpt>
			<trkpt lat="46.597046" lon="13.102934">
				<ele>1820.000000</ele>
			</trkpt>
			<trkpt lat="46.597015" lon="13.103007">
				<ele>1820.000000</ele>
			</trkpt>
			<trkpt lat="46.596966" lon="13.103078">
				<ele>1820.000000</ele>
			</trkpt>
			<trkpt lat="46.596948" lon="13.103168">
				<ele>1820.000000</ele>
			</trkpt>
			<trkpt lat="46.596929" lon="13.103204">
				<ele>1820.000000</ele>
			</trkpt>
			<trkpt lat="46.596892" lon="13.103366">
				<ele>1820.000000</ele>
			</trkpt>
			<trkpt lat="46.596873" lon="13.103393">
				<ele>1820.000000</ele>
			</trkpt>
			<trkpt lat="46.596855" lon="13.103437">
				<ele>1820.000000</ele>
			</trkpt>
			<trkpt lat="46.596836" lon="13.103473">
				<ele>1820.000000</ele>
			</trkpt>
			<trkpt lat="46.596824" lon="13.103537">
				<ele>1820.000000</ele>
			</trkpt>
			<trkpt lat="46.596756" lon="13.103626">
				<ele>1820.000000</ele>
			</trkpt>
			<trkpt lat="46.596719" lon="13.103689">
				<ele>1820.000000</ele>
			</trkpt>
			<trkpt lat="46.596694" lon="13.103787">
				<ele>1820.000000</ele>
			</trkpt>
			<trkpt lat="46.596602" lon="13.104003">
				<ele>1819.000000</ele>
			</trkpt>
			<trkpt lat="46.596602" lon="13.104057">
				<ele>1819.000000</ele>
			</trkpt>
			<trkpt lat="46.596596" lon="13.104112">
				<ele>1819.000000</ele>
			</trkpt>
			<trkpt lat="46.596571" lon="13.104156">
				<ele>1818.000000</ele>
			</trkpt>
			<trkpt lat="46.596565" lon="13.104202">
				<ele>1818.000000</ele>
			</trkpt>
			<trkpt lat="46.596559" lon="13.104246">
				<ele>1818.000000</ele>
			</trkpt>
			<trkpt lat="46.596559" lon="13.104300">
				<ele>1818.000000</ele>
			</trkpt>
			<trkpt lat="46.596552" lon="13.104336">
				<ele>1818.000000</ele>
			</trkpt>
			<trkpt lat="46.596546" lon="13.104399">
				<ele>1818.000000</ele>
			</trkpt>
			<trkpt lat="46.596534" lon="13.104426">
				<ele>1818.000000</ele>
			</trkpt>
			<trkpt lat="46.596540" lon="13.104471">
				<ele>1818.000000</ele>
			</trkpt>
			<trkpt lat="46.596515" lon="13.104533">
				<ele>1817.000000</ele>
			</trkpt>
			<trkpt lat="46.596528" lon="13.104605">
				<ele>1817.000000</ele>
			</trkpt>
			<trkpt lat="46.596509" lon="13.104651">
				<ele>1817.000000</ele>
			</trkpt>
			<trkpt lat="46.596515" lon="13.104678">
				<ele>1817.000000</ele>
			</trkpt>
			<trkpt lat="46.596484" lon="13.104785">
				<ele>1817.000000</ele>
			</trkpt>
			<trkpt lat="46.596484" lon="13.104821">
				<ele>1816.000000</ele>
			</trkpt>
			<trkpt lat="46.596460" lon="13.104947">
				<ele>1816.000000</ele>
			</trkpt>
			<trkpt lat="46.596441" lon="13.104992">
				<ele>1816.000000</ele>
			</trkpt>
			<trkpt lat="46.596429" lon="13.105037">
				<ele>1816.000000</ele>
			</trkpt>
			<trkpt lat="46.596429" lon="13.105108">
				<ele>1816.000000</ele>
			</trkpt>
			<trkpt lat="46.596423" lon="13.105234">
				<ele>1815.000000</ele>
			</trkpt>
			<trkpt lat="46.596423" lon="13.105351">
				<ele>1815.000000</ele>
			</trkpt>
			<trkpt lat="46.596435" lon="13.105441">
				<ele>1815.000000</ele>
			</trkpt>
			<trkpt lat="46.596453" lon="13.105495">
				<ele>1814.000000</ele>
			</trkpt>
			<trkpt lat="46.596441" lon="13.105584">
				<ele>1814.000000</ele>
			</trkpt>
			<trkpt lat="46.596447" lon="13.105630">
				<ele>1814.000000</ele>
			</trkpt>
			<trkpt lat="46.596460" lon="13.105674">
				<ele>1814.000000</ele>
			</trkpt>
			<trkpt lat="46.596453" lon="13.105720">
				<ele>1814.000000</ele>
			</trkpt>
			<trkpt lat="46.596521" lon="13.106250">
				<ele>1812.000000</ele>
			</trkpt>
			<trkpt lat="46.596552" lon="13.106429">
				<ele>1812.000000</ele>
			</trkpt>
			<trkpt lat="46.596584" lon="13.106492">
				<ele>1812.000000</ele>
			</trkpt>
			<trkpt lat="46.596602" lon="13.106510">
				<ele>1811.000000</ele>
			</trkpt>
			<trkpt lat="46.596639" lon="13.106527">
				<ele>1811.000000</ele>
			</trkpt>
			<trkpt lat="46.596651" lon="13.106537">
				<ele>1811.000000</ele>
			</trkpt>
			<trkpt lat="46.596669" lon="13.106555">
				<ele>1811.000000</ele>
			</trkpt>
			<trkpt lat="46.596719" lon="13.106645">
				<ele>1811.000000</ele>
			</trkpt>
			<trkpt lat="46.596731" lon="13.106689">
				<ele>1811.000000</ele>
			</trkpt>
			<trkpt lat="46.596744" lon="13.106735">
				<ele>1811.000000</ele>
			</trkpt>
			<trkpt lat="46.596750" lon="13.106816">
				<ele>1810.000000</ele>
			</trkpt>
			<trkpt lat="46.596775" lon="13.106869">
				<ele>1810.000000</ele>
			</trkpt>
			<trkpt lat="46.596824" lon="13.106923">
				<ele>1810.000000</ele>
			</trkpt>
			<trkpt lat="46.596861" lon="13.106976">
				<ele>1810.000000</ele>
			</trkpt>
			<trkpt lat="46.596917" lon="13.107121">
				<ele>1810.000000</ele>
			</trkpt>
			<trkpt lat="46.596923" lon="13.107166">
				<ele>1810.000000</ele>
			</trkpt>
			<trkpt lat="46.596923" lon="13.107219">
				<ele>1810.000000</ele>
			</trkpt>
			<trkpt lat="46.596904" lon="13.107301">
				<ele>1810.000000</ele>
			</trkpt>
			<trkpt lat="46.596886" lon="13.107498">
				<ele>1811.000000</ele>
			</trkpt>
			<trkpt lat="46.596867" lon="13.107588">
				<ele>1811.000000</ele>
			</trkpt>
			<trkpt lat="46.596848" lon="13.107642">
				<ele>1811.000000</ele>
			</trkpt>
			<trkpt lat="46.596818" lon="13.107705">
				<ele>1812.000000</ele>
			</trkpt>
			<trkpt lat="46.596793" lon="13.107731">
				<ele>1812.000000</ele>
			</trkpt>
			<trkpt lat="46.596775" lon="13.107777">
				<ele>1812.000000</ele>
			</trkpt>
			<trkpt lat="46.596750" lon="13.107848">
				<ele>1812.000000</ele>
			</trkpt>
			<trkpt lat="46.596762" lon="13.108045">
				<ele>1813.000000</ele>
			</trkpt>
			<trkpt lat="46.596762" lon="13.108100">
				<ele>1813.000000</ele>
			</trkpt>
			<trkpt lat="46.596806" lon="13.108414">
				<ele>1815.000000</ele>
			</trkpt>
			<trkpt lat="46.596830" lon="13.108468">
				<ele>1815.000000</ele>
			</trkpt>
			<trkpt lat="46.596861" lon="13.108531">
				<ele>1815.000000</ele>
			</trkpt>
			<trkpt lat="46.596879" lon="13.108584">
				<ele>1815.000000</ele>
			</trkpt>
			<trkpt lat="46.596892" lon="13.108639">
				<ele>1816.000000</ele>
			</trkpt>
			<trkpt lat="46.596898" lon="13.108674">
				<ele>1816.000000</ele>
			</trkpt>
			<trkpt lat="46.596892" lon="13.108720">
				<ele>1816.000000</ele>
			</trkpt>
			<trkpt lat="46.596873" lon="13.108774">
				<ele>1816.000000</ele>
			</trkpt>
			<trkpt lat="46.596848" lon="13.108827">
				<ele>1816.000000</ele>
			</trkpt>
			<trkpt lat="46.596830" lon="13.108881">
				<ele>1817.000000</ele>
			</trkpt>
			<trkpt lat="46.596836" lon="13.108909">
				<ele>1817.000000</ele>
			</trkpt>
			<trkpt lat="46.596842" lon="13.108936">
				<ele>1817.000000</ele>
			</trkpt>
			<trkpt lat="46.596917" lon="13.108944">
				<ele>1817.000000</ele>
			</trkpt>
			<trkpt lat="46.596948" lon="13.108963">
				<ele>1818.000000</ele>
			</trkpt>
			<trkpt lat="46.596979" lon="13.108989">
				<ele>1818.000000</ele>
			</trkpt>
			<trkpt lat="46.596985" lon="13.109026">
				<ele>1818.000000</ele>
			</trkpt>
			<trkpt lat="46.596985" lon="13.109079">
				<ele>1818.000000</ele>
			</trkpt>
			<trkpt lat="46.596997" lon="13.109124">
				<ele>1818.000000</ele>
			</trkpt>
			<trkpt lat="46.597052" lon="13.109142">
				<ele>1819.000000</ele>
			</trkpt>
			<trkpt lat="46.597077" lon="13.109150">
				<ele>1819.000000</ele>
			</trkpt>
			<trkpt lat="46.597096" lon="13.109169">
				<ele>1819.000000</ele>
			</trkpt>
			<trkpt lat="46.597108" lon="13.109187">
				<ele>1819.000000</ele>
			</trkpt>
			<trkpt lat="46.597108" lon="13.109223">
				<ele>1819.000000</ele>
			</trkpt>
			<trkpt lat="46.597077" lon="13.109295">
				<ele>1819.000000</ele>
			</trkpt>
			<trkpt lat="46.597058" lon="13.109349">
				<ele>1820.000000</ele>
			</trkpt>
			<trkpt lat="46.597065" lon="13.109412">
				<ele>1820.000000</ele>
			</trkpt>
			<trkpt lat="46.597108" lon="13.109555">
				<ele>1821.000000</ele>
			</trkpt>
			<trkpt lat="46.597145" lon="13.109653">
				<ele>1821.000000</ele>
			</trkpt>
			<trkpt lat="46.597158" lon="13.109690">
				<ele>1821.000000</ele>
			</trkpt>
			<trkpt lat="46.597164" lon="13.109743">
				<ele>1821.000000</ele>
			</trkpt>
			<trkpt lat="46.597164" lon="13.109842">
				<ele>1822.000000</ele>
			</trkpt>
			<trkpt lat="46.597182" lon="13.109905">
				<ele>1822.000000</ele>
			</trkpt>
			<trkpt lat="46.597207" lon="13.109959">
				<ele>1822.000000</ele>
			</trkpt>
			<trkpt lat="46.597250" lon="13.110005">
				<ele>1823.000000</ele>
			</trkpt>
			<trkpt lat="46.597281" lon="13.110095">
				<ele>1823.000000</ele>
			</trkpt>
			<trkpt lat="46.597293" lon="13.110175">
				<ele>1823.000000</ele>
			</trkpt>
			<trkpt lat="46.597299" lon="13.110247">
				<ele>1824.000000</ele>
			</trkpt>
			<trkpt lat="46.597268" lon="13.110481">
				<ele>1825.000000</ele>
			</trkpt>
			<trkpt lat="46.597243" lon="13.110660">
				<ele>1825.000000</ele>
			</trkpt>
			<trkpt lat="46.597225" lon="13.110768">
				<ele>1826.000000</ele>
			</trkpt>
			<trkpt lat="46.597219" lon="13.110821">
				<ele>1826.000000</ele>
			</trkpt>
			<trkpt lat="46.597194" lon="13.110867">
				<ele>1826.000000</ele>
			</trkpt>
			<trkpt lat="46.597164" lon="13.110921">
				<ele>1827.000000</ele>
			</trkpt>
			<trkpt lat="46.597139" lon="13.110965">
				<ele>1827.000000</ele>
			</trkpt>
			<trkpt lat="46.597102" lon="13.111020">
				<ele>1827.000000</ele>
			</trkpt>
			<trkpt lat="46.597046" lon="13.111074">
				<ele>1827.000000</ele>
			</trkpt>
			<trkpt lat="46.596997" lon="13.111100">
				<ele>1828.000000</ele>
			</trkpt>
			<trkpt lat="46.596985" lon="13.111118">
				<ele>1828.000000</ele>
			</trkpt>
			<trkpt lat="46.596979" lon="13.111154">
				<ele>1828.000000</ele>
			</trkpt>
			<trkpt lat="46.596997" lon="13.111200">
				<ele>1828.000000</ele>
			</trkpt>
			<trkpt lat="46.597071" lon="13.111261">
				<ele>1829.000000</ele>
			</trkpt>
			<trkpt lat="46.597133" lon="13.111289">
				<ele>1829.000000</ele>
			</trkpt>
			<trkpt lat="46.597145" lon="13.111316">
				<ele>1829.000000</ele>
			</trkpt>
			<trkpt lat="46.597158" lon="13.111351">
				<ele>1829.000000</ele>
			</trkpt>
			<trkpt lat="46.597170" lon="13.111406">
				<ele>1830.000000</ele>
			</trkpt>
			<trkpt lat="46.597188" lon="13.111424">
				<ele>1830.000000</ele>
			</trkpt>
			<trkpt lat="46.597213" lon="13.111406">
				<ele>1830.000000</ele>
			</trkpt>
			<trkpt lat="46.597250" lon="13.111397">
				<ele>1830.000000</ele>
			</trkpt>
			<trkpt lat="46.597268" lon="13.111414">
				<ele>1830.000000</ele>
			</trkpt>
			<trkpt lat="46.597281" lon="13.111469">
				<ele>1830.000000</ele>
			</trkpt>
			<trkpt lat="46.597318" lon="13.111576">
				<ele>1830.000000</ele>
			</trkpt>
			<trkpt lat="46.597330" lon="13.111693">
				<ele>1830.000000</ele>
			</trkpt>
			<trkpt lat="46.597367" lon="13.111766">
				<ele>1830.000000</ele>
			</trkpt>
			<trkpt lat="46.597435" lon="13.111855">
				<ele>1830.000000</ele>
			</trkpt>
			<trkpt lat="46.597491" lon="13.111926">
				<ele>1830.000000</ele>
			</trkpt>
			<trkpt lat="46.597540" lon="13.111980">
				<ele>1830.000000</ele>
			</trkpt>
			<trkpt lat="46.597589" lon="13.112062">
				<ele>1830.000000</ele>
			</trkpt>
			<trkpt lat="46.597632" lon="13.112142">
				<ele>1829.000000</ele>
			</trkpt>
			<trkpt lat="46.597639" lon="13.112268">
				<ele>1828.000000</ele>
			</trkpt>
			<trkpt lat="46.597632" lon="13.112385">
				<ele>1827.000000</ele>
			</trkpt>
			<trkpt lat="46.597614" lon="13.112492">
				<ele>1826.000000</ele>
			</trkpt>
			<trkpt lat="46.597595" lon="13.112601">
				<ele>1825.000000</ele>
			</trkpt>
			<trkpt lat="46.597595" lon="13.112672">
				<ele>1824.000000</ele>
			</trkpt>
			<trkpt lat="46.597595" lon="13.112753">
				<ele>1823.000000</ele>
			</trkpt>
			<trkpt lat="46.597601" lon="13.112798">
				<ele>1823.000000</ele>
			</trkpt>
			<trkpt lat="46.597614" lon="13.112834">
				<ele>1823.000000</ele>
			</trkpt>
			<trkpt lat="46.597614" lon="13.112852">
				<ele>1822.000000</ele>
			</trkpt>
			<trkpt lat="46.597601" lon="13.112959">
				<ele>1822.000000</ele>
			</trkpt>
			<trkpt lat="46.597595" lon="13.112995">
				<ele>1821.000000</ele>
			</trkpt>
			<trkpt lat="46.597601" lon="13.113032">
				<ele>1821.000000</ele>
			</trkpt>
			<trkpt lat="46.597601" lon="13.113068">
				<ele>1821.000000</ele>
			</trkpt>
			<trkpt lat="46.597577" lon="13.113131">
				<ele>1820.000000</ele>
			</trkpt>
			<trkpt lat="46.597559" lon="13.113229">
				<ele>1820.000000</ele>
			</trkpt>
			<trkpt lat="46.597559" lon="13.113310">
				<ele>1820.000000</ele>
			</trkpt>
			<trkpt lat="46.597632" lon="13.113374">
				<ele>1820.000000</ele>
			</trkpt>
			<trkpt lat="46.597670" lon="13.113408">
				<ele>1820.000000</ele>
			</trkpt>
			<trkpt lat="46.597694" lon="13.113445">
				<ele>1820.000000</ele>
			</trkpt>
			<trkpt lat="46.597701" lon="13.113481">
				<ele>1820.000000</ele>
			</trkpt>
			<trkpt lat="46.597701" lon="13.113525">
				<ele>1820.000000</ele>
			</trkpt>
			<trkpt lat="46.597682" lon="13.113597">
				<ele>1820.000000</ele>
			</trkpt>
			<trkpt lat="46.597657" lon="13.113651">
				<ele>1820.000000</ele>
			</trkpt>
			<trkpt lat="46.597651" lon="13.113678">
				<ele>1820.000000</ele>
			</trkpt>
			<trkpt lat="46.597639" lon="13.113750">
				<ele>1820.000000</ele>
			</trkpt>
			<trkpt lat="46.597632" lon="13.113804">
				<ele>1820.000000</ele>
			</trkpt>
			<trkpt lat="46.597632" lon="13.113903">
				<ele>1820.000000</ele>
			</trkpt>
			<trkpt lat="46.597626" lon="13.113957">
				<ele>1820.000000</ele>
			</trkpt>
			<trkpt lat="46.597595" lon="13.114056">
				<ele>1820.000000</ele>
			</trkpt>
			<trkpt lat="46.597565" lon="13.114154">
				<ele>1820.000000</ele>
			</trkpt>
			<trkpt lat="46.597553" lon="13.114236">
				<ele>1820.000000</ele>
			</trkpt>
			<trkpt lat="46.597559" lon="13.114289">
				<ele>1820.000000</ele>
			</trkpt>
			<trkpt lat="46.597571" lon="13.114353">
				<ele>1820.000000</ele>
			</trkpt>
			<trkpt lat="46.597601" lon="13.114469">
				<ele>1820.000000</ele>
			</trkpt>
			<trkpt lat="46.597608" lon="13.114559">
				<ele>1820.000000</ele>
			</trkpt>
			<trkpt lat="46.597601" lon="13.114622">
				<ele>1820.000000</ele>
			</trkpt>
			<trkpt lat="46.597589" lon="13.114676">
				<ele>1820.000000</ele>
			</trkpt>
			<trkpt lat="46.597553" lon="13.114756">
				<ele>1820.000000</ele>
			</trkpt>
			<trkpt lat="46.597540" lon="13.114829">
				<ele>1820.000000</ele>
			</trkpt>
			<trkpt lat="46.597534" lon="13.114900">
				<ele>1820.000000</ele>
			</trkpt>
			<trkpt lat="46.597540" lon="13.114953">
				<ele>1820.000000</ele>
			</trkpt>
			<trkpt lat="46.597565" lon="13.115035">
				<ele>1820.000000</ele>
			</trkpt>
			<trkpt lat="46.597601" lon="13.115089">
				<ele>1820.000000</ele>
			</trkpt>
			<trkpt lat="46.597676" lon="13.115179">
				<ele>1820.000000</ele>
			</trkpt>
			<trkpt lat="46.597707" lon="13.115205">
				<ele>1820.000000</ele>
			</trkpt>
			<trkpt lat="46.597873" lon="13.115259">
				<ele>1819.000000</ele>
			</trkpt>
			<trkpt lat="46.597911" lon="13.115286">
				<ele>1819.000000</ele>
			</trkpt>
			<trkpt lat="46.597947" lon="13.115332">
				<ele>1819.000000</ele>
			</trkpt>
			<trkpt lat="46.597966" lon="13.115385">
				<ele>1818.000000</ele>
			</trkpt>
			<trkpt lat="46.597972" lon="13.115421">
				<ele>1818.000000</ele>
			</trkpt>
			<trkpt lat="46.597984" lon="13.115529">
				<ele>1817.000000</ele>
			</trkpt>
			<trkpt lat="46.597984" lon="13.115592">
				<ele>1817.000000</ele>
			</trkpt>
			<trkpt lat="46.597972" lon="13.115645">
				<ele>1817.000000</ele>
			</trkpt>
			<trkpt lat="46.597972" lon="13.115745">
				<ele>1816.000000</ele>
			</trkpt>
			<trkpt lat="46.597966" lon="13.115789">
				<ele>1816.000000</ele>
			</trkpt>
			<trkpt lat="46.597960" lon="13.115834">
				<ele>1816.000000</ele>
			</trkpt>
			<trkpt lat="46.597966" lon="13.115871">
				<ele>1815.000000</ele>
			</trkpt>
			<trkpt lat="46.597978" lon="13.115879">
				<ele>1815.000000</ele>
			</trkpt>
			<trkpt lat="46.597990" lon="13.115897">
				<ele>1815.000000</ele>
			</trkpt>
			<trkpt lat="46.598009" lon="13.115897">
				<ele>1815.000000</ele>
			</trkpt>
			<trkpt lat="46.598052" lon="13.115915">
				<ele>1815.000000</ele>
			</trkpt>
			<trkpt lat="46.598071" lon="13.115924">
				<ele>1814.000000</ele>
			</trkpt>
			<trkpt lat="46.598102" lon="13.115942">
				<ele>1814.000000</ele>
			</trkpt>
			<trkpt lat="46.598096" lon="13.115961">
				<ele>1814.000000</ele>
			</trkpt>
			<trkpt lat="46.598096" lon="13.115969">
				<ele>1814.000000</ele>
			</trkpt>
			<trkpt lat="46.598127" lon="13.116041">
				<ele>1813.000000</ele>
			</trkpt>
			<trkpt lat="46.598145" lon="13.116104">
				<ele>1813.000000</ele>
			</trkpt>
			<trkpt lat="46.598114" lon="13.116211">
				<ele>1812.000000</ele>
			</trkpt>
			<trkpt lat="46.598083" lon="13.116284">
				<ele>1812.000000</ele>
			</trkpt>
			<trkpt lat="46.598040" lon="13.116383">
				<ele>1811.000000</ele>
			</trkpt>
			<trkpt lat="46.598028" lon="13.116445">
				<ele>1811.000000</ele>
			</trkpt>
			<trkpt lat="46.598083" lon="13.116571">
				<ele>1810.000000</ele>
			</trkpt>
			<trkpt lat="46.598120" lon="13.116867">
				<ele>1807.000000</ele>
			</trkpt>
			<trkpt lat="46.598127" lon="13.116957">
				<ele>1806.000000</ele>
			</trkpt>
			<trkpt lat="46.598096" lon="13.117047">
				<ele>1805.000000</ele>
			</trkpt>
			<trkpt lat="46.598077" lon="13.117127">
				<ele>1804.000000</ele>
			</trkpt>
			<trkpt lat="46.598015" lon="13.117209">
				<ele>1803.000000</ele>
			</trkpt>
			<trkpt lat="46.597960" lon="13.117290">
				<ele>1802.000000</ele>
			</trkpt>
			<trkpt lat="46.597904" lon="13.117316">
				<ele>1801.000000</ele>
			</trkpt>
			<trkpt lat="46.597836" lon="13.117353">
				<ele>1800.000000</ele>
			</trkpt>
			<trkpt lat="46.597768" lon="13.117397">
				<ele>1799.000000</ele>
			</trkpt>
			<trkpt lat="46.597732" lon="13.117442">
				<ele>1798.000000</ele>
			</trkpt>
			<trkpt lat="46.597682" lon="13.117505">
				<ele>1797.000000</ele>
			</trkpt>
			<trkpt lat="46.597632" lon="13.117532">
				<ele>1796.000000</ele>
			</trkpt>
			<trkpt lat="46.597595" lon="13.117568">
				<ele>1795.000000</ele>
			</trkpt>
			<trkpt lat="46.597601" lon="13.117666">
				<ele>1794.000000</ele>
			</trkpt>
			<trkpt lat="46.597626" lon="13.117783">
				<ele>1792.000000</ele>
			</trkpt>
			<trkpt lat="46.597657" lon="13.117873">
				<ele>1791.000000</ele>
			</trkpt>
			<trkpt lat="46.597657" lon="13.117909">
				<ele>1791.000000</ele>
			</trkpt>
			<trkpt lat="46.597626" lon="13.118018">
				<ele>1789.000000</ele>
			</trkpt>
			<trkpt lat="46.597601" lon="13.118142">
				<ele>1787.000000</ele>
			</trkpt>
			<trkpt lat="46.597528" lon="13.118314">
				<ele>1783.000000</ele>
			</trkpt>
			<trkpt lat="46.597466" lon="13.118377">
				<ele>1782.000000</ele>
			</trkpt>
			<trkpt lat="46.597453" lon="13.118404">
				<ele>1781.000000</ele>
			</trkpt>
			<trkpt lat="46.597453" lon="13.118412">
				<ele>1781.000000</ele>
			</trkpt>
			<trkpt lat="46.597466" lon="13.118439">
				<ele>1780.000000</ele>
			</trkpt>
			<trkpt lat="46.597522" lon="13.118502">
				<ele>1779.000000</ele>
			</trkpt>
			<trkpt lat="46.597534" lon="13.118529">
				<ele>1778.000000</ele>
			</trkpt>
			<trkpt lat="46.597559" lon="13.118538">
				<ele>1777.000000</ele>
			</trkpt>
			<trkpt lat="46.597601" lon="13.118547">
				<ele>1776.000000</ele>
			</trkpt>
			<trkpt lat="46.597651" lon="13.118547">
				<ele>1775.000000</ele>
			</trkpt>
			<trkpt lat="46.597670" lon="13.118574">
				<ele>1775.000000</ele>
			</trkpt>
			<trkpt lat="46.597688" lon="13.118601">
				<ele>1774.000000</ele>
			</trkpt>
			<trkpt lat="46.597694" lon="13.118628">
				<ele>1773.000000</ele>
			</trkpt>
			<trkpt lat="46.597701" lon="13.118645">
				<ele>1773.000000</ele>
			</trkpt>
			<trkpt lat="46.597694" lon="13.118682">
				<ele>1772.000000</ele>
			</trkpt>
			<trkpt lat="46.597682" lon="13.118691">
				<ele>1772.000000</ele>
			</trkpt>
			<trkpt lat="46.597657" lon="13.118700">
				<ele>1772.000000</ele>
			</trkpt>
			<trkpt lat="46.597559" lon="13.118718">
				<ele>1769.000000</ele>
			</trkpt>
			<trkpt lat="46.597410" lon="13.118781">
				<ele>1767.000000</ele>
			</trkpt>
			<trkpt lat="46.597312" lon="13.118798">
				<ele>1765.000000</ele>
			</trkpt>
			<trkpt lat="46.597243" lon="13.118808">
				<ele>1763.000000</ele>
			</trkpt>
			<trkpt lat="46.597194" lon="13.118844">
				<ele>1762.000000</ele>
			</trkpt>
			<trkpt lat="46.597145" lon="13.118943">
				<ele>1761.000000</ele>
			</trkpt>
			<trkpt lat="46.597114" lon="13.119077">
				<ele>1759.000000</ele>
			</trkpt>
			<trkpt lat="46.597089" lon="13.119203">
				<ele>1758.000000</ele>
			</trkpt>
			<trkpt lat="46.597114" lon="13.119337">
				<ele>1756.000000</ele>
			</trkpt>
			<trkpt lat="46.597133" lon="13.119400">
				<ele>1755.000000</ele>
			</trkpt>
			<trkpt lat="46.597145" lon="13.119463">
				<ele>1754.000000</ele>
			</trkpt>
			<trkpt lat="46.597164" lon="13.119509">
				<ele>1754.000000</ele>
			</trkpt>
			<trkpt lat="46.597256" lon="13.119607">
				<ele>1751.000000</ele>
			</trkpt>
			<trkpt lat="46.597386" lon="13.119805">
				<ele>1749.000000</ele>
			</trkpt>
			<trkpt lat="46.597429" lon="13.119903">
				<ele>1748.000000</ele>
			</trkpt>
			<trkpt lat="46.597546" lon="13.120083">
				<ele>1746.000000</ele>
			</trkpt>
			<trkpt lat="46.597577" lon="13.120110">
				<ele>1745.000000</ele>
			</trkpt>
			<trkpt lat="46.597589" lon="13.120129">
				<ele>1745.000000</ele>
			</trkpt>
			<trkpt lat="46.597601" lon="13.120165">
				<ele>1745.000000</ele>
			</trkpt>
			<trkpt lat="46.597626" lon="13.120200">
				<ele>1744.000000</ele>
			</trkpt>
			<trkpt lat="46.597651" lon="13.120290">
				<ele>1744.000000</ele>
			</trkpt>
			<trkpt lat="46.598083" lon="13.120362">
				<ele>1739.000000</ele>
			</trkpt>
			<trkpt lat="46.598194" lon="13.120433">
				<ele>1737.000000</ele>
			</trkpt>
			<trkpt lat="46.598219" lon="13.120496">
				<ele>1737.000000</ele>
			</trkpt>
			<trkpt lat="46.598244" lon="13.120532">
				<ele>1736.000000</ele>
			</trkpt>
			<trkpt lat="46.598262" lon="13.120613">
				<ele>1736.000000</ele>
			</trkpt>
			<trkpt lat="46.598262" lon="13.120668">
				<ele>1735.000000</ele>
			</trkpt>
			<trkpt lat="46.598281" lon="13.120703">
				<ele>1735.000000</ele>
			</trkpt>
			<trkpt lat="46.598281" lon="13.120748">
				<ele>1735.000000</ele>
			</trkpt>
			<trkpt lat="46.598336" lon="13.120819">
				<ele>1734.000000</ele>
			</trkpt>
			<trkpt lat="46.598379" lon="13.120819">
				<ele>1733.000000</ele>
			</trkpt>
			<trkpt lat="46.598404" lon="13.120793">
				<ele>1733.000000</ele>
			</trkpt>
			<trkpt lat="46.598429" lon="13.120721">
				<ele>1732.000000</ele>
			</trkpt>
			<trkpt lat="46.598447" lon="13.120676">
				<ele>1732.000000</ele>
			</trkpt>
			<trkpt lat="46.598466" lon="13.120676">
				<ele>1732.000000</ele>
			</trkpt>
			<trkpt lat="46.598491" lon="13.120721">
				<ele>1731.000000</ele>
			</trkpt>
			<trkpt lat="46.598515" lon="13.120758">
				<ele>1731.000000</ele>
			</trkpt>
			<trkpt lat="46.598546" lon="13.120909">
				<ele>1730.000000</ele>
			</trkpt>
			<trkpt lat="46.598528" lon="13.120999">
				<ele>1730.000000</ele>
			</trkpt>
			<trkpt lat="46.598447" lon="13.121171">
				<ele>1730.000000</ele>
			</trkpt>
			<trkpt lat="46.598447" lon="13.121215">
				<ele>1730.000000</ele>
			</trkpt>
			<trkpt lat="46.598423" lon="13.121287">
				<ele>1730.000000</ele>
			</trkpt>
			<trkpt lat="46.598410" lon="13.121358">
				<ele>1730.000000</ele>
			</trkpt>
			<trkpt lat="46.598410" lon="13.121440">
				<ele>1730.000000</ele>
			</trkpt>
			<trkpt lat="46.598336" lon="13.121628">
				<ele>1730.000000</ele>
			</trkpt>
			<trkpt lat="46.598342" lon="13.121674">
				<ele>1730.000000</ele>
			</trkpt>
			<trkpt lat="46.598342" lon="13.121754">
				<ele>1730.000000</ele>
			</trkpt>
			<trkpt lat="46.598336" lon="13.121808">
				<ele>1730.000000</ele>
			</trkpt>
			<trkpt lat="46.598336" lon="13.121898">
				<ele>1730.000000</ele>
			</trkpt>
			<trkpt lat="46.598330" lon="13.121979">
				<ele>1730.000000</ele>
			</trkpt>
			<trkpt lat="46.598330" lon="13.122014">
				<ele>1730.000000</ele>
			</trkpt>
			<trkpt lat="46.598348" lon="13.122159">
				<ele>1730.000000</ele>
			</trkpt>
			<trkpt lat="46.598342" lon="13.122186">
				<ele>1730.000000</ele>
			</trkpt>
			<trkpt lat="46.598348" lon="13.122427">
				<ele>1730.000000</ele>
			</trkpt>
			<trkpt lat="46.598342" lon="13.122455">
				<ele>1730.000000</ele>
			</trkpt>
			<trkpt lat="46.598348" lon="13.122509">
				<ele>1730.000000</ele>
			</trkpt>
			<trkpt lat="46.598330" lon="13.122536">
				<ele>1730.000000</ele>
			</trkpt>
			<trkpt lat="46.598318" lon="13.122572">
				<ele>1730.000000</ele>
			</trkpt>
			<trkpt lat="46.598379" lon="13.122643">
				<ele>1730.000000</ele>
			</trkpt>
			<trkpt lat="46.598398" lon="13.122653">
				<ele>1730.000000</ele>
			</trkpt>
			<trkpt lat="46.598429" lon="13.122706">
				<ele>1730.000000</ele>
			</trkpt>
			<trkpt lat="46.598447" lon="13.122725">
				<ele>1730.000000</ele>
			</trkpt>
			<trkpt lat="46.598534" lon="13.122742">
				<ele>1730.000000</ele>
			</trkpt>
			<trkpt lat="46.598583" lon="13.122806">
				<ele>1729.000000</ele>
			</trkpt>
			<trkpt lat="46.598639" lon="13.122823">
				<ele>1728.000000</ele>
			</trkpt>
			<trkpt lat="46.598651" lon="13.122877">
				<ele>1727.000000</ele>
			</trkpt>
			<trkpt lat="46.598651" lon="13.122913">
				<ele>1727.000000</ele>
			</trkpt>
			<trkpt lat="46.598626" lon="13.122922">
				<ele>1726.000000</ele>
			</trkpt>
			<trkpt lat="46.598633" lon="13.123003">
				<ele>1725.000000</ele>
			</trkpt>
			<trkpt lat="46.598651" lon="13.123021">
				<ele>1725.000000</ele>
			</trkpt>
			<trkpt lat="46.598664" lon="13.123066">
				<ele>1724.000000</ele>
			</trkpt>
			<trkpt lat="46.598707" lon="13.123156">
				<ele>1723.000000</ele>
			</trkpt>
			<trkpt lat="46.598707" lon="13.123173">
				<ele>1723.000000</ele>
			</trkpt>
			<trkpt lat="46.598731" lon="13.123219">
				<ele>1722.000000</ele>
			</trkpt>
			<trkpt lat="46.598737" lon="13.123291">
				<ele>1721.000000</ele>
			</trkpt>
			<trkpt lat="46.598731" lon="13.123362">
				<ele>1720.000000</ele>
			</trkpt>
			<trkpt lat="46.598731" lon="13.123434">
				<ele>1719.000000</ele>
			</trkpt>
			<trkpt lat="46.598737" lon="13.123506">
				<ele>1718.000000</ele>
			</trkpt>
			<trkpt lat="46.598749" lon="13.123578">
				<ele>1717.000000</ele>
			</trkpt>
			<trkpt lat="46.598793" lon="13.123614">
				<ele>1716.000000</ele>
			</trkpt>
			<trkpt lat="46.598812" lon="13.123622">
				<ele>1716.000000</ele>
			</trkpt>
			<trkpt lat="46.598830" lon="13.123641">
				<ele>1716.000000</ele>
			</trkpt>
			<trkpt lat="46.598849" lon="13.123649">
				<ele>1715.000000</ele>
			</trkpt>
			<trkpt lat="46.598867" lon="13.123641">
				<ele>1715.000000</ele>
			</trkpt>
			<trkpt lat="46.598904" lon="13.123658">
				<ele>1714.000000</ele>
			</trkpt>
			<trkpt lat="46.598947" lon="13.123649">
				<ele>1713.000000</ele>
			</trkpt>
			<trkpt lat="46.598941" lon="13.123685">
				<ele>1713.000000</ele>
			</trkpt>
			<trkpt lat="46.598898" lon="13.123739">
				<ele>1712.000000</ele>
			</trkpt>
			<trkpt lat="46.598898" lon="13.123821">
				<ele>1711.000000</ele>
			</trkpt>
			<trkpt lat="46.598849" lon="13.124035">
				<ele>1707.000000</ele>
			</trkpt>
			<trkpt lat="46.598812" lon="13.124035">
				<ele>1706.000000</ele>
			</trkpt>
			<trkpt lat="46.598799" lon="13.124054">
				<ele>1706.000000</ele>
			</trkpt>
			<trkpt lat="46.598799" lon="13.124081">
				<ele>1705.000000</ele>
			</trkpt>
			<trkpt lat="46.598781" lon="13.124135">
				<ele>1704.000000</ele>
			</trkpt>
			<trkpt lat="46.598749" lon="13.124144">
				<ele>1704.000000</ele>
			</trkpt>
			<trkpt lat="46.598719" lon="13.124188">
				<ele>1703.000000</ele>
			</trkpt>
			<trkpt lat="46.598682" lon="13.124251">
				<ele>1701.000000</ele>
			</trkpt>
			<trkpt lat="46.598664" lon="13.124251">
				<ele>1701.000000</ele>
			</trkpt>
			<trkpt lat="46.598645" lon="13.124243">
				<ele>1700.000000</ele>
			</trkpt>
			<trkpt lat="46.598521" lon="13.124261">
				<ele>1698.000000</ele>
			</trkpt>
			<trkpt lat="46.598466" lon="13.124224">
				<ele>1696.000000</ele>
			</trkpt>
			<trkpt lat="46.598355" lon="13.124297">
				<ele>1693.000000</ele>
			</trkpt>
			<trkpt lat="46.598330" lon="13.124270">
				<ele>1692.000000</ele>
			</trkpt>
			<trkpt lat="46.598293" lon="13.124243">
				<ele>1691.000000</ele>
			</trkpt>
			<trkpt lat="46.598262" lon="13.124261">
				<ele>1691.000000</ele>
			</trkpt>
			<trkpt lat="46.598244" lon="13.124243">
				<ele>1690.000000</ele>
			</trkpt>
			<trkpt lat="46.598231" lon="13.124251">
				<ele>1690.000000</ele>
			</trkpt>
			<trkpt lat="46.598231" lon="13.124305">
				<ele>1688.000000</ele>
			</trkpt>
			<trkpt lat="46.598200" lon="13.124333">
				<ele>1687.000000</ele>
			</trkpt>
			<trkpt lat="46.598108" lon="13.124333">
				<ele>1683.000000</ele>
			</trkpt>
			<trkpt lat="46.598108" lon="13.124360">
				<ele>1682.000000</ele>
			</trkpt>
			<trkpt lat="46.598139" lon="13.124404">
				<ele>1680.000000</ele>
			</trkpt>
			<trkpt lat="46.598145" lon="13.124467">
				<ele>1679.000000</ele>
			</trkpt>
			<trkpt lat="46.598157" lon="13.124513">
				<ele>1678.000000</ele>
			</trkpt>
			<trkpt lat="46.598145" lon="13.124513">
				<ele>1677.000000</ele>
			</trkpt>
			<trkpt lat="46.598090" lon="13.124467">
				<ele>1675.000000</ele>
			</trkpt>
			<trkpt lat="46.598052" lon="13.124450">
				<ele>1674.000000</ele>
			</trkpt>
			<trkpt lat="46.597984" lon="13.124450">
				<ele>1672.000000</ele>
			</trkpt>
			<trkpt lat="46.597929" lon="13.124485">
				<ele>1670.000000</ele>
			</trkpt>
			<trkpt lat="46.597898" lon="13.124540">
				<ele>1668.000000</ele>
			</trkpt>
			<trkpt lat="46.597892" lon="13.124574">
				<ele>1668.000000</ele>
			</trkpt>
			<trkpt lat="46.597911" lon="13.124620">
				<ele>1666.000000</ele>
			</trkpt>
			<trkpt lat="46.597923" lon="13.124683">
				<ele>1665.000000</ele>
			</trkpt>
			<trkpt lat="46.597892" lon="13.124890">
				<ele>1660.000000</ele>
			</trkpt>
			<trkpt lat="46.597849" lon="13.124989">
				<ele>1659.000000</ele>
			</trkpt>
			<trkpt lat="46.597849" lon="13.125016">
				<ele>1658.000000</ele>
			</trkpt>
			<trkpt lat="46.597855" lon="13.125042">
				<ele>1658.000000</ele>
			</trkpt>
			<trkpt lat="46.597842" lon="13.125077">
				<ele>1657.000000</ele>
			</trkpt>
			<trkpt lat="46.597830" lon="13.125140">
				<ele>1656.000000</ele>
			</trkpt>
			<trkpt lat="46.597818" lon="13.125150">
				<ele>1656.000000</ele>
			</trkpt>
			<trkpt lat="46.597793" lon="13.125177">
				<ele>1655.000000</ele>
			</trkpt>
			<trkpt lat="46.597774" lon="13.125257">
				<ele>1654.000000</ele>
			</trkpt>
			<trkpt lat="46.597793" lon="13.125429">
				<ele>1651.000000</ele>
			</trkpt>
			<trkpt lat="46.597768" lon="13.125582">
				<ele>1648.000000</ele>
			</trkpt>
			<trkpt lat="46.597781" lon="13.125698">
				<ele>1645.000000</ele>
			</trkpt>
			<trkpt lat="46.597805" lon="13.125733">
				<ele>1644.000000</ele>
			</trkpt>
			<trkpt lat="46.597811" lon="13.125806">
				<ele>1643.000000</ele>
			</trkpt>
			<trkpt lat="46.597799" lon="13.125851">
				<ele>1642.000000</ele>
			</trkpt>
			<trkpt lat="46.597793" lon="13.125895">
				<ele>1640.000000</ele>
			</trkpt>
			<trkpt lat="46.597744" lon="13.126012">
				<ele>1638.000000</ele>
			</trkpt>
			<trkpt lat="46.597713" lon="13.126031">
				<ele>1637.000000</ele>
			</trkpt>
			<trkpt lat="46.597688" lon="13.126075">
				<ele>1636.000000</ele>
			</trkpt>
			<trkpt lat="46.597639" lon="13.126111">
				<ele>1634.000000</ele>
			</trkpt>
			<trkpt lat="46.597528" lon="13.126452">
				<ele>1628.000000</ele>
			</trkpt>
			<trkpt lat="46.597515" lon="13.126551">
				<ele>1626.000000</ele>
			</trkpt>
			<trkpt lat="46.597503" lon="13.126578">
				<ele>1626.000000</ele>
			</trkpt>
			<trkpt lat="46.597466" lon="13.126677">
				<ele>1624.000000</ele>
			</trkpt>
			<trkpt lat="46.597466" lon="13.126722">
				<ele>1623.000000</ele>
			</trkpt>
			<trkpt lat="46.597497" lon="13.126811">
				<ele>1622.000000</ele>
			</trkpt>
			<trkpt lat="46.597472" lon="13.126920">
				<ele>1620.000000</ele>
			</trkpt>
			<trkpt lat="46.597478" lon="13.127018">
				<ele>1619.000000</ele>
			</trkpt>
			<trkpt lat="46.597441" lon="13.127108">
				<ele>1617.000000</ele>
			</trkpt>
			<trkpt lat="46.597410" lon="13.127153">
				<ele>1617.000000</ele>
			</trkpt>
			<trkpt lat="46.597373" lon="13.127163">
				<ele>1616.000000</ele>
			</trkpt>
			<trkpt lat="46.597361" lon="13.127190">
				<ele>1615.000000</ele>
			</trkpt>
			<trkpt lat="46.597367" lon="13.127261">
				<ele>1614.000000</ele>
			</trkpt>
			<trkpt lat="46.597337" lon="13.127360">
				<ele>1613.000000</ele>
			</trkpt>
			<trkpt lat="46.597355" lon="13.127423">
				<ele>1612.000000</ele>
			</trkpt>
			<trkpt lat="46.597367" lon="13.127494">
				<ele>1611.000000</ele>
			</trkpt>
			<trkpt lat="46.597392" lon="13.127584">
				<ele>1610.000000</ele>
			</trkpt>
			<trkpt lat="46.597422" lon="13.127656">
				<ele>1609.000000</ele>
			</trkpt>
			<trkpt lat="46.597460" lon="13.127790">
				<ele>1608.000000</ele>
			</trkpt>
			<trkpt lat="46.597478" lon="13.127926">
				<ele>1607.000000</ele>
			</trkpt>
			<trkpt lat="46.597478" lon="13.128043">
				<ele>1607.000000</ele>
			</trkpt>
			<trkpt lat="46.597472" lon="13.128132">
				<ele>1606.000000</ele>
			</trkpt>
			<trkpt lat="46.597447" lon="13.128348">
				<ele>1604.000000</ele>
			</trkpt>
			<trkpt lat="46.597429" lon="13.128393">
				<ele>1604.000000</ele>
			</trkpt>
			<trkpt lat="46.597386" lon="13.128456">
				<ele>1603.000000</ele>
			</trkpt>
			<trkpt lat="46.597355" lon="13.128528">
				<ele>1603.000000</ele>
			</trkpt>
			<trkpt lat="46.597287" lon="13.128635">
				<ele>1602.000000</ele>
			</trkpt>
			<trkpt lat="46.597281" lon="13.128725">
				<ele>1601.000000</ele>
			</trkpt>
			<trkpt lat="46.597287" lon="13.128859">
				<ele>1600.000000</ele>
			</trkpt>
			<trkpt lat="46.597262" lon="13.128905">
				<ele>1600.000000</ele>
			</trkpt>
			<trkpt lat="46.597268" lon="13.129004">
				<ele>1598.000000</ele>
			</trkpt>
			<trkpt lat="46.597256" lon="13.129075">
				<ele>1596.000000</ele>
			</trkpt>
			<trkpt lat="46.597262" lon="13.129157">
				<ele>1595.000000</ele>
			</trkpt>
			<trkpt lat="46.597243" lon="13.129219">
				<ele>1594.000000</ele>
			</trkpt>
			<trkpt lat="46.597250" lon="13.129291">
				<ele>1592.000000</ele>
			</trkpt>
			<trkpt lat="46.597274" lon="13.129327">
				<ele>1591.000000</ele>
			</trkpt>
			<trkpt lat="46.597268" lon="13.129398">
				<ele>1590.000000</ele>
			</trkpt>
			<trkpt lat="46.597274" lon="13.129435">
				<ele>1589.000000</ele>
			</trkpt>
			<trkpt lat="46.597268" lon="13.129524">
				<ele>1588.000000</ele>
			</trkpt>
			<trkpt lat="46.597213" lon="13.129704">
				<ele>1584.000000</ele>
			</trkpt>
			<trkpt lat="46.597219" lon="13.129731">
				<ele>1584.000000</ele>
			</trkpt>
			<trkpt lat="46.597200" lon="13.129740">
				<ele>1583.000000</ele>
			</trkpt>
			<trkpt lat="46.597194" lon="13.129777">
				<ele>1583.000000</ele>
			</trkpt>
			<trkpt lat="46.597200" lon="13.129803">
				<ele>1582.000000</ele>
			</trkpt>
			<trkpt lat="46.597231" lon="13.129830">
				<ele>1581.000000</ele>
			</trkpt>
			<trkpt lat="46.597250" lon="13.129830">
				<ele>1581.000000</ele>
			</trkpt>
			<trkpt lat="46.597250" lon="13.129848">
				<ele>1580.000000</ele>
			</trkpt>
			<trkpt lat="46.597225" lon="13.129893">
				<ele>1579.000000</ele>
			</trkpt>
			<trkpt lat="46.597231" lon="13.129911">
				<ele>1579.000000</ele>
			</trkpt>
			<trkpt lat="46.597225" lon="13.129974">
				<ele>1578.000000</ele>
			</trkpt>
			<trkpt lat="46.597213" lon="13.130001">
				<ele>1577.000000</ele>
			</trkpt>
			<trkpt lat="46.597194" lon="13.130090">
				<ele>1576.000000</ele>
			</trkpt>
			<trkpt lat="46.597158" lon="13.130153">
				<ele>1574.000000</ele>
			</trkpt>
			<trkpt lat="46.597133" lon="13.130171">
				<ele>1573.000000</ele>
			</trkpt>
			<trkpt lat="46.597102" lon="13.130180">
				<ele>1573.000000</ele>
			</trkpt>
			<trkpt lat="46.597089" lon="13.130207">
				<ele>1572.000000</ele>
			</trkpt>
			<trkpt lat="46.597089" lon="13.130226">
				<ele>1572.000000</ele>
			</trkpt>
			<trkpt lat="46.597139" lon="13.130343">
				<ele>1569.000000</ele>
			</trkpt>
			<trkpt lat="46.597200" lon="13.130369">
				<ele>1567.000000</ele>
			</trkpt>
			<trkpt lat="46.597219" lon="13.130387">
				<ele>1566.000000</ele>
			</trkpt>
			<trkpt lat="46.597219" lon="13.130414">
				<ele>1565.000000</ele>
			</trkpt>
			<trkpt lat="46.597207" lon="13.130440">
				<ele>1564.000000</ele>
			</trkpt>
			<trkpt lat="46.597213" lon="13.130495">
				<ele>1563.000000</ele>
			</trkpt>
			<trkpt lat="46.597243" lon="13.130522">
				<ele>1562.000000</ele>
			</trkpt>
			<trkpt lat="46.597243" lon="13.130540">
				<ele>1561.000000</ele>
			</trkpt>
			<trkpt lat="46.597243" lon="13.130566">
				<ele>1561.000000</ele>
			</trkpt>
			<trkpt lat="46.597219" lon="13.130585">
				<ele>1560.000000</ele>
			</trkpt>
			<trkpt lat="46.597207" lon="13.130630">
				<ele>1558.000000</ele>
			</trkpt>
			<trkpt lat="46.597225" lon="13.130666">
				<ele>1557.000000</ele>
			</trkpt>
			<trkpt lat="46.597219" lon="13.130702">
				<ele>1556.000000</ele>
			</trkpt>
			<trkpt lat="46.597243" lon="13.130746">
				<ele>1555.000000</ele>
			</trkpt>
			<trkpt lat="46.597299" lon="13.130773">
				<ele>1553.000000</ele>
			</trkpt>
			<trkpt lat="46.597330" lon="13.130836">
				<ele>1551.000000</ele>
			</trkpt>
			<trkpt lat="46.597306" lon="13.130882">
				<ele>1550.000000</ele>
			</trkpt>
			<trkpt lat="46.597274" lon="13.130908">
				<ele>1549.000000</ele>
			</trkpt>
			<trkpt lat="46.597262" lon="13.130945">
				<ele>1548.000000</ele>
			</trkpt>
			<trkpt lat="46.597207" lon="13.131006">
				<ele>1546.000000</ele>
			</trkpt>
			<trkpt lat="46.597170" lon="13.131025">
				<ele>1545.000000</ele>
			</trkpt>
			<trkpt lat="46.597114" lon="13.131096">
				<ele>1543.000000</ele>
			</trkpt>
			<trkpt lat="46.597077" lon="13.131276">
				<ele>1539.000000</ele>
			</trkpt>
			<trkpt lat="46.597065" lon="13.131402">
				<ele>1536.000000</ele>
			</trkpt>
			<trkpt lat="46.597065" lon="13.131482">
				<ele>1535.000000</ele>
			</trkpt>
			<trkpt lat="46.597040" lon="13.131537">
				<ele>1534.000000</ele>
			</trkpt>
			<trkpt lat="46.597034" lon="13.131564">
				<ele>1533.000000</ele>
			</trkpt>
			<trkpt lat="46.597021" lon="13.131591">
				<ele>1532.000000</ele>
			</trkpt>
			<trkpt lat="46.597015" lon="13.131635">
				<ele>1531.000000</ele>
			</trkpt>
			<trkpt lat="46.596948" lon="13.131672">
				<ele>1530.000000</ele>
			</trkpt>
			<trkpt lat="46.596917" lon="13.131744">
				<ele>1529.000000</ele>
			</trkpt>
			<trkpt lat="46.596892" lon="13.131761">
				<ele>1528.000000</ele>
			</trkpt>
			<trkpt lat="46.596848" lon="13.131735">
				<ele>1527.000000</ele>
			</trkpt>
			<trkpt lat="46.596769" lon="13.131761">
				<ele>1526.000000</ele>
			</trkpt>
			<trkpt lat="46.596750" lon="13.131815">
				<ele>1525.000000</ele>
			</trkpt>
			<trkpt lat="46.596707" lon="13.132058">
				<ele>1522.000000</ele>
			</trkpt>
			<trkpt lat="46.596682" lon="13.132094">
				<ele>1521.000000</ele>
			</trkpt>
			<trkpt lat="46.596676" lon="13.132237">
				<ele>1519.000000</ele>
			</trkpt>
			<trkpt lat="46.596651" lon="13.132364">
				<ele>1518.000000</ele>
			</trkpt>
			<trkpt lat="46.596608" lon="13.132480">
				<ele>1516.000000</ele>
			</trkpt>
			<trkpt lat="46.596552" lon="13.132524">
				<ele>1514.000000</ele>
			</trkpt>
			<trkpt lat="46.596534" lon="13.132677">
				<ele>1512.000000</ele>
			</trkpt>
			<trkpt lat="46.596521" lon="13.132884">
				<ele>1509.000000</ele>
			</trkpt>
			<trkpt lat="46.596515" lon="13.132930">
				<ele>1509.000000</ele>
			</trkpt>
			<trkpt lat="46.596534" lon="13.132930">
				<ele>1508.000000</ele>
			</trkpt>
			<trkpt lat="46.596534" lon="13.132974">
				<ele>1508.000000</ele>
			</trkpt>
			<trkpt lat="46.596559" lon="13.133029">
				<ele>1507.000000</ele>
			</trkpt>
			<trkpt lat="46.596596" lon="13.133090">
				<ele>1506.000000</ele>
			</trkpt>
			<trkpt lat="46.596534" lon="13.133127">
				<ele>1505.000000</ele>
			</trkpt>
			<trkpt lat="46.596466" lon="13.133145">
				<ele>1504.000000</ele>
			</trkpt>
			<trkpt lat="46.596349" lon="13.133145">
				<ele>1502.000000</ele>
			</trkpt>
			<trkpt lat="46.596256" lon="13.133100">
				<ele>1500.000000</ele>
			</trkpt>
			<trkpt lat="46.596139" lon="13.133029">
				<ele>1498.000000</ele>
			</trkpt>
			<trkpt lat="46.596077" lon="13.132956">
				<ele>1497.000000</ele>
			</trkpt>
			<trkpt lat="46.596003" lon="13.132821">
				<ele>1495.000000</ele>
			</trkpt>
			<trkpt lat="46.595972" lon="13.132813">
				<ele>1494.000000</ele>
			</trkpt>
			<trkpt lat="46.595947" lon="13.132821">
				<ele>1494.000000</ele>
			</trkpt>
			<trkpt lat="46.595923" lon="13.132903">
				<ele>1493.000000</ele>
			</trkpt>
			<trkpt lat="46.595892" lon="13.133029">
				<ele>1491.000000</ele>
			</trkpt>
			<trkpt lat="46.595873" lon="13.133117">
				<ele>1490.000000</ele>
			</trkpt>
			<trkpt lat="46.595873" lon="13.133180">
				<ele>1490.000000</ele>
			</trkpt>
			<trkpt lat="46.595892" lon="13.133253">
				<ele>1490.000000</ele>
			</trkpt>
			<trkpt lat="46.595923" lon="13.133325">
				<ele>1491.000000</ele>
			</trkpt>
			<trkpt lat="46.596077" lon="13.133486">
				<ele>1493.000000</ele>
			</trkpt>
			<trkpt lat="46.596083" lon="13.133558">
				<ele>1493.000000</ele>
			</trkpt>
			<trkpt lat="46.596065" lon="13.133585">
				<ele>1494.000000</ele>
			</trkpt>
			<trkpt lat="46.595985" lon="13.133585">
				<ele>1495.000000</ele>
			</trkpt>
			<trkpt lat="46.595929" lon="13.133622">
				<ele>1495.000000</ele>
			</trkpt>
			<trkpt lat="46.595879" lon="13.133702">
				<ele>1496.000000</ele>
			</trkpt>
			<trkpt lat="46.595855" lon="13.133773">
				<ele>1496.000000</ele>
			</trkpt>
			<trkpt lat="46.595855" lon="13.133855">
				<ele>1497.000000</ele>
			</trkpt>
			<trkpt lat="46.595879" lon="13.133989">
				<ele>1498.000000</ele>
			</trkpt>
			<trkpt lat="46.595886" lon="13.134106">
				<ele>1499.000000</ele>
			</trkpt>
			<trkpt lat="46.595849" lon="13.134098">
				<ele>1499.000000</ele>
			</trkpt>
			<trkpt lat="46.595806" lon="13.134124">
				<ele>1500.000000</ele>
			</trkpt>
			<trkpt lat="46.595768" lon="13.134214">
				<ele>1500.000000</ele>
			</trkpt>
			<trkpt lat="46.595737" lon="13.134348">
				<ele>1501.000000</ele>
			</trkpt>
			<trkpt lat="46.595700" lon="13.134429">
				<ele>1502.000000</ele>
			</trkpt>
			<trkpt lat="46.595676" lon="13.134465">
				<ele>1502.000000</ele>
			</trkpt>
			<trkpt lat="46.595676" lon="13.134465">
				<ele>1502.000000</ele>
			</trkpt>
			<trkpt lat="46.595534" lon="13.134664">
				<ele>1504.000000</ele>
			</trkpt>
			<trkpt lat="46.595485" lon="13.134708">
				<ele>1505.000000</ele>
			</trkpt>
			<trkpt lat="46.595429" lon="13.134735">
				<ele>1505.000000</ele>
			</trkpt>
			<trkpt lat="46.595379" lon="13.134753">
				<ele>1506.000000</ele>
			</trkpt>
			<trkpt lat="46.595281" lon="13.134780">
				<ele>1506.000000</ele>
			</trkpt>
			<trkpt lat="46.595219" lon="13.134807">
				<ele>1507.000000</ele>
			</trkpt>
			<trkpt lat="46.595163" lon="13.134843">
				<ele>1508.000000</ele>
			</trkpt>
			<trkpt lat="46.595120" lon="13.134924">
				<ele>1508.000000</ele>
			</trkpt>
			<trkpt lat="46.595090" lon="13.135023">
				<ele>1509.000000</ele>
			</trkpt>
			<trkpt lat="46.595065" lon="13.135166">
				<ele>1510.000000</ele>
			</trkpt>
			<trkpt lat="46.595065" lon="13.135409">
				<ele>1511.000000</ele>
			</trkpt>
			<trkpt lat="46.595059" lon="13.135480">
				<ele>1512.000000</ele>
			</trkpt>
			<trkpt lat="46.595034" lon="13.135543">
				<ele>1512.000000</ele>
			</trkpt>
			<trkpt lat="46.594929" lon="13.135732">
				<ele>1514.000000</ele>
			</trkpt>
			<trkpt lat="46.594886" lon="13.135786">
				<ele>1514.000000</ele>
			</trkpt>
			<trkpt lat="46.594824" lon="13.135857">
				<ele>1515.000000</ele>
			</trkpt>
			<trkpt lat="46.594732" lon="13.135912">
				<ele>1516.000000</ele>
			</trkpt>
			<trkpt lat="46.594614" lon="13.135956">
				<ele>1517.000000</ele>
			</trkpt>
			<trkpt lat="46.594485" lon="13.136073">
				<ele>1519.000000</ele>
			</trkpt>
			<trkpt lat="46.594392" lon="13.136172">
				<ele>1520.000000</ele>
			</trkpt>
			<trkpt lat="46.594318" lon="13.136272">
				<ele>1520.000000</ele>
			</trkpt>
			<trkpt lat="46.594244" lon="13.136406">
				<ele>1522.000000</ele>
			</trkpt>
			<trkpt lat="46.594164" lon="13.136513">
				<ele>1523.000000</ele>
			</trkpt>
			<trkpt lat="46.594058" lon="13.136585">
				<ele>1524.000000</ele>
			</trkpt>
			<trkpt lat="46.593966" lon="13.136639">
				<ele>1525.000000</ele>
			</trkpt>
			<trkpt lat="46.593867" lon="13.136685">
				<ele>1526.000000</ele>
			</trkpt>
			<trkpt lat="46.593787" lon="13.136693">
				<ele>1526.000000</ele>
			</trkpt>
			<trkpt lat="46.593670" lon="13.136702">
				<ele>1528.000000</ele>
			</trkpt>
			<trkpt lat="46.593602" lon="13.136711">
				<ele>1528.000000</ele>
			</trkpt>
			<trkpt lat="46.593540" lon="13.136738">
				<ele>1529.000000</ele>
			</trkpt>
			<trkpt lat="46.593392" lon="13.136801">
				<ele>1530.000000</ele>
			</trkpt>
			<trkpt lat="46.593312" lon="13.136819">
				<ele>1531.000000</ele>
			</trkpt>
			<trkpt lat="46.593238" lon="13.136819">
				<ele>1532.000000</ele>
			</trkpt>
			<trkpt lat="46.593071" lon="13.136792">
				<ele>1533.000000</ele>
			</trkpt>
			<trkpt lat="46.592972" lon="13.136774">
				<ele>1534.000000</ele>
			</trkpt>
			<trkpt lat="46.592910" lon="13.136756">
				<ele>1534.000000</ele>
			</trkpt>
			<trkpt lat="46.592843" lon="13.136711">
				<ele>1535.000000</ele>
			</trkpt>
			<trkpt lat="46.592787" lon="13.136639">
				<ele>1535.000000</ele>
			</trkpt>
			<trkpt lat="46.592737" lon="13.136585">
				<ele>1536.000000</ele>
			</trkpt>
			<trkpt lat="46.592670" lon="13.136576">
				<ele>1536.000000</ele>
			</trkpt>
			<trkpt lat="46.592596" lon="13.136585">
				<ele>1537.000000</ele>
			</trkpt>
			<trkpt lat="46.592577" lon="13.136631">
				<ele>1537.000000</ele>
			</trkpt>
			<trkpt lat="46.592577" lon="13.136693">
				<ele>1538.000000</ele>
			</trkpt>
			<trkpt lat="46.592571" lon="13.136811">
				<ele>1538.000000</ele>
			</trkpt>
			<trkpt lat="46.592583" lon="13.136962">
				<ele>1539.000000</ele>
			</trkpt>
			<trkpt lat="46.592614" lon="13.137088">
				<ele>1540.000000</ele>
			</trkpt>
			<trkpt lat="46.592627" lon="13.137169">
				<ele>1540.000000</ele>
			</trkpt>
			<trkpt lat="46.592633" lon="13.137251">
				<ele>1541.000000</ele>
			</trkpt>
			<trkpt lat="46.592633" lon="13.137367">
				<ele>1541.000000</ele>
			</trkpt>
			<trkpt lat="46.592602" lon="13.137501">
				<ele>1542.000000</ele>
			</trkpt>
			<trkpt lat="46.592596" lon="13.137564">
				<ele>1543.000000</ele>
			</trkpt>
			<trkpt lat="46.592596" lon="13.137627">
				<ele>1543.000000</ele>
			</trkpt>
			<trkpt lat="46.592596" lon="13.137807">
				<ele>1544.000000</ele>
			</trkpt>
			<trkpt lat="46.592571" lon="13.137924">
				<ele>1545.000000</ele>
			</trkpt>
			<trkpt lat="46.592534" lon="13.138050">
				<ele>1545.000000</ele>
			</trkpt>
			<trkpt lat="46.592521" lon="13.138176">
				<ele>1546.000000</ele>
			</trkpt>
			<trkpt lat="46.592534" lon="13.138356">
				<ele>1547.000000</ele>
			</trkpt>
			<trkpt lat="46.592534" lon="13.138436">
				<ele>1547.000000</ele>
			</trkpt>
			<trkpt lat="46.592527" lon="13.138499">
				<ele>1548.000000</ele>
			</trkpt>
			<trkpt lat="46.592509" lon="13.138633">
				<ele>1549.000000</ele>
			</trkpt>
			<trkpt lat="46.592484" lon="13.138769">
				<ele>1549.000000</ele>
			</trkpt>
			<trkpt lat="46.592448" lon="13.138867">
				<ele>1550.000000</ele>
			</trkpt>
			<trkpt lat="46.592398" lon="13.138930">
				<ele>1550.000000</ele>
			</trkpt>
			<trkpt lat="46.592318" lon="13.138993">
				<ele>1551.000000</ele>
			</trkpt>
			<trkpt lat="46.592250" lon="13.139109">
				<ele>1552.000000</ele>
			</trkpt>
			<trkpt lat="46.592201" lon="13.139235">
				<ele>1553.000000</ele>
			</trkpt>
			<trkpt lat="46.592120" lon="13.139505">
				<ele>1554.000000</ele>
			</trkpt>
			<trkpt lat="46.592034" lon="13.139685">
				<ele>1556.000000</ele>
			</trkpt>
			<trkpt lat="46.591978" lon="13.139784">
				<ele>1556.000000</ele>
			</trkpt>
			<trkpt lat="46.591929" lon="13.139819">
				<ele>1557.000000</ele>
			</trkpt>
			<trkpt lat="46.591898" lon="13.139864">
				<ele>1557.000000</ele>
			</trkpt>
			<trkpt lat="46.591892" lon="13.139954">
				<ele>1557.000000</ele>
			</trkpt>
			<trkpt lat="46.591935" lon="13.139998">
				<ele>1558.000000</ele>
			</trkpt>
			<trkpt lat="46.592003" lon="13.140061">
				<ele>1558.000000</ele>
			</trkpt>
			<trkpt lat="46.592157" lon="13.140214">
				<ele>1560.000000</ele>
			</trkpt>
			<trkpt lat="46.592429" lon="13.140520">
				<ele>1563.000000</ele>
			</trkpt>
			<trkpt lat="46.592645" lon="13.140771">
				<ele>1565.000000</ele>
			</trkpt>
			<trkpt lat="46.592756" lon="13.140826">
				<ele>1567.000000</ele>
			</trkpt>
			<trkpt lat="46.592910" lon="13.140906">
				<ele>1568.000000</ele>
			</trkpt>
			<trkpt lat="46.593065" lon="13.140987">
				<ele>1570.000000</ele>
			</trkpt>
			<trkpt lat="46.593133" lon="13.141050">
				<ele>1571.000000</ele>
			</trkpt>
			<trkpt lat="46.593201" lon="13.141130">
				<ele>1572.000000</ele>
			</trkpt>
			<trkpt lat="46.593268" lon="13.141239">
				<ele>1573.000000</ele>
			</trkpt>
			<trkpt lat="46.593318" lon="13.141400">
				<ele>1575.000000</ele>
			</trkpt>
			<trkpt lat="46.593386" lon="13.141696">
				<ele>1577.000000</ele>
			</trkpt>
			<trkpt lat="46.593435" lon="13.141832">
				<ele>1578.000000</ele>
			</trkpt>
			<trkpt lat="46.593466" lon="13.141966">
				<ele>1580.000000</ele>
			</trkpt>
			<trkpt lat="46.593484" lon="13.142138">
				<ele>1581.000000</ele>
			</trkpt>
			<trkpt lat="46.593466" lon="13.142478">
				<ele>1583.000000</ele>
			</trkpt>
			<trkpt lat="46.593453" lon="13.142694">
				<ele>1585.000000</ele>
			</trkpt>
			<trkpt lat="46.593435" lon="13.142874">
				<ele>1586.000000</ele>
			</trkpt>
			<trkpt lat="46.593411" lon="13.143090">
				<ele>1588.000000</ele>
			</trkpt>
			<trkpt lat="46.593386" lon="13.143260">
				<ele>1589.000000</ele>
			</trkpt>
			<trkpt lat="46.593349" lon="13.143583">
				<ele>1591.000000</ele>
			</trkpt>
			<trkpt lat="46.593324" lon="13.143709">
				<ele>1591.000000</ele>
			</trkpt>
			<trkpt lat="46.593268" lon="13.143906">
				<ele>1592.000000</ele>
			</trkpt>
			<trkpt lat="46.593225" lon="13.144059">
				<ele>1593.000000</ele>
			</trkpt>
			<trkpt lat="46.593195" lon="13.144230">
				<ele>1593.000000</ele>
			</trkpt>
			<trkpt lat="46.593182" lon="13.144346">
				<ele>1594.000000</ele>
			</trkpt>
			<trkpt lat="46.593151" lon="13.144436">
				<ele>1594.000000</ele>
			</trkpt>
			<trkpt lat="46.593089" lon="13.144553">
				<ele>1594.000000</ele>
			</trkpt>
			<trkpt lat="46.593065" lon="13.144625">
				<ele>1595.000000</ele>
			</trkpt>
			<trkpt lat="46.593058" lon="13.144733">
				<ele>1595.000000</ele>
			</trkpt>
			<trkpt lat="46.593034" lon="13.144822">
				<ele>1595.000000</ele>
			</trkpt>
			<trkpt lat="46.592898" lon="13.145092">
				<ele>1596.000000</ele>
			</trkpt>
			<trkpt lat="46.592873" lon="13.145182">
				<ele>1597.000000</ele>
			</trkpt>
			<trkpt lat="46.592873" lon="13.145308">
				<ele>1597.000000</ele>
			</trkpt>
			<trkpt lat="46.592910" lon="13.145371">
				<ele>1598.000000</ele>
			</trkpt>
			<trkpt lat="46.592985" lon="13.145398">
				<ele>1598.000000</ele>
			</trkpt>
			<trkpt lat="46.593040" lon="13.145434">
				<ele>1598.000000</ele>
			</trkpt>
			<trkpt lat="46.593207" lon="13.145667">
				<ele>1599.000000</ele>
			</trkpt>
			<trkpt lat="46.593250" lon="13.145767">
				<ele>1600.000000</ele>
			</trkpt>
			<trkpt lat="46.593268" lon="13.145856">
				<ele>1600.000000</ele>
			</trkpt>
			<trkpt lat="46.593305" lon="13.146044">
				<ele>1602.000000</ele>
			</trkpt>
			<trkpt lat="46.593361" lon="13.146216">
				<ele>1603.000000</ele>
			</trkpt>
			<trkpt lat="46.593398" lon="13.146404">
				<ele>1604.000000</ele>
			</trkpt>
			<trkpt lat="46.593429" lon="13.146593">
				<ele>1606.000000</ele>
			</trkpt>
			<trkpt lat="46.593411" lon="13.146763">
				<ele>1607.000000</ele>
			</trkpt>
			<trkpt lat="46.593380" lon="13.146853">
				<ele>1608.000000</ele>
			</trkpt>
			<trkpt lat="46.593374" lon="13.146943">
				<ele>1608.000000</ele>
			</trkpt>
			<trkpt lat="46.593411" lon="13.147025">
				<ele>1609.000000</ele>
			</trkpt>
			<trkpt lat="46.593447" lon="13.147042">
				<ele>1610.000000</ele>
			</trkpt>
			<trkpt lat="46.593540" lon="13.147051">
				<ele>1610.000000</ele>
			</trkpt>
			<trkpt lat="46.593590" lon="13.147096">
				<ele>1610.000000</ele>
			</trkpt>
			<trkpt lat="46.593676" lon="13.147222">
				<ele>1611.000000</ele>
			</trkpt>
			<trkpt lat="46.593787" lon="13.147383">
				<ele>1611.000000</ele>
			</trkpt>
			<trkpt lat="46.593898" lon="13.147535">
				<ele>1612.000000</ele>
			</trkpt>
			<trkpt lat="46.594009" lon="13.147778">
				<ele>1613.000000</ele>
			</trkpt>
			<trkpt lat="46.594090" lon="13.147940">
				<ele>1613.000000</ele>
			</trkpt>
			<trkpt lat="46.594188" lon="13.148021">
				<ele>1614.000000</ele>
			</trkpt>
			<trkpt lat="46.594256" lon="13.148067">
				<ele>1614.000000</ele>
			</trkpt>
			<trkpt lat="46.594312" lon="13.148138">
				<ele>1614.000000</ele>
			</trkpt>
			<trkpt lat="46.594534" lon="13.148453">
				<ele>1615.000000</ele>
			</trkpt>
			<trkpt lat="46.594583" lon="13.148614">
				<ele>1616.000000</ele>
			</trkpt>
			<trkpt lat="46.594626" lon="13.148694">
				<ele>1616.000000</ele>
			</trkpt>
			<trkpt lat="46.594768" lon="13.148820">
				<ele>1617.000000</ele>
			</trkpt>
			<trkpt lat="46.594898" lon="13.148937">
				<ele>1617.000000</ele>
			</trkpt>
			<trkpt lat="46.595040" lon="13.149063">
				<ele>1618.000000</ele>
			</trkpt>
			<trkpt lat="46.595132" lon="13.149189">
				<ele>1618.000000</ele>
			</trkpt>
			<trkpt lat="46.595219" lon="13.149306">
				<ele>1619.000000</ele>
			</trkpt>
			<trkpt lat="46.595287" lon="13.149386">
				<ele>1619.000000</ele>
			</trkpt>
			<trkpt lat="46.595404" lon="13.149485">
				<ele>1620.000000</ele>
			</trkpt>
			<trkpt lat="46.595454" lon="13.149557">
				<ele>1620.000000</ele>
			</trkpt>
			<trkpt lat="46.595485" lon="13.149629">
				<ele>1620.000000</ele>
			</trkpt>
			<trkpt lat="46.595589" lon="13.149908">
				<ele>1620.000000</ele>
			</trkpt>
			<trkpt lat="46.595750" lon="13.150321">
				<ele>1622.000000</ele>
			</trkpt>
			<trkpt lat="46.595793" lon="13.150384">
				<ele>1622.000000</ele>
			</trkpt>
			<trkpt lat="46.595837" lon="13.150419">
				<ele>1623.000000</ele>
			</trkpt>
			<trkpt lat="46.595929" lon="13.150464">
				<ele>1624.000000</ele>
			</trkpt>
			<trkpt lat="46.596003" lon="13.150482">
				<ele>1624.000000</ele>
			</trkpt>
			<trkpt lat="46.596077" lon="13.150464">
				<ele>1625.000000</ele>
			</trkpt>
			<trkpt lat="46.596126" lon="13.150438">
				<ele>1625.000000</ele>
			</trkpt>
			<trkpt lat="46.596182" lon="13.150401">
				<ele>1626.000000</ele>
			</trkpt>
			<trkpt lat="46.596219" lon="13.150392">
				<ele>1626.000000</ele>
			</trkpt>
			<trkpt lat="46.596250" lon="13.150401">
				<ele>1626.000000</ele>
			</trkpt>
			<trkpt lat="46.596305" lon="13.150447">
				<ele>1627.000000</ele>
			</trkpt>
			<trkpt lat="46.596336" lon="13.150572">
				<ele>1627.000000</ele>
			</trkpt>
			<trkpt lat="46.596380" lon="13.150805">
				<ele>1629.000000</ele>
			</trkpt>
			<trkpt lat="46.596423" lon="13.150977">
				<ele>1630.000000</ele>
			</trkpt>
			<trkpt lat="46.596490" lon="13.151111">
				<ele>1631.000000</ele>
			</trkpt>
			<trkpt lat="46.596546" lon="13.151210">
				<ele>1631.000000</ele>
			</trkpt>
			<trkpt lat="46.596626" lon="13.151273">
				<ele>1632.000000</ele>
			</trkpt>
			<trkpt lat="46.596799" lon="13.151344">
				<ele>1634.000000</ele>
			</trkpt>
			<trkpt lat="46.596910" lon="13.151380">
				<ele>1635.000000</ele>
			</trkpt>
			<trkpt lat="46.597052" lon="13.151407">
				<ele>1636.000000</ele>
			</trkpt>
			<trkpt lat="46.597200" lon="13.151399">
				<ele>1638.000000</ele>
			</trkpt>
			<trkpt lat="46.597312" lon="13.151417">
				<ele>1639.000000</ele>
			</trkpt>
			<trkpt lat="46.597429" lon="13.151461">
				<ele>1640.000000</ele>
			</trkpt>
			<trkpt lat="46.597472" lon="13.151489">
				<ele>1641.000000</ele>
			</trkpt>
			<trkpt lat="46.597503" lon="13.151641">
				<ele>1644.000000</ele>
			</trkpt>
			<trkpt lat="46.597484" lon="13.151767">
				<ele>1646.000000</ele>
			</trkpt>
			<trkpt lat="46.597435" lon="13.151820">
				<ele>1648.000000</ele>
			</trkpt>
			<trkpt lat="46.597373" lon="13.151812">
				<ele>1650.000000</ele>
			</trkpt>
			<trkpt lat="46.597287" lon="13.151793">
				<ele>1651.000000</ele>
			</trkpt>
			<trkpt lat="46.597133" lon="13.151759">
				<ele>1654.000000</ele>
			</trkpt>
			<trkpt lat="46.597052" lon="13.151785">
				<ele>1655.000000</ele>
			</trkpt>
			<trkpt lat="46.596997" lon="13.151839">
				<ele>1656.000000</ele>
			</trkpt>
			<trkpt lat="46.596917" lon="13.151946">
				<ele>1658.000000</ele>
			</trkpt>
			<trkpt lat="46.596806" lon="13.152172">
				<ele>1660.000000</ele>
			</trkpt>
			<trkpt lat="46.596769" lon="13.152413">
				<ele>1660.000000</ele>
			</trkpt>
			<trkpt lat="46.596787" lon="13.152683">
				<ele>1660.000000</ele>
			</trkpt>
			<trkpt lat="46.596669" lon="13.153015">
				<ele>1660.000000</ele>
			</trkpt>
			<trkpt lat="46.596546" lon="13.153151">
				<ele>1660.000000</ele>
			</trkpt>
			<trkpt lat="46.596065" lon="13.153168">
				<ele>1660.000000</ele>
			</trkpt>
			<trkpt lat="46.595929" lon="13.153195">
				<ele>1660.000000</ele>
			</trkpt>
			<trkpt lat="46.595781" lon="13.153177">
				<ele>1662.000000</ele>
			</trkpt>
			<trkpt lat="46.595713" lon="13.153159">
				<ele>1663.000000</ele>
			</trkpt>
			<trkpt lat="46.595627" lon="13.153124">
				<ele>1664.000000</ele>
			</trkpt>
			<trkpt lat="46.595546" lon="13.153097">
				<ele>1665.000000</ele>
			</trkpt>
			<trkpt lat="46.595454" lon="13.153097">
				<ele>1666.000000</ele>
			</trkpt>
			<trkpt lat="46.595373" lon="13.153141">
				<ele>1667.000000</ele>
			</trkpt>
			<trkpt lat="46.595281" lon="13.153277">
				<ele>1668.000000</ele>
			</trkpt>
			<trkpt lat="46.595139" lon="13.153375">
				<ele>1670.000000</ele>
			</trkpt>
			<trkpt lat="46.595022" lon="13.153447">
				<ele>1671.000000</ele>
			</trkpt>
			<trkpt lat="46.594855" lon="13.153518">
				<ele>1672.000000</ele>
			</trkpt>
			<trkpt lat="46.594657" lon="13.153635">
				<ele>1674.000000</ele>
			</trkpt>
			<trkpt lat="46.594410" lon="13.153780">
				<ele>1675.000000</ele>
			</trkpt>
			<trkpt lat="46.593769" lon="13.153941">
				<ele>1680.000000</ele>
			</trkpt>
			<trkpt lat="46.593657" lon="13.153950">
				<ele>1681.000000</ele>
			</trkpt>
			<trkpt lat="46.593534" lon="13.153950">
				<ele>1682.000000</ele>
			</trkpt>
			<trkpt lat="46.593244" lon="13.154030">
				<ele>1684.000000</ele>
			</trkpt>
			<trkpt lat="46.592941" lon="13.154049">
				<ele>1686.000000</ele>
			</trkpt>
			<trkpt lat="46.592800" lon="13.154067">
				<ele>1688.000000</ele>
			</trkpt>
			<trkpt lat="46.592627" lon="13.154157">
				<ele>1689.000000</ele>
			</trkpt>
			<trkpt lat="46.592472" lon="13.154183">
				<ele>1690.000000</ele>
			</trkpt>
			<trkpt lat="46.592423" lon="13.154220">
				<ele>1691.000000</ele>
			</trkpt>
			<trkpt lat="46.592256" lon="13.154264">
				<ele>1692.000000</ele>
			</trkpt>
			<trkpt lat="46.592182" lon="13.154309">
				<ele>1693.000000</ele>
			</trkpt>
			<trkpt lat="46.592040" lon="13.154489">
				<ele>1695.000000</ele>
			</trkpt>
			<trkpt lat="46.591824" lon="13.154677">
				<ele>1697.000000</ele>
			</trkpt>
			<trkpt lat="46.591676" lon="13.154812">
				<ele>1699.000000</ele>
			</trkpt>
			<trkpt lat="46.591602" lon="13.154929">
				<ele>1700.000000</ele>
			</trkpt>
			<trkpt lat="46.591528" lon="13.155082">
				<ele>1702.000000</ele>
			</trkpt>
			<trkpt lat="46.591361" lon="13.155216">
				<ele>1705.000000</ele>
			</trkpt>
			<trkpt lat="46.591250" lon="13.155243">
				<ele>1706.000000</ele>
			</trkpt>
			<trkpt lat="46.591157" lon="13.155298">
				<ele>1708.000000</ele>
			</trkpt>
			<trkpt lat="46.591089" lon="13.155361">
				<ele>1709.000000</ele>
			</trkpt>
			<trkpt lat="46.590978" lon="13.155441">
				<ele>1711.000000</ele>
			</trkpt>
			<trkpt lat="46.590910" lon="13.155468">
				<ele>1712.000000</ele>
			</trkpt>
			<trkpt lat="46.590848" lon="13.155388">
				<ele>1714.000000</ele>
			</trkpt>
			<trkpt lat="46.590824" lon="13.155306">
				<ele>1714.000000</ele>
			</trkpt>
			<trkpt lat="46.590775" lon="13.155288">
				<ele>1715.000000</ele>
			</trkpt>
			<trkpt lat="46.590700" lon="13.155306">
				<ele>1716.000000</ele>
			</trkpt>
			<trkpt lat="46.590638" lon="13.155468">
				<ele>1718.000000</ele>
			</trkpt>
			<trkpt lat="46.590540" lon="13.155549">
				<ele>1720.000000</ele>
			</trkpt>
			<trkpt lat="46.590466" lon="13.155629">
				<ele>1722.000000</ele>
			</trkpt>
			<trkpt lat="46.590361" lon="13.155755">
				<ele>1723.000000</ele>
			</trkpt>
			<trkpt lat="46.590299" lon="13.155791">
				<ele>1724.000000</ele>
			</trkpt>
			<trkpt lat="46.590195" lon="13.155818">
				<ele>1726.000000</ele>
			</trkpt>
			<trkpt lat="46.590089" lon="13.155917">
				<ele>1728.000000</ele>
			</trkpt>
			<trkpt lat="46.589972" lon="13.155954">
				<ele>1729.000000</ele>
			</trkpt>
			<trkpt lat="46.589867" lon="13.155980">
				<ele>1731.000000</ele>
			</trkpt>
			<trkpt lat="46.589768" lon="13.156051">
				<ele>1733.000000</ele>
			</trkpt>
			<trkpt lat="46.589725" lon="13.156078">
				<ele>1733.000000</ele>
			</trkpt>
			<trkpt lat="46.589694" lon="13.156088">
				<ele>1734.000000</ele>
			</trkpt>
			<trkpt lat="46.589645" lon="13.156106">
				<ele>1735.000000</ele>
			</trkpt>
			<trkpt lat="46.589620" lon="13.156294">
				<ele>1737.000000</ele>
			</trkpt>
			<trkpt lat="46.589540" lon="13.156483">
				<ele>1739.000000</ele>
			</trkpt>
			<trkpt lat="46.589454" lon="13.156583">
				<ele>1740.000000</ele>
			</trkpt>
			<trkpt lat="46.589429" lon="13.156672">
				<ele>1741.000000</ele>
			</trkpt>
			<trkpt lat="46.589348" lon="13.156789">
				<ele>1743.000000</ele>
			</trkpt>
			<trkpt lat="46.589311" lon="13.156807">
				<ele>1743.000000</ele>
			</trkpt>
			<trkpt lat="46.589262" lon="13.156843">
				<ele>1744.000000</ele>
			</trkpt>
			<trkpt lat="46.589200" lon="13.156870">
				<ele>1745.000000</ele>
			</trkpt>
			<trkpt lat="46.589157" lon="13.156870">
				<ele>1745.000000</ele>
			</trkpt>
			<trkpt lat="46.589108" lon="13.156843">
				<ele>1746.000000</ele>
			</trkpt>
			<trkpt lat="46.589052" lon="13.156797">
				<ele>1747.000000</ele>
			</trkpt>
			<trkpt lat="46.588904" lon="13.156707">
				<ele>1749.000000</ele>
			</trkpt>
			<trkpt lat="46.588817" lon="13.156699">
				<ele>1750.000000</ele>
			</trkpt>
			<trkpt lat="46.588805" lon="13.156699">
				<ele>1750.000000</ele>
			</trkpt>
			<trkpt lat="46.588737" lon="13.156816">
				<ele>1747.000000</ele>
			</trkpt>
			<trkpt lat="46.588694" lon="13.157076">
				<ele>1749.000000</ele>
			</trkpt>
			<trkpt lat="46.588688" lon="13.157085">
				<ele>1750.000000</ele>
			</trkpt>
			<trkpt lat="46.588670" lon="13.157166">
				<ele>1751.000000</ele>
			</trkpt>
			<trkpt lat="46.588670" lon="13.157210">
				<ele>1752.000000</ele>
			</trkpt>
			<trkpt lat="46.588663" lon="13.157246">
				<ele>1753.000000</ele>
			</trkpt>
			<trkpt lat="46.588651" lon="13.157273">
				<ele>1753.000000</ele>
			</trkpt>
			<trkpt lat="46.588632" lon="13.157300">
				<ele>1754.000000</ele>
			</trkpt>
			<trkpt lat="46.588626" lon="13.157336">
				<ele>1755.000000</ele>
			</trkpt>
			<trkpt lat="46.588626" lon="13.157372">
				<ele>1755.000000</ele>
			</trkpt>
			<trkpt lat="46.588614" lon="13.157399">
				<ele>1756.000000</ele>
			</trkpt>
			<trkpt lat="46.588601" lon="13.157426">
				<ele>1757.000000</ele>
			</trkpt>
			<trkpt lat="46.588595" lon="13.157426">
				<ele>1757.000000</ele>
			</trkpt>
			<trkpt lat="46.588595" lon="13.157436">
				<ele>1757.000000</ele>
			</trkpt>
			<trkpt lat="46.588583" lon="13.157489">
				<ele>1758.000000</ele>
			</trkpt>
			<trkpt lat="46.588564" lon="13.157525">
				<ele>1759.000000</ele>
			</trkpt>
			<trkpt lat="46.588564" lon="13.157552">
				<ele>1759.000000</ele>
			</trkpt>
			<trkpt lat="46.588558" lon="13.157588">
				<ele>1760.000000</ele>
			</trkpt>
			<trkpt lat="46.588558" lon="13.157625">
				<ele>1761.000000</ele>
			</trkpt>
			<trkpt lat="46.588546" lon="13.157651">
				<ele>1761.000000</ele>
			</trkpt>
			<trkpt lat="46.588534" lon="13.157678">
				<ele>1761.000000</ele>
			</trkpt>
			<trkpt lat="46.588528" lon="13.157714">
				<ele>1762.000000</ele>
			</trkpt>
			<trkpt lat="46.588515" lon="13.157741">
				<ele>1763.000000</ele>
			</trkpt>
			<trkpt lat="46.588509" lon="13.157768">
				<ele>1763.000000</ele>
			</trkpt>
			<trkpt lat="46.588503" lon="13.157803">
				<ele>1763.000000</ele>
			</trkpt>
			<trkpt lat="46.588491" lon="13.157839">
				<ele>1764.000000</ele>
			</trkpt>
			<trkpt lat="46.588484" lon="13.157866">
				<ele>1764.000000</ele>
			</trkpt>
			<trkpt lat="46.588478" lon="13.157893">
				<ele>1765.000000</ele>
			</trkpt>
			<trkpt lat="46.588478" lon="13.157921">
				<ele>1765.000000</ele>
			</trkpt>
			<trkpt lat="46.588466" lon="13.157956">
				<ele>1766.000000</ele>
			</trkpt>
			<trkpt lat="46.588460" lon="13.157992">
				<ele>1766.000000</ele>
			</trkpt>
			<trkpt lat="46.588460" lon="13.158028">
				<ele>1767.000000</ele>
			</trkpt>
			<trkpt lat="46.588460" lon="13.158038">
				<ele>1767.000000</ele>
			</trkpt>
			<trkpt lat="46.588460" lon="13.158091">
				<ele>1768.000000</ele>
			</trkpt>
			<trkpt lat="46.588466" lon="13.158118">
				<ele>1768.000000</ele>
			</trkpt>
			<trkpt lat="46.588466" lon="13.158145">
				<ele>1768.000000</ele>
			</trkpt>
			<trkpt lat="46.588484" lon="13.158172">
				<ele>1768.000000</ele>
			</trkpt>
			<trkpt lat="46.588484" lon="13.158199">
				<ele>1768.000000</ele>
			</trkpt>
			<trkpt lat="46.588484" lon="13.158217">
				<ele>1767.000000</ele>
			</trkpt>
			<trkpt lat="46.588491" lon="13.158271">
				<ele>1767.000000</ele>
			</trkpt>
			<trkpt lat="46.588497" lon="13.158288">
				<ele>1767.000000</ele>
			</trkpt>
			<trkpt lat="46.588497" lon="13.158307">
				<ele>1767.000000</ele>
			</trkpt>
			<trkpt lat="46.588497" lon="13.158342">
				<ele>1766.000000</ele>
			</trkpt>
			<trkpt lat="46.588503" lon="13.158369">
				<ele>1766.000000</ele>
			</trkpt>
			<trkpt lat="46.588503" lon="13.158405">
				<ele>1766.000000</ele>
			</trkpt>
			<trkpt lat="46.588509" lon="13.158441">
				<ele>1766.000000</ele>
			</trkpt>
			<trkpt lat="46.588509" lon="13.158468">
				<ele>1765.000000</ele>
			</trkpt>
			<trkpt lat="46.588515" lon="13.158495">
				<ele>1765.000000</ele>
			</trkpt>
			<trkpt lat="46.588522" lon="13.158522">
				<ele>1765.000000</ele>
			</trkpt>
			<trkpt lat="46.588522" lon="13.158549">
				<ele>1765.000000</ele>
			</trkpt>
			<trkpt lat="46.588522" lon="13.158585">
				<ele>1764.000000</ele>
			</trkpt>
			<trkpt lat="46.588522" lon="13.158612">
				<ele>1764.000000</ele>
			</trkpt>
			<trkpt lat="46.588534" lon="13.158638">
				<ele>1764.000000</ele>
			</trkpt>
			<trkpt lat="46.588540" lon="13.158675">
				<ele>1764.000000</ele>
			</trkpt>
			<trkpt lat="46.588546" lon="13.158728">
				<ele>1763.000000</ele>
			</trkpt>
			<trkpt lat="46.588546" lon="13.158783">
				<ele>1763.000000</ele>
			</trkpt>
			<trkpt lat="46.588558" lon="13.158891">
				<ele>1762.000000</ele>
			</trkpt>
			<trkpt lat="46.588564" lon="13.158935">
				<ele>1763.000000</ele>
			</trkpt>
			<trkpt lat="46.588558" lon="13.158971">
				<ele>1763.000000</ele>
			</trkpt>
			<trkpt lat="46.588558" lon="13.159017">
				<ele>1762.000000</ele>
			</trkpt>
			<trkpt lat="46.588552" lon="13.159124">
				<ele>1763.000000</ele>
			</trkpt>
			<trkpt lat="46.588552" lon="13.159196">
				<ele>1764.000000</ele>
			</trkpt>
			<trkpt lat="46.588558" lon="13.159286">
				<ele>1765.000000</ele>
			</trkpt>
			<trkpt lat="46.588570" lon="13.159420">
				<ele>1767.000000</ele>
			</trkpt>
			<trkpt lat="46.588601" lon="13.159520">
				<ele>1768.000000</ele>
			</trkpt>
			<trkpt lat="46.588626" lon="13.159564">
				<ele>1769.000000</ele>
			</trkpt>
			<trkpt lat="46.588645" lon="13.159636">
				<ele>1770.000000</ele>
			</trkpt>
			<trkpt lat="46.588670" lon="13.159753">
				<ele>1771.000000</ele>
			</trkpt>
			<trkpt lat="46.588676" lon="13.159789">
				<ele>1772.000000</ele>
			</trkpt>
			<trkpt lat="46.588663" lon="13.159879">
				<ele>1773.000000</ele>
			</trkpt>
			<trkpt lat="46.588657" lon="13.159906">
				<ele>1773.000000</ele>
			</trkpt>
			<trkpt lat="46.588626" lon="13.159942">
				<ele>1774.000000</ele>
			</trkpt>
			<trkpt lat="46.588620" lon="13.159950">
				<ele>1774.000000</ele>
			</trkpt>
			<trkpt lat="46.588546" lon="13.160040">
				<ele>1776.000000</ele>
			</trkpt>
			<trkpt lat="46.588484" lon="13.160103">
				<ele>1778.000000</ele>
			</trkpt>
			<trkpt lat="46.588447" lon="13.160130">
				<ele>1779.000000</ele>
			</trkpt>
			<trkpt lat="46.588410" lon="13.160157">
				<ele>1779.000000</ele>
			</trkpt>
			<trkpt lat="46.588373" lon="13.160193">
				<ele>1780.000000</ele>
			</trkpt>
			<trkpt lat="46.588342" lon="13.160229">
				<ele>1781.000000</ele>
			</trkpt>
			<trkpt lat="46.588312" lon="13.160275">
				<ele>1782.000000</ele>
			</trkpt>
			<trkpt lat="46.588293" lon="13.160328">
				<ele>1783.000000</ele>
			</trkpt>
			<trkpt lat="46.588262" lon="13.160382">
				<ele>1783.000000</ele>
			</trkpt>
			<trkpt lat="46.588243" lon="13.160445">
				<ele>1784.000000</ele>
			</trkpt>
			<trkpt lat="46.588225" lon="13.160508">
				<ele>1785.000000</ele>
			</trkpt>
			<trkpt lat="46.588225" lon="13.160543">
				<ele>1786.000000</ele>
			</trkpt>
			<trkpt lat="46.588200" lon="13.160615">
				<ele>1787.000000</ele>
			</trkpt>
			<trkpt lat="46.588194" lon="13.160661">
				<ele>1787.000000</ele>
			</trkpt>
			<trkpt lat="46.588182" lon="13.160705">
				<ele>1788.000000</ele>
			</trkpt>
			<trkpt lat="46.588188" lon="13.160741">
				<ele>1788.000000</ele>
			</trkpt>
			<trkpt lat="46.588188" lon="13.160759">
				<ele>1788.000000</ele>
			</trkpt>
			<trkpt lat="46.588188" lon="13.160786">
				<ele>1789.000000</ele>
			</trkpt>
			<trkpt lat="46.588188" lon="13.160822">
				<ele>1789.000000</ele>
			</trkpt>
			<trkpt lat="46.588194" lon="13.160858">
				<ele>1790.000000</ele>
			</trkpt>
			<trkpt lat="46.588206" lon="13.160894">
				<ele>1790.000000</ele>
			</trkpt>
			<trkpt lat="46.588218" lon="13.160912">
				<ele>1791.000000</ele>
			</trkpt>
			<trkpt lat="46.588231" lon="13.160948">
				<ele>1791.000000</ele>
			</trkpt>
			<trkpt lat="46.588237" lon="13.160975">
				<ele>1792.000000</ele>
			</trkpt>
			<trkpt lat="46.588249" lon="13.161011">
				<ele>1792.000000</ele>
			</trkpt>
			<trkpt lat="46.588249" lon="13.161038">
				<ele>1793.000000</ele>
			</trkpt>
			<trkpt lat="46.588262" lon="13.161118">
				<ele>1794.000000</ele>
			</trkpt>
			<trkpt lat="46.588281" lon="13.161227">
				<ele>1795.000000</ele>
			</trkpt>
			<trkpt lat="46.588274" lon="13.161468">
				<ele>1799.000000</ele>
			</trkpt>
			<trkpt lat="46.588249" lon="13.161594">
				<ele>1801.000000</ele>
			</trkpt>
			<trkpt lat="46.588249" lon="13.161711">
				<ele>1802.000000</ele>
			</trkpt>
			<trkpt lat="46.588188" lon="13.161810">
				<ele>1803.000000</ele>
			</trkpt>
			<trkpt lat="46.588151" lon="13.161864">
				<ele>1804.000000</ele>
			</trkpt>
			<trkpt lat="46.587879" lon="13.161999">
				<ele>1809.000000</ele>
			</trkpt>
			<trkpt lat="46.587712" lon="13.162124">
				<ele>1810.000000</ele>
			</trkpt>
			<trkpt lat="46.587626" lon="13.162223">
				<ele>1810.000000</ele>
			</trkpt>
			<trkpt lat="46.587429" lon="13.162556">
				<ele>1810.000000</ele>
			</trkpt>
			<trkpt lat="46.587373" lon="13.162627">
				<ele>1810.000000</ele>
			</trkpt>
			<trkpt lat="46.587330" lon="13.162789">
				<ele>1810.000000</ele>
			</trkpt>
			<trkpt lat="46.587305" lon="13.162835">
				<ele>1810.000000</ele>
			</trkpt>
			<trkpt lat="46.587299" lon="13.162888">
				<ele>1810.000000</ele>
			</trkpt>
			<trkpt lat="46.587286" lon="13.162942">
				<ele>1810.000000</ele>
			</trkpt>
			<trkpt lat="46.587280" lon="13.162978">
				<ele>1810.000000</ele>
			</trkpt>
			<trkpt lat="46.587237" lon="13.163086">
				<ele>1810.000000</ele>
			</trkpt>
			<trkpt lat="46.587237" lon="13.163149">
				<ele>1810.000000</ele>
			</trkpt>
			<trkpt lat="46.587169" lon="13.163346">
				<ele>1810.000000</ele>
			</trkpt>
			<trkpt lat="46.587157" lon="13.163428">
				<ele>1810.000000</ele>
			</trkpt>
			<trkpt lat="46.587095" lon="13.163688">
				<ele>1810.000000</ele>
			</trkpt>
			<trkpt lat="46.586978" lon="13.163877">
				<ele>1810.000000</ele>
			</trkpt>
			<trkpt lat="46.586836" lon="13.163975">
				<ele>1810.000000</ele>
			</trkpt>
			<trkpt lat="46.586817" lon="13.163984">
				<ele>1810.000000</ele>
			</trkpt>
			<trkpt lat="46.586712" lon="13.164091">
				<ele>1810.000000</ele>
			</trkpt>
			<trkpt lat="46.586607" lon="13.164137">
				<ele>1810.000000</ele>
			</trkpt>
			<trkpt lat="46.586589" lon="13.164118">
				<ele>1810.000000</ele>
			</trkpt>
			<trkpt lat="46.586570" lon="13.164101">
				<ele>1810.000000</ele>
			</trkpt>
			<trkpt lat="46.586515" lon="13.164146">
				<ele>1810.000000</ele>
			</trkpt>
			<trkpt lat="46.586496" lon="13.164154">
				<ele>1810.000000</ele>
			</trkpt>
			<trkpt lat="46.586422" lon="13.164200">
				<ele>1810.000000</ele>
			</trkpt>
			<trkpt lat="46.586329" lon="13.164244">
				<ele>1810.000000</ele>
			</trkpt>
			<trkpt lat="46.586274" lon="13.164290">
				<ele>1810.000000</ele>
			</trkpt>
			<trkpt lat="46.586249" lon="13.164334">
				<ele>1810.000000</ele>
			</trkpt>
			<trkpt lat="46.586225" lon="13.164361">
				<ele>1810.000000</ele>
			</trkpt>
			<trkpt lat="46.586175" lon="13.164380">
				<ele>1810.000000</ele>
			</trkpt>
			<trkpt lat="46.586108" lon="13.164407">
				<ele>1810.000000</ele>
			</trkpt>
			<trkpt lat="46.586064" lon="13.164433">
				<ele>1810.000000</ele>
			</trkpt>
			<trkpt lat="46.586058" lon="13.164451">
				<ele>1810.000000</ele>
			</trkpt>
			<trkpt lat="46.585990" lon="13.164460">
				<ele>1810.000000</ele>
			</trkpt>
			<trkpt lat="46.585959" lon="13.164478">
				<ele>1810.000000</ele>
			</trkpt>
			<trkpt lat="46.585935" lon="13.164478">
				<ele>1810.000000</ele>
			</trkpt>
			<trkpt lat="46.585904" lon="13.164496">
				<ele>1811.000000</ele>
			</trkpt>
			<trkpt lat="46.585823" lon="13.164504">
				<ele>1811.000000</ele>
			</trkpt>
			<trkpt lat="46.585762" lon="13.164533">
				<ele>1811.000000</ele>
			</trkpt>
			<trkpt lat="46.585719" lon="13.164559">
				<ele>1812.000000</ele>
			</trkpt>
			<trkpt lat="46.585669" lon="13.164559">
				<ele>1812.000000</ele>
			</trkpt>
			<trkpt lat="46.585626" lon="13.164568">
				<ele>1812.000000</ele>
			</trkpt>
			<trkpt lat="46.585558" lon="13.164640">
				<ele>1813.000000</ele>
			</trkpt>
			<trkpt lat="46.585509" lon="13.164676">
				<ele>1813.000000</ele>
			</trkpt>
			<trkpt lat="46.585471" lon="13.164684">
				<ele>1814.000000</ele>
			</trkpt>
			<trkpt lat="46.585440" lon="13.164747">
				<ele>1814.000000</ele>
			</trkpt>
			<trkpt lat="46.585391" lon="13.164774">
				<ele>1814.000000</ele>
			</trkpt>
			<trkpt lat="46.585182" lon="13.164820">
				<ele>1816.000000</ele>
			</trkpt>
			<trkpt lat="46.584947" lon="13.164837">
				<ele>1817.000000</ele>
			</trkpt>
			<trkpt lat="46.584762" lon="13.164909">
				<ele>1818.000000</ele>
			</trkpt>
			<trkpt lat="46.584595" lon="13.164927">
				<ele>1819.000000</ele>
			</trkpt>
			<trkpt lat="46.584335" lon="13.165026">
				<ele>1821.000000</ele>
			</trkpt>
			<trkpt lat="46.584212" lon="13.165044">
				<ele>1822.000000</ele>
			</trkpt>
			<trkpt lat="46.584089" lon="13.164963">
				<ele>1823.000000</ele>
			</trkpt>
			<trkpt lat="46.583879" lon="13.164900">
				<ele>1824.000000</ele>
			</trkpt>
			<trkpt lat="46.583563" lon="13.164900">
				<ele>1826.000000</ele>
			</trkpt>
			<trkpt lat="46.583434" lon="13.164873">
				<ele>1827.000000</ele>
			</trkpt>
			<trkpt lat="46.583144" lon="13.164676">
				<ele>1829.000000</ele>
			</trkpt>
			<trkpt lat="46.582922" lon="13.164577">
				<ele>1831.000000</ele>
			</trkpt>
			<trkpt lat="46.582792" lon="13.164594">
				<ele>1831.000000</ele>
			</trkpt>
			<trkpt lat="46.582705" lon="13.164676">
				<ele>1832.000000</ele>
			</trkpt>
			<trkpt lat="46.582674" lon="13.164747">
				<ele>1832.000000</ele>
			</trkpt>
			<trkpt lat="46.582607" lon="13.165017">
				<ele>1833.000000</ele>
			</trkpt>
			<trkpt lat="46.582533" lon="13.165512">
				<ele>1835.000000</ele>
			</trkpt>
			<trkpt lat="46.582514" lon="13.165736">
				<ele>1836.000000</ele>
			</trkpt>
			<trkpt lat="46.582502" lon="13.165781">
				<ele>1837.000000</ele>
			</trkpt>
			<trkpt lat="46.582422" lon="13.165988">
				<ele>1837.000000</ele>
			</trkpt>
			<trkpt lat="46.582385" lon="13.166221">
				<ele>1838.000000</ele>
			</trkpt>
			<trkpt lat="46.582298" lon="13.166481">
				<ele>1840.000000</ele>
			</trkpt>
			<trkpt lat="46.582255" lon="13.166652">
				<ele>1840.000000</ele>
			</trkpt>
			<trkpt lat="46.582255" lon="13.166877">
				<ele>1841.000000</ele>
			</trkpt>
			<trkpt lat="46.582168" lon="13.167183">
				<ele>1842.000000</ele>
			</trkpt>
			<trkpt lat="46.582082" lon="13.167739">
				<ele>1844.000000</ele>
			</trkpt>
			<trkpt lat="46.582063" lon="13.167999">
				<ele>1845.000000</ele>
			</trkpt>
			<trkpt lat="46.582069" lon="13.168368">
				<ele>1846.000000</ele>
			</trkpt>
			<trkpt lat="46.582137" lon="13.168619">
				<ele>1847.000000</ele>
			</trkpt>
			<trkpt lat="46.582181" lon="13.168709">
				<ele>1847.000000</ele>
			</trkpt>
			<trkpt lat="46.582199" lon="13.168826">
				<ele>1848.000000</ele>
			</trkpt>
			<trkpt lat="46.582193" lon="13.168952">
				<ele>1848.000000</ele>
			</trkpt>
			<trkpt lat="46.582162" lon="13.169141">
				<ele>1849.000000</ele>
			</trkpt>
			<trkpt lat="46.582137" lon="13.169481">
				<ele>1850.000000</ele>
			</trkpt>
			<trkpt lat="46.582150" lon="13.169814">
				<ele>1853.000000</ele>
			</trkpt>
			<trkpt lat="46.582144" lon="13.169850">
				<ele>1854.000000</ele>
			</trkpt>
			<trkpt lat="46.582131" lon="13.169886">
				<ele>1854.000000</ele>
			</trkpt>
			<trkpt lat="46.582131" lon="13.169913">
				<ele>1854.000000</ele>
			</trkpt>
			<trkpt lat="46.582125" lon="13.169949">
				<ele>1855.000000</ele>
			</trkpt>
			<trkpt lat="46.582113" lon="13.169976">
				<ele>1855.000000</ele>
			</trkpt>
			<trkpt lat="46.582100" lon="13.170003">
				<ele>1855.000000</ele>
			</trkpt>
			<trkpt lat="46.582094" lon="13.170030">
				<ele>1856.000000</ele>
			</trkpt>
			<trkpt lat="46.582076" lon="13.170057">
				<ele>1856.000000</ele>
			</trkpt>
			<trkpt lat="46.582069" lon="13.170083">
				<ele>1856.000000</ele>
			</trkpt>
			<trkpt lat="46.582057" lon="13.170110">
				<ele>1856.000000</ele>
			</trkpt>
			<trkpt lat="46.582045" lon="13.170137">
				<ele>1857.000000</ele>
			</trkpt>
			<trkpt lat="46.582045" lon="13.170164">
				<ele>1857.000000</ele>
			</trkpt>
			<trkpt lat="46.582039" lon="13.170191">
				<ele>1857.000000</ele>
			</trkpt>
			<trkpt lat="46.582039" lon="13.170236">
				<ele>1858.000000</ele>
			</trkpt>
			<trkpt lat="46.582033" lon="13.170263">
				<ele>1858.000000</ele>
			</trkpt>
			<trkpt lat="46.582033" lon="13.170273">
				<ele>1858.000000</ele>
			</trkpt>
			<trkpt lat="46.582033" lon="13.170326">
				<ele>1859.000000</ele>
			</trkpt>
			<trkpt lat="46.582033" lon="13.170362">
				<ele>1859.000000</ele>
			</trkpt>
			<trkpt lat="46.582027" lon="13.170389">
				<ele>1859.000000</ele>
			</trkpt>
			<trkpt lat="46.582014" lon="13.170425">
				<ele>1860.000000</ele>
			</trkpt>
			<trkpt lat="46.582014" lon="13.170452">
				<ele>1860.000000</ele>
			</trkpt>
			<trkpt lat="46.582014" lon="13.170479">
				<ele>1860.000000</ele>
			</trkpt>
			<trkpt lat="46.582008" lon="13.170506">
				<ele>1860.000000</ele>
			</trkpt>
			<trkpt lat="46.582002" lon="13.170533">
				<ele>1860.000000</ele>
			</trkpt>
			<trkpt lat="46.581996" lon="13.170569">
				<ele>1861.000000</ele>
			</trkpt>
			<trkpt lat="46.581989" lon="13.170596">
				<ele>1861.000000</ele>
			</trkpt>
			<trkpt lat="46.581971" lon="13.170623">
				<ele>1861.000000</ele>
			</trkpt>
			<trkpt lat="46.581965" lon="13.170649">
				<ele>1861.000000</ele>
			</trkpt>
			<trkpt lat="46.581952" lon="13.170676">
				<ele>1861.000000</ele>
			</trkpt>
			<trkpt lat="46.581946" lon="13.170712">
				<ele>1861.000000</ele>
			</trkpt>
			<trkpt lat="46.581934" lon="13.170749">
				<ele>1862.000000</ele>
			</trkpt>
			<trkpt lat="46.581915" lon="13.170775">
				<ele>1862.000000</ele>
			</trkpt>
			<trkpt lat="46.581903" lon="13.170802">
				<ele>1862.000000</ele>
			</trkpt>
			<trkpt lat="46.581884" lon="13.170820">
				<ele>1862.000000</ele>
			</trkpt>
			<trkpt lat="46.581866" lon="13.170847">
				<ele>1862.000000</ele>
			</trkpt>
			<trkpt lat="46.581860" lon="13.170865">
				<ele>1863.000000</ele>
			</trkpt>
			<trkpt lat="46.581854" lon="13.170875">
				<ele>1863.000000</ele>
			</trkpt>
			<trkpt lat="46.581835" lon="13.170928">
				<ele>1863.000000</ele>
			</trkpt>
			<trkpt lat="46.581810" lon="13.170946">
				<ele>1863.000000</ele>
			</trkpt>
			<trkpt lat="46.581786" lon="13.170965">
				<ele>1863.000000</ele>
			</trkpt>
			<trkpt lat="46.581767" lon="13.170991">
				<ele>1863.000000</ele>
			</trkpt>
			<trkpt lat="46.581748" lon="13.171009">
				<ele>1864.000000</ele>
			</trkpt>
			<trkpt lat="46.581730" lon="13.171036">
				<ele>1864.000000</ele>
			</trkpt>
			<trkpt lat="46.581730" lon="13.171062">
				<ele>1864.000000</ele>
			</trkpt>
			<trkpt lat="46.581723" lon="13.171089">
				<ele>1864.000000</ele>
			</trkpt>
			<trkpt lat="46.581723" lon="13.171116">
				<ele>1864.000000</ele>
			</trkpt>
			<trkpt lat="46.581723" lon="13.171144">
				<ele>1864.000000</ele>
			</trkpt>
			<trkpt lat="46.581717" lon="13.171179">
				<ele>1865.000000</ele>
			</trkpt>
			<trkpt lat="46.581711" lon="13.171215">
				<ele>1865.000000</ele>
			</trkpt>
			<trkpt lat="46.581699" lon="13.171233">
				<ele>1865.000000</ele>
			</trkpt>
			<trkpt lat="46.581693" lon="13.171261">
				<ele>1865.000000</ele>
			</trkpt>
			<trkpt lat="46.581681" lon="13.171278">
				<ele>1865.000000</ele>
			</trkpt>
			<trkpt lat="46.581675" lon="13.171305">
				<ele>1865.000000</ele>
			</trkpt>
			<trkpt lat="46.581662" lon="13.171341">
				<ele>1866.000000</ele>
			</trkpt>
			<trkpt lat="46.581650" lon="13.171359">
				<ele>1866.000000</ele>
			</trkpt>
			<trkpt lat="46.581625" lon="13.171378">
				<ele>1866.000000</ele>
			</trkpt>
			<trkpt lat="46.581606" lon="13.171404">
				<ele>1866.000000</ele>
			</trkpt>
			<trkpt lat="46.581600" lon="13.171404">
				<ele>1866.000000</ele>
			</trkpt>
			<trkpt lat="46.581569" lon="13.171458">
				<ele>1867.000000</ele>
			</trkpt>
			<trkpt lat="46.581557" lon="13.171485">
				<ele>1867.000000</ele>
			</trkpt>
			<trkpt lat="46.581551" lon="13.171512">
				<ele>1867.000000</ele>
			</trkpt>
			<trkpt lat="46.581544" lon="13.171548">
				<ele>1867.000000</ele>
			</trkpt>
			<trkpt lat="46.581538" lon="13.171584">
				<ele>1867.000000</ele>
			</trkpt>
			<trkpt lat="46.581538" lon="13.171611">
				<ele>1867.000000</ele>
			</trkpt>
			<trkpt lat="46.581538" lon="13.171647">
				<ele>1868.000000</ele>
			</trkpt>
			<trkpt lat="46.581526" lon="13.171674">
				<ele>1868.000000</ele>
			</trkpt>
			<trkpt lat="46.581508" lon="13.171701">
				<ele>1868.000000</ele>
			</trkpt>
			<trkpt lat="46.581483" lon="13.171718">
				<ele>1868.000000</ele>
			</trkpt>
			<trkpt lat="46.581465" lon="13.171728">
				<ele>1868.000000</ele>
			</trkpt>
			<trkpt lat="46.581446" lon="13.171737">
				<ele>1868.000000</ele>
			</trkpt>
			<trkpt lat="46.581427" lon="13.171754">
				<ele>1869.000000</ele>
			</trkpt>
			<trkpt lat="46.581409" lon="13.171781">
				<ele>1869.000000</ele>
			</trkpt>
			<trkpt lat="46.581384" lon="13.171799">
				<ele>1869.000000</ele>
			</trkpt>
			<trkpt lat="46.581365" lon="13.171808">
				<ele>1869.000000</ele>
			</trkpt>
			<trkpt lat="46.581353" lon="13.171818">
				<ele>1869.000000</ele>
			</trkpt>
			<trkpt lat="46.581341" lon="13.171827">
				<ele>1869.000000</ele>
			</trkpt>
			<trkpt lat="46.581316" lon="13.171844">
				<ele>1870.000000</ele>
			</trkpt>
			<trkpt lat="46.581298" lon="13.171862">
				<ele>1870.000000</ele>
			</trkpt>
			<trkpt lat="46.581273" lon="13.171881">
				<ele>1870.000000</ele>
			</trkpt>
			<trkpt lat="46.581261" lon="13.171907">
				<ele>1870.000000</ele>
			</trkpt>
			<trkpt lat="46.581255" lon="13.171907">
				<ele>1870.000000</ele>
			</trkpt>
			<trkpt lat="46.581224" lon="13.171934">
				<ele>1870.000000</ele>
			</trkpt>
			<trkpt lat="46.581205" lon="13.171944">
				<ele>1870.000000</ele>
			</trkpt>
			<trkpt lat="46.581180" lon="13.171952">
				<ele>1870.000000</ele>
			</trkpt>
			<trkpt lat="46.581162" lon="13.171970">
				<ele>1870.000000</ele>
			</trkpt>
			<trkpt lat="46.581137" lon="13.171988">
				<ele>1870.000000</ele>
			</trkpt>
			<trkpt lat="46.581119" lon="13.171978">
				<ele>1870.000000</ele>
			</trkpt>
			<trkpt lat="46.581094" lon="13.171997">
				<ele>1870.000000</ele>
			</trkpt>
			<trkpt lat="46.581088" lon="13.172024">
				<ele>1870.000000</ele>
			</trkpt>
			<trkpt lat="46.581082" lon="13.172078">
				<ele>1870.000000</ele>
			</trkpt>
			<trkpt lat="46.581076" lon="13.172096">
				<ele>1870.000000</ele>
			</trkpt>
			<trkpt lat="46.581069" lon="13.172123">
				<ele>1870.000000</ele>
			</trkpt>
			<trkpt lat="46.581057" lon="13.172131">
				<ele>1870.000000</ele>
			</trkpt>
			<trkpt lat="46.581045" lon="13.172158">
				<ele>1870.000000</ele>
			</trkpt>
			<trkpt lat="46.581032" lon="13.172194">
				<ele>1870.000000</ele>
			</trkpt>
			<trkpt lat="46.581069" lon="13.172428">
				<ele>1870.000000</ele>
			</trkpt>
			<trkpt lat="46.581063" lon="13.172464">
				<ele>1870.000000</ele>
			</trkpt>
			<trkpt lat="46.581026" lon="13.172599">
				<ele>1870.000000</ele>
			</trkpt>
			<trkpt lat="46.580964" lon="13.172697">
				<ele>1870.000000</ele>
			</trkpt>
			<trkpt lat="46.580915" lon="13.172850">
				<ele>1870.000000</ele>
			</trkpt>
			<trkpt lat="46.580866" lon="13.173102">
				<ele>1870.000000</ele>
			</trkpt>
			<trkpt lat="46.580755" lon="13.173489">
				<ele>1870.000000</ele>
			</trkpt>
			<trkpt lat="46.580779" lon="13.173659">
				<ele>1870.000000</ele>
			</trkpt>
			<trkpt lat="46.580736" lon="13.173928">
				<ele>1870.000000</ele>
			</trkpt>
			<trkpt lat="46.580643" lon="13.174099">
				<ele>1870.000000</ele>
			</trkpt>
			<trkpt lat="46.580687" lon="13.174305">
				<ele>1870.000000</ele>
			</trkpt>
			<trkpt lat="46.580687" lon="13.174557">
				<ele>1870.000000</ele>
			</trkpt>
			<trkpt lat="46.580705" lon="13.174584">
				<ele>1870.000000</ele>
			</trkpt>
			<trkpt lat="46.580711" lon="13.174620">
				<ele>1870.000000</ele>
			</trkpt>
			<trkpt lat="46.580724" lon="13.174647">
				<ele>1870.000000</ele>
			</trkpt>
			<trkpt lat="46.580736" lon="13.174683">
				<ele>1870.000000</ele>
			</trkpt>
			<trkpt lat="46.580742" lon="13.174710">
				<ele>1870.000000</ele>
			</trkpt>
			<trkpt lat="46.580705" lon="13.174800">
				<ele>1870.000000</ele>
			</trkpt>
			<trkpt lat="46.580655" lon="13.174890">
				<ele>1870.000000</ele>
			</trkpt>
			<trkpt lat="46.580637" lon="13.174961">
				<ele>1870.000000</ele>
			</trkpt>
			<trkpt lat="46.580662" lon="13.175015">
				<ele>1870.000000</ele>
			</trkpt>
			<trkpt lat="46.580680" lon="13.175105">
				<ele>1870.000000</ele>
			</trkpt>
			<trkpt lat="46.580674" lon="13.175213">
				<ele>1870.000000</ele>
			</trkpt>
			<trkpt lat="46.580649" lon="13.175330">
				<ele>1870.000000</ele>
			</trkpt>
			<trkpt lat="46.580655" lon="13.175527">
				<ele>1870.000000</ele>
			</trkpt>
			<trkpt lat="46.580674" lon="13.175653">
				<ele>1870.000000</ele>
			</trkpt>
			<trkpt lat="46.580637" lon="13.175743">
				<ele>1870.000000</ele>
			</trkpt>
			<trkpt lat="46.580612" lon="13.175913">
				<ele>1870.000000</ele>
			</trkpt>
			<trkpt lat="46.580600" lon="13.175968">
				<ele>1870.000000</ele>
			</trkpt>
			<trkpt lat="46.580582" lon="13.176003">
				<ele>1870.000000</ele>
			</trkpt>
			<trkpt lat="46.580575" lon="13.176039">
				<ele>1870.000000</ele>
			</trkpt>
			<trkpt lat="46.580569" lon="13.176085">
				<ele>1870.000000</ele>
			</trkpt>
			<trkpt lat="46.580569" lon="13.176102">
				<ele>1870.000000</ele>
			</trkpt>
			<trkpt lat="46.580563" lon="13.176139">
				<ele>1870.000000</ele>
			</trkpt>
			<trkpt lat="46.580551" lon="13.176165">
				<ele>1870.000000</ele>
			</trkpt>
			<trkpt lat="46.580545" lon="13.176202">
				<ele>1870.000000</ele>
			</trkpt>
			<trkpt lat="46.580539" lon="13.176228">
				<ele>1870.000000</ele>
			</trkpt>
			<trkpt lat="46.580526" lon="13.176255">
				<ele>1870.000000</ele>
			</trkpt>
			<trkpt lat="46.580520" lon="13.176291">
				<ele>1870.000000</ele>
			</trkpt>
			<trkpt lat="46.580520" lon="13.176318">
				<ele>1870.000000</ele>
			</trkpt>
			<trkpt lat="46.580514" lon="13.176345">
				<ele>1870.000000</ele>
			</trkpt>
			<trkpt lat="46.580501" lon="13.176372">
				<ele>1870.000000</ele>
			</trkpt>
			<trkpt lat="46.580495" lon="13.176399">
				<ele>1870.000000</ele>
			</trkpt>
			<trkpt lat="46.580489" lon="13.176435">
				<ele>1870.000000</ele>
			</trkpt>
			<trkpt lat="46.580483" lon="13.176471">
				<ele>1870.000000</ele>
			</trkpt>
			<trkpt lat="46.580476" lon="13.176498">
				<ele>1870.000000</ele>
			</trkpt>
			<trkpt lat="46.580470" lon="13.176525">
				<ele>1870.000000</ele>
			</trkpt>
			<trkpt lat="46.580464" lon="13.176552">
				<ele>1870.000000</ele>
			</trkpt>
			<trkpt lat="46.580458" lon="13.176578">
				<ele>1870.000000</ele>
			</trkpt>
			<trkpt lat="46.580445" lon="13.176596">
				<ele>1870.000000</ele>
			</trkpt>
			<trkpt lat="46.580433" lon="13.176623">
				<ele>1870.000000</ele>
			</trkpt>
			<trkpt lat="46.580421" lon="13.176651">
				<ele>1870.000000</ele>
			</trkpt>
			<trkpt lat="46.580409" lon="13.176668">
				<ele>1870.000000</ele>
			</trkpt>
			<trkpt lat="46.580409" lon="13.176704">
				<ele>1870.000000</ele>
			</trkpt>
			<trkpt lat="46.580396" lon="13.176741">
				<ele>1869.000000</ele>
			</trkpt>
			<trkpt lat="46.580396" lon="13.176749">
				<ele>1869.000000</ele>
			</trkpt>
			<trkpt lat="46.580384" lon="13.176794">
				<ele>1869.000000</ele>
			</trkpt>
			<trkpt lat="46.580384" lon="13.176831">
				<ele>1869.000000</ele>
			</trkpt>
			<trkpt lat="46.580378" lon="13.176857">
				<ele>1869.000000</ele>
			</trkpt>
			<trkpt lat="46.580372" lon="13.176892">
				<ele>1869.000000</ele>
			</trkpt>
			<trkpt lat="46.580366" lon="13.176928">
				<ele>1868.000000</ele>
			</trkpt>
			<trkpt lat="46.580359" lon="13.176955">
				<ele>1868.000000</ele>
			</trkpt>
			<trkpt lat="46.580359" lon="13.176991">
				<ele>1868.000000</ele>
			</trkpt>
			<trkpt lat="46.580353" lon="13.177018">
				<ele>1868.000000</ele>
			</trkpt>
			<trkpt lat="46.580347" lon="13.177055">
				<ele>1868.000000</ele>
			</trkpt>
			<trkpt lat="46.580335" lon="13.177081">
				<ele>1867.000000</ele>
			</trkpt>
			<trkpt lat="46.580310" lon="13.177099">
				<ele>1867.000000</ele>
			</trkpt>
			<trkpt lat="46.580285" lon="13.177118">
				<ele>1867.000000</ele>
			</trkpt>
			<trkpt lat="46.580266" lon="13.177135">
				<ele>1867.000000</ele>
			</trkpt>
			<trkpt lat="46.580236" lon="13.177144">
				<ele>1867.000000</ele>
			</trkpt>
			<trkpt lat="46.580193" lon="13.177171">
				<ele>1870.000000</ele>
			</trkpt>
			<trkpt lat="46.580180" lon="13.177189">
				<ele>1870.000000</ele>
			</trkpt>
			<trkpt lat="46.580174" lon="13.177189">
				<ele>1870.000000</ele>
			</trkpt>
			<trkpt lat="46.580174" lon="13.177198">
				<ele>1870.000000</ele>
			</trkpt>
			<trkpt lat="46.580162" lon="13.177225">
				<ele>1869.000000</ele>
			</trkpt>
			<trkpt lat="46.580156" lon="13.177252">
				<ele>1869.000000</ele>
			</trkpt>
			<trkpt lat="46.580149" lon="13.177307">
				<ele>1868.000000</ele>
			</trkpt>
			<trkpt lat="46.580149" lon="13.177333">
				<ele>1867.000000</ele>
			</trkpt>
			<trkpt lat="46.580149" lon="13.177368">
				<ele>1867.000000</ele>
			</trkpt>
			<trkpt lat="46.580149" lon="13.177397">
				<ele>1866.000000</ele>
			</trkpt>
			<trkpt lat="46.580149" lon="13.177414">
				<ele>1866.000000</ele>
			</trkpt>
			<trkpt lat="46.580143" lon="13.177450">
				<ele>1865.000000</ele>
			</trkpt>
			<trkpt lat="46.580137" lon="13.177477">
				<ele>1865.000000</ele>
			</trkpt>
			<trkpt lat="46.580143" lon="13.177504">
				<ele>1864.000000</ele>
			</trkpt>
			<trkpt lat="46.580131" lon="13.177557">
				<ele>1864.000000</ele>
			</trkpt>
			<trkpt lat="46.580112" lon="13.177584">
				<ele>1864.000000</ele>
			</trkpt>
			<trkpt lat="46.580100" lon="13.177611">
				<ele>1864.000000</ele>
			</trkpt>
			<trkpt lat="46.580094" lon="13.177630">
				<ele>1863.000000</ele>
			</trkpt>
			<trkpt lat="46.580087" lon="13.177657">
				<ele>1863.000000</ele>
			</trkpt>
			<trkpt lat="46.580075" lon="13.177701">
				<ele>1863.000000</ele>
			</trkpt>
			<trkpt lat="46.580063" lon="13.177720">
				<ele>1863.000000</ele>
			</trkpt>
			<trkpt lat="46.580056" lon="13.177747">
				<ele>1863.000000</ele>
			</trkpt>
			<trkpt lat="46.580056" lon="13.177773">
				<ele>1863.000000</ele>
			</trkpt>
			<trkpt lat="46.580032" lon="13.177810">
				<ele>1863.000000</ele>
			</trkpt>
			<trkpt lat="46.580014" lon="13.177827">
				<ele>1863.000000</ele>
			</trkpt>
			<trkpt lat="46.579989" lon="13.177836">
				<ele>1862.000000</ele>
			</trkpt>
			<trkpt lat="46.579958" lon="13.177844">
				<ele>1862.000000</ele>
			</trkpt>
			<trkpt lat="46.579939" lon="13.177854">
				<ele>1862.000000</ele>
			</trkpt>
			<trkpt lat="46.579915" lon="13.177890">
				<ele>1862.000000</ele>
			</trkpt>
			<trkpt lat="46.579883" lon="13.177907">
				<ele>1862.000000</ele>
			</trkpt>
			<trkpt lat="46.579853" lon="13.177917">
				<ele>1861.000000</ele>
			</trkpt>
			<trkpt lat="46.579828" lon="13.177907">
				<ele>1861.000000</ele>
			</trkpt>
			<trkpt lat="46.579810" lon="13.177881">
				<ele>1861.000000</ele>
			</trkpt>
			<trkpt lat="46.579791" lon="13.177863">
				<ele>1861.000000</ele>
			</trkpt>
			<trkpt lat="46.579767" lon="13.177873">
				<ele>1861.000000</ele>
			</trkpt>
			<trkpt lat="46.579735" lon="13.177881">
				<ele>1861.000000</ele>
			</trkpt>
			<trkpt lat="46.579698" lon="13.177881">
				<ele>1860.000000</ele>
			</trkpt>
			<trkpt lat="46.579674" lon="13.177873">
				<ele>1860.000000</ele>
			</trkpt>
			<trkpt lat="46.579649" lon="13.177863">
				<ele>1860.000000</ele>
			</trkpt>
			<trkpt lat="46.579619" lon="13.177881">
				<ele>1860.000000</ele>
			</trkpt>
			<trkpt lat="46.579594" lon="13.177907">
				<ele>1860.000000</ele>
			</trkpt>
			<trkpt lat="46.579532" lon="13.177907">
				<ele>1860.000000</ele>
			</trkpt>
			<trkpt lat="46.579482" lon="13.177917">
				<ele>1860.000000</ele>
			</trkpt>
			<trkpt lat="46.579452" lon="13.177926">
				<ele>1860.000000</ele>
			</trkpt>
			<trkpt lat="46.579433" lon="13.177962">
				<ele>1860.000000</ele>
			</trkpt>
			<trkpt lat="46.579427" lon="13.177970">
				<ele>1860.000000</ele>
			</trkpt>
			<trkpt lat="46.579421" lon="13.177989">
				<ele>1860.000000</ele>
			</trkpt>
			<trkpt lat="46.579396" lon="13.178016">
				<ele>1860.000000</ele>
			</trkpt>
			<trkpt lat="46.579371" lon="13.178052">
				<ele>1860.000000</ele>
			</trkpt>
			<trkpt lat="46.579365" lon="13.178097">
				<ele>1860.000000</ele>
			</trkpt>
			<trkpt lat="46.579359" lon="13.178123">
				<ele>1860.000000</ele>
			</trkpt>
			<trkpt lat="46.579359" lon="13.178160">
				<ele>1860.000000</ele>
			</trkpt>
			<trkpt lat="46.579353" lon="13.178160">
				<ele>1860.000000</ele>
			</trkpt>
			<trkpt lat="46.579346" lon="13.178186">
				<ele>1860.000000</ele>
			</trkpt>
			<trkpt lat="46.579340" lon="13.178213">
				<ele>1860.000000</ele>
			</trkpt>
			<trkpt lat="46.579334" lon="13.178249">
				<ele>1860.000000</ele>
			</trkpt>
			<trkpt lat="46.579322" lon="13.178276">
				<ele>1860.000000</ele>
			</trkpt>
			<trkpt lat="46.579309" lon="13.178303">
				<ele>1860.000000</ele>
			</trkpt>
			<trkpt lat="46.579309" lon="13.178321">
				<ele>1860.000000</ele>
			</trkpt>
			<trkpt lat="46.579291" lon="13.178366">
				<ele>1860.000000</ele>
			</trkpt>
			<trkpt lat="46.579279" lon="13.178393">
				<ele>1860.000000</ele>
			</trkpt>
			<trkpt lat="46.579273" lon="13.178420">
				<ele>1860.000000</ele>
			</trkpt>
			<trkpt lat="46.579260" lon="13.178447">
				<ele>1860.000000</ele>
			</trkpt>
			<trkpt lat="46.579260" lon="13.178473">
				<ele>1860.000000</ele>
			</trkpt>
			<trkpt lat="46.579254" lon="13.178500">
				<ele>1860.000000</ele>
			</trkpt>
			<trkpt lat="46.579254" lon="13.178528">
				<ele>1860.000000</ele>
			</trkpt>
			<trkpt lat="46.579236" lon="13.178555">
				<ele>1860.000000</ele>
			</trkpt>
			<trkpt lat="46.579217" lon="13.178582">
				<ele>1860.000000</ele>
			</trkpt>
			<trkpt lat="46.579198" lon="13.178609">
				<ele>1860.000000</ele>
			</trkpt>
			<trkpt lat="46.579192" lon="13.178636">
				<ele>1860.000000</ele>
			</trkpt>
			<trkpt lat="46.579180" lon="13.178672">
				<ele>1860.000000</ele>
			</trkpt>
			<trkpt lat="46.579180" lon="13.178699">
				<ele>1860.000000</ele>
			</trkpt>
			<trkpt lat="46.579180" lon="13.178726">
				<ele>1860.000000</ele>
			</trkpt>
			<trkpt lat="46.579167" lon="13.178762">
				<ele>1860.000000</ele>
			</trkpt>
			<trkpt lat="46.579155" lon="13.178779">
				<ele>1860.000000</ele>
			</trkpt>
			<trkpt lat="46.579143" lon="13.178806">
				<ele>1860.000000</ele>
			</trkpt>
			<trkpt lat="46.579124" lon="13.178825">
				<ele>1860.000000</ele>
			</trkpt>
			<trkpt lat="46.579112" lon="13.178852">
				<ele>1860.000000</ele>
			</trkpt>
			<trkpt lat="46.579118" lon="13.178886">
				<ele>1860.000000</ele>
			</trkpt>
			<trkpt lat="46.579124" lon="13.178896">
				<ele>1860.000000</ele>
			</trkpt>
			<trkpt lat="46.579143" lon="13.178932">
				<ele>1860.000000</ele>
			</trkpt>
			<trkpt lat="46.579149" lon="13.178959">
				<ele>1860.000000</ele>
			</trkpt>
			<trkpt lat="46.579149" lon="13.178986">
				<ele>1859.000000</ele>
			</trkpt>
			<trkpt lat="46.579143" lon="13.179022">
				<ele>1859.000000</ele>
			</trkpt>
			<trkpt lat="46.579130" lon="13.179039">
				<ele>1858.000000</ele>
			</trkpt>
			<trkpt lat="46.579124" lon="13.179066">
				<ele>1858.000000</ele>
			</trkpt>
			<trkpt lat="46.579118" lon="13.179094">
				<ele>1857.000000</ele>
			</trkpt>
			<trkpt lat="46.579112" lon="13.179121">
				<ele>1857.000000</ele>
			</trkpt>
			<trkpt lat="46.579106" lon="13.179148">
				<ele>1856.000000</ele>
			</trkpt>
			<trkpt lat="46.579094" lon="13.179175">
				<ele>1855.000000</ele>
			</trkpt>
			<trkpt lat="46.579088" lon="13.179211">
				<ele>1855.000000</ele>
			</trkpt>
			<trkpt lat="46.579075" lon="13.179238">
				<ele>1854.000000</ele>
			</trkpt>
			<trkpt lat="46.579075" lon="13.179273">
				<ele>1853.000000</ele>
			</trkpt>
			<trkpt lat="46.579069" lon="13.179301">
				<ele>1853.000000</ele>
			</trkpt>
			<trkpt lat="46.579063" lon="13.179328">
				<ele>1852.000000</ele>
			</trkpt>
			<trkpt lat="46.579044" lon="13.179345">
				<ele>1852.000000</ele>
			</trkpt>
			<trkpt lat="46.579032" lon="13.179372">
				<ele>1851.000000</ele>
			</trkpt>
			<trkpt lat="46.579019" lon="13.179399">
				<ele>1850.000000</ele>
			</trkpt>
			<trkpt lat="46.579007" lon="13.179426">
				<ele>1850.000000</ele>
			</trkpt>
			<trkpt lat="46.578988" lon="13.179435">
				<ele>1849.000000</ele>
			</trkpt>
			<trkpt lat="46.578970" lon="13.179452">
				<ele>1849.000000</ele>
			</trkpt>
			<trkpt lat="46.578951" lon="13.179462">
				<ele>1849.000000</ele>
			</trkpt>
			<trkpt lat="46.578927" lon="13.179462">
				<ele>1848.000000</ele>
			</trkpt>
			<trkpt lat="46.578915" lon="13.179462">
				<ele>1848.000000</ele>
			</trkpt>
			<trkpt lat="46.578890" lon="13.179452">
				<ele>1848.000000</ele>
			</trkpt>
			<trkpt lat="46.578865" lon="13.179452">
				<ele>1847.000000</ele>
			</trkpt>
			<trkpt lat="46.578834" lon="13.179462">
				<ele>1846.000000</ele>
			</trkpt>
			<trkpt lat="46.578809" lon="13.179452">
				<ele>1846.000000</ele>
			</trkpt>
			<trkpt lat="46.578797" lon="13.179452">
				<ele>1846.000000</ele>
			</trkpt>
			<trkpt lat="46.578784" lon="13.179452">
				<ele>1846.000000</ele>
			</trkpt>
			<trkpt lat="46.578760" lon="13.179471">
				<ele>1845.000000</ele>
			</trkpt>
			<trkpt lat="46.578735" lon="13.179489">
				<ele>1844.000000</ele>
			</trkpt>
			<trkpt lat="46.578717" lon="13.179507">
				<ele>1844.000000</ele>
			</trkpt>
			<trkpt lat="46.578692" lon="13.179525">
				<ele>1844.000000</ele>
			</trkpt>
			<trkpt lat="46.578674" lon="13.179542">
				<ele>1843.000000</ele>
			</trkpt>
			<trkpt lat="46.578655" lon="13.179552">
				<ele>1843.000000</ele>
			</trkpt>
			<trkpt lat="46.578636" lon="13.179561">
				<ele>1842.000000</ele>
			</trkpt>
			<trkpt lat="46.578612" lon="13.179570">
				<ele>1842.000000</ele>
			</trkpt>
			<trkpt lat="46.578599" lon="13.179597">
				<ele>1842.000000</ele>
			</trkpt>
			<trkpt lat="46.578581" lon="13.179605">
				<ele>1841.000000</ele>
			</trkpt>
			<trkpt lat="46.578562" lon="13.179615">
				<ele>1841.000000</ele>
			</trkpt>
			<trkpt lat="46.578544" lon="13.179624">
				<ele>1840.000000</ele>
			</trkpt>
			<trkpt lat="46.578526" lon="13.179642">
				<ele>1840.000000</ele>
			</trkpt>
			<trkpt lat="46.578507" lon="13.179632">
				<ele>1840.000000</ele>
			</trkpt>
			<trkpt lat="46.578482" lon="13.179642">
				<ele>1840.000000</ele>
			</trkpt>
			<trkpt lat="46.578457" lon="13.179651">
				<ele>1840.000000</ele>
			</trkpt>
			<trkpt lat="46.578439" lon="13.179660">
				<ele>1840.000000</ele>
			</trkpt>
			<trkpt lat="46.578414" lon="13.179668">
				<ele>1840.000000</ele>
			</trkpt>
			<trkpt lat="46.578396" lon="13.179695">
				<ele>1839.000000</ele>
			</trkpt>
			<trkpt lat="46.578377" lon="13.179714">
				<ele>1839.000000</ele>
			</trkpt>
			<trkpt lat="46.578365" lon="13.179731">
				<ele>1839.000000</ele>
			</trkpt>
			<trkpt lat="46.578340" lon="13.179741">
				<ele>1838.000000</ele>
			</trkpt>
			<trkpt lat="46.578316" lon="13.179758">
				<ele>1838.000000</ele>
			</trkpt>
			<trkpt lat="46.578297" lon="13.179777">
				<ele>1838.000000</ele>
			</trkpt>
			<trkpt lat="46.578278" lon="13.179794">
				<ele>1838.000000</ele>
			</trkpt>
			<trkpt lat="46.578260" lon="13.179821">
				<ele>1837.000000</ele>
			</trkpt>
			<trkpt lat="46.578241" lon="13.179839">
				<ele>1837.000000</ele>
			</trkpt>
			<trkpt lat="46.578223" lon="13.179857">
				<ele>1837.000000</ele>
			</trkpt>
			<trkpt lat="46.578216" lon="13.179867">
				<ele>1836.000000</ele>
			</trkpt>
			<trkpt lat="46.578186" lon="13.179902">
				<ele>1836.000000</ele>
			</trkpt>
			<trkpt lat="46.578180" lon="13.179920">
				<ele>1836.000000</ele>
			</trkpt>
			<trkpt lat="46.578155" lon="13.179957">
				<ele>1835.000000</ele>
			</trkpt>
			<trkpt lat="46.578143" lon="13.179974">
				<ele>1835.000000</ele>
			</trkpt>
			<trkpt lat="46.578130" lon="13.179983">
				<ele>1835.000000</ele>
			</trkpt>
			<trkpt lat="46.578106" lon="13.180001">
				<ele>1834.000000</ele>
			</trkpt>
			<trkpt lat="46.578081" lon="13.180010">
				<ele>1834.000000</ele>
			</trkpt>
			<trkpt lat="46.578062" lon="13.180018">
				<ele>1834.000000</ele>
			</trkpt>
			<trkpt lat="46.578037" lon="13.180037">
				<ele>1833.000000</ele>
			</trkpt>
			<trkpt lat="46.578019" lon="13.180055">
				<ele>1833.000000</ele>
			</trkpt>
			<trkpt lat="46.578001" lon="13.180055">
				<ele>1833.000000</ele>
			</trkpt>
			<trkpt lat="46.577976" lon="13.180037">
				<ele>1833.000000</ele>
			</trkpt>
			<trkpt lat="46.577964" lon="13.180100">
				<ele>1832.000000</ele>
			</trkpt>
			<trkpt lat="46.577970" lon="13.180127">
				<ele>1832.000000</ele>
			</trkpt>
			<trkpt lat="46.577970" lon="13.180163">
				<ele>1831.000000</ele>
			</trkpt>
			<trkpt lat="46.577982" lon="13.180181">
				<ele>1831.000000</ele>
			</trkpt>
			<trkpt lat="46.578001" lon="13.180198">
				<ele>1831.000000</ele>
			</trkpt>
			<trkpt lat="46.578013" lon="13.180226">
				<ele>1830.000000</ele>
			</trkpt>
			<trkpt lat="46.578025" lon="13.180244">
				<ele>1830.000000</ele>
			</trkpt>
			<trkpt lat="46.578025" lon="13.180280">
				<ele>1830.000000</ele>
			</trkpt>
			<trkpt lat="46.578013" lon="13.180297">
				<ele>1830.000000</ele>
			</trkpt>
			<trkpt lat="46.578001" lon="13.180307">
				<ele>1829.000000</ele>
			</trkpt>
			<trkpt lat="46.577982" lon="13.180343">
				<ele>1829.000000</ele>
			</trkpt>
			<trkpt lat="46.577976" lon="13.180370">
				<ele>1829.000000</ele>
			</trkpt>
			<trkpt lat="46.577964" lon="13.180397">
				<ele>1828.000000</ele>
			</trkpt>
			<trkpt lat="46.577958" lon="13.180405">
				<ele>1828.000000</ele>
			</trkpt>
			<trkpt lat="46.577939" lon="13.180441">
				<ele>1828.000000</ele>
			</trkpt>
			<trkpt lat="46.577933" lon="13.180468">
				<ele>1827.000000</ele>
			</trkpt>
			<trkpt lat="46.577920" lon="13.180486">
				<ele>1827.000000</ele>
			</trkpt>
			<trkpt lat="46.577908" lon="13.180523">
				<ele>1827.000000</ele>
			</trkpt>
			<trkpt lat="46.577902" lon="13.180549">
				<ele>1827.000000</ele>
			</trkpt>
			<trkpt lat="46.577895" lon="13.180576">
				<ele>1826.000000</ele>
			</trkpt>
			<trkpt lat="46.577889" lon="13.180603">
				<ele>1826.000000</ele>
			</trkpt>
			<trkpt lat="46.577883" lon="13.180630">
				<ele>1826.000000</ele>
			</trkpt>
			<trkpt lat="46.577871" lon="13.180657">
				<ele>1825.000000</ele>
			</trkpt>
			<trkpt lat="46.577858" lon="13.180684">
				<ele>1825.000000</ele>
			</trkpt>
			<trkpt lat="46.577840" lon="13.180702">
				<ele>1825.000000</ele>
			</trkpt>
			<trkpt lat="46.577834" lon="13.180729">
				<ele>1824.000000</ele>
			</trkpt>
			<trkpt lat="46.577815" lon="13.180756">
				<ele>1824.000000</ele>
			</trkpt>
			<trkpt lat="46.577797" lon="13.180764">
				<ele>1824.000000</ele>
			</trkpt>
			<trkpt lat="46.577778" lon="13.180783">
				<ele>1823.000000</ele>
			</trkpt>
			<trkpt lat="46.577760" lon="13.180800">
				<ele>1823.000000</ele>
			</trkpt>
			<trkpt lat="46.577741" lon="13.180827">
				<ele>1823.000000</ele>
			</trkpt>
			<trkpt lat="46.577723" lon="13.180846">
				<ele>1822.000000</ele>
			</trkpt>
			<trkpt lat="46.577704" lon="13.180854">
				<ele>1822.000000</ele>
			</trkpt>
			<trkpt lat="46.577685" lon="13.180854">
				<ele>1822.000000</ele>
			</trkpt>
			<trkpt lat="46.577667" lon="13.180863">
				<ele>1821.000000</ele>
			</trkpt>
			<trkpt lat="46.577642" lon="13.180873">
				<ele>1821.000000</ele>
			</trkpt>
			<trkpt lat="46.577624" lon="13.180899">
				<ele>1821.000000</ele>
			</trkpt>
			<trkpt lat="46.577612" lon="13.180926">
				<ele>1820.000000</ele>
			</trkpt>
			<trkpt lat="46.577606" lon="13.180936">
				<ele>1820.000000</ele>
			</trkpt>
			<trkpt lat="46.577593" lon="13.180953">
				<ele>1820.000000</ele>
			</trkpt>
			<trkpt lat="46.577581" lon="13.180971">
				<ele>1820.000000</ele>
			</trkpt>
			<trkpt lat="46.577575" lon="13.180980">
				<ele>1820.000000</ele>
			</trkpt>
			<trkpt lat="46.577575" lon="13.181016">
				<ele>1820.000000</ele>
			</trkpt>
			<trkpt lat="46.577581" lon="13.181034">
				<ele>1820.000000</ele>
			</trkpt>
			<trkpt lat="46.577587" lon="13.181060">
				<ele>1818.000000</ele>
			</trkpt>
			<trkpt lat="46.577581" lon="13.181089">
				<ele>1816.000000</ele>
			</trkpt>
			<trkpt lat="46.577587" lon="13.181115">
				<ele>1814.000000</ele>
			</trkpt>
			<trkpt lat="46.577593" lon="13.181142">
				<ele>1812.000000</ele>
			</trkpt>
			<trkpt lat="46.577587" lon="13.181178">
				<ele>1809.000000</ele>
			</trkpt>
			<trkpt lat="46.577587" lon="13.181213">
				<ele>1807.000000</ele>
			</trkpt>
			<trkpt lat="46.577581" lon="13.181249">
				<ele>1807.000000</ele>
			</trkpt>
			<trkpt lat="46.577575" lon="13.181249">
				<ele>1806.000000</ele>
			</trkpt>
			<trkpt lat="46.577575" lon="13.181313">
				<ele>1806.000000</ele>
			</trkpt>
			<trkpt lat="46.577581" lon="13.181330">
				<ele>1806.000000</ele>
			</trkpt>
			<trkpt lat="46.577593" lon="13.181357">
				<ele>1806.000000</ele>
			</trkpt>
			<trkpt lat="46.577593" lon="13.181385">
				<ele>1806.000000</ele>
			</trkpt>
			<trkpt lat="46.577593" lon="13.181420">
				<ele>1806.000000</ele>
			</trkpt>
			<trkpt lat="46.577599" lon="13.181456">
				<ele>1806.000000</ele>
			</trkpt>
			<trkpt lat="46.577606" lon="13.181483">
				<ele>1805.000000</ele>
			</trkpt>
			<trkpt lat="46.577612" lon="13.181510">
				<ele>1805.000000</ele>
			</trkpt>
			<trkpt lat="46.577599" lon="13.181536">
				<ele>1805.000000</ele>
			</trkpt>
			<trkpt lat="46.577581" lon="13.181565">
				<ele>1805.000000</ele>
			</trkpt>
			<trkpt lat="46.577575" lon="13.181591">
				<ele>1805.000000</ele>
			</trkpt>
			<trkpt lat="46.577575" lon="13.181626">
				<ele>1805.000000</ele>
			</trkpt>
			<trkpt lat="46.577581" lon="13.181636">
				<ele>1805.000000</ele>
			</trkpt>
			<trkpt lat="46.577581" lon="13.181663">
				<ele>1805.000000</ele>
			</trkpt>
			<trkpt lat="46.577575" lon="13.181681">
				<ele>1805.000000</ele>
			</trkpt>
			<trkpt lat="46.577575" lon="13.181699">
				<ele>1804.000000</ele>
			</trkpt>
			<trkpt lat="46.577562" lon="13.181716">
				<ele>1804.000000</ele>
			</trkpt>
			<trkpt lat="46.577550" lon="13.181726">
				<ele>1804.000000</ele>
			</trkpt>
			<trkpt lat="46.577537" lon="13.181744">
				<ele>1804.000000</ele>
			</trkpt>
			<trkpt lat="46.577519" lon="13.181762">
				<ele>1804.000000</ele>
			</trkpt>
			<trkpt lat="46.577512" lon="13.181779">
				<ele>1804.000000</ele>
			</trkpt>
			<trkpt lat="46.577500" lon="13.181798">
				<ele>1804.000000</ele>
			</trkpt>
			<trkpt lat="46.577494" lon="13.181815">
				<ele>1804.000000</ele>
			</trkpt>
			<trkpt lat="46.577482" lon="13.181834">
				<ele>1804.000000</ele>
			</trkpt>
			<trkpt lat="46.577476" lon="13.181852">
				<ele>1804.000000</ele>
			</trkpt>
			<trkpt lat="46.577457" lon="13.181878">
				<ele>1803.000000</ele>
			</trkpt>
			<trkpt lat="46.577445" lon="13.181905">
				<ele>1803.000000</ele>
			</trkpt>
			<trkpt lat="46.577433" lon="13.181932">
				<ele>1803.000000</ele>
			</trkpt>
			<trkpt lat="46.577427" lon="13.181968">
				<ele>1803.000000</ele>
			</trkpt>
			<trkpt lat="46.577414" lon="13.181986">
				<ele>1803.000000</ele>
			</trkpt>
			<trkpt lat="46.577408" lon="13.182022">
				<ele>1803.000000</ele>
			</trkpt>
			<trkpt lat="46.577408" lon="13.182068">
				<ele>1803.000000</ele>
			</trkpt>
			<trkpt lat="46.577408" lon="13.182085">
				<ele>1802.000000</ele>
			</trkpt>
			<trkpt lat="46.577396" lon="13.182139">
				<ele>1802.000000</ele>
			</trkpt>
			<trkpt lat="46.577358" lon="13.182165">
				<ele>1802.000000</ele>
			</trkpt>
			<trkpt lat="46.577346" lon="13.182202">
				<ele>1802.000000</ele>
			</trkpt>
			<trkpt lat="46.577333" lon="13.182238">
				<ele>1802.000000</ele>
			</trkpt>
			<trkpt lat="46.577315" lon="13.182282">
				<ele>1801.000000</ele>
			</trkpt>
			<trkpt lat="46.577309" lon="13.182318">
				<ele>1801.000000</ele>
			</trkpt>
			<trkpt lat="46.577309" lon="13.182355">
				<ele>1801.000000</ele>
			</trkpt>
			<trkpt lat="46.577303" lon="13.182418">
				<ele>1801.000000</ele>
			</trkpt>
			<trkpt lat="46.577296" lon="13.182462">
				<ele>1801.000000</ele>
			</trkpt>
			<trkpt lat="46.577290" lon="13.182498">
				<ele>1801.000000</ele>
			</trkpt>
			<trkpt lat="46.577272" lon="13.182534">
				<ele>1800.000000</ele>
			</trkpt>
			<trkpt lat="46.577248" lon="13.182561">
				<ele>1800.000000</ele>
			</trkpt>
			<trkpt lat="46.577229" lon="13.182579">
				<ele>1800.000000</ele>
			</trkpt>
			<trkpt lat="46.577204" lon="13.182588">
				<ele>1800.000000</ele>
			</trkpt>
			<trkpt lat="46.577185" lon="13.182624">
				<ele>1800.000000</ele>
			</trkpt>
			<trkpt lat="46.577167" lon="13.182651">
				<ele>1800.000000</ele>
			</trkpt>
			<trkpt lat="46.577154" lon="13.182660">
				<ele>1800.000000</ele>
			</trkpt>
			<trkpt lat="46.577136" lon="13.182697">
				<ele>1800.000000</ele>
			</trkpt>
			<trkpt lat="46.577117" lon="13.182723">
				<ele>1800.000000</ele>
			</trkpt>
			<trkpt lat="46.577099" lon="13.182741">
				<ele>1800.000000</ele>
			</trkpt>
			<trkpt lat="46.577093" lon="13.182750">
				<ele>1800.000000</ele>
			</trkpt>
			<trkpt lat="46.577068" lon="13.182758">
				<ele>1800.000000</ele>
			</trkpt>
			<trkpt lat="46.577056" lon="13.182768">
				<ele>1800.000000</ele>
			</trkpt>
			<trkpt lat="46.577031" lon="13.182794">
				<ele>1800.000000</ele>
			</trkpt>
			<trkpt lat="46.577019" lon="13.182831">
				<ele>1800.000000</ele>
			</trkpt>
			<trkpt lat="46.577019" lon="13.182867">
				<ele>1800.000000</ele>
			</trkpt>
			<trkpt lat="46.577019" lon="13.182911">
				<ele>1800.000000</ele>
			</trkpt>
			<trkpt lat="46.577025" lon="13.182947">
				<ele>1800.000000</ele>
			</trkpt>
			<trkpt lat="46.577025" lon="13.182957">
				<ele>1800.000000</ele>
			</trkpt>
			<trkpt lat="46.577025" lon="13.182974">
				<ele>1800.000000</ele>
			</trkpt>
			<trkpt lat="46.577025" lon="13.183010">
				<ele>1800.000000</ele>
			</trkpt>
			<trkpt lat="46.577025" lon="13.183047">
				<ele>1800.000000</ele>
			</trkpt>
			<trkpt lat="46.577031" lon="13.183083">
				<ele>1800.000000</ele>
			</trkpt>
			<trkpt lat="46.577025" lon="13.183110">
				<ele>1800.000000</ele>
			</trkpt>
			<trkpt lat="46.577019" lon="13.183127">
				<ele>1800.000000</ele>
			</trkpt>
			<trkpt lat="46.577006" lon="13.183136">
				<ele>1800.000000</ele>
			</trkpt>
			<trkpt lat="46.576994" lon="13.183154">
				<ele>1800.000000</ele>
			</trkpt>
			<trkpt lat="46.576994" lon="13.183173">
				<ele>1800.000000</ele>
			</trkpt>
			<trkpt lat="46.576988" lon="13.183208">
				<ele>1800.000000</ele>
			</trkpt>
			<trkpt lat="46.576988" lon="13.183234">
				<ele>1800.000000</ele>
			</trkpt>
			<trkpt lat="46.576994" lon="13.183271">
				<ele>1800.000000</ele>
			</trkpt>
			<trkpt lat="46.576994" lon="13.183307">
				<ele>1800.000000</ele>
			</trkpt>
			<trkpt lat="46.577000" lon="13.183343">
				<ele>1800.000000</ele>
			</trkpt>
			<trkpt lat="46.577006" lon="13.183360">
				<ele>1800.000000</ele>
			</trkpt>
			<trkpt lat="46.577013" lon="13.183379">
				<ele>1800.000000</ele>
			</trkpt>
			<trkpt lat="46.577013" lon="13.183414">
				<ele>1800.000000</ele>
			</trkpt>
			<trkpt lat="46.577013" lon="13.183450">
				<ele>1800.000000</ele>
			</trkpt>
			<trkpt lat="46.577006" lon="13.183486">
				<ele>1800.000000</ele>
			</trkpt>
			<trkpt lat="46.576994" lon="13.183513">
				<ele>1800.000000</ele>
			</trkpt>
			<trkpt lat="46.576988" lon="13.183531">
				<ele>1800.000000</ele>
			</trkpt>
			<trkpt lat="46.576975" lon="13.183549">
				<ele>1800.000000</ele>
			</trkpt>
			<trkpt lat="46.576969" lon="13.183567">
				<ele>1800.000000</ele>
			</trkpt>
			<trkpt lat="46.576963" lon="13.183586">
				<ele>1800.000000</ele>
			</trkpt>
			<trkpt lat="46.576957" lon="13.183603">
				<ele>1800.000000</ele>
			</trkpt>
			<trkpt lat="46.576944" lon="13.183621">
				<ele>1800.000000</ele>
			</trkpt>
			<trkpt lat="46.576938" lon="13.183639">
				<ele>1800.000000</ele>
			</trkpt>
			<trkpt lat="46.576932" lon="13.183657">
				<ele>1800.000000</ele>
			</trkpt>
			<trkpt lat="46.576920" lon="13.183684">
				<ele>1800.000000</ele>
			</trkpt>
			<trkpt lat="46.576902" lon="13.183720">
				<ele>1800.000000</ele>
			</trkpt>
			<trkpt lat="46.576883" lon="13.183747">
				<ele>1800.000000</ele>
			</trkpt>
			<trkpt lat="46.576871" lon="13.183773">
				<ele>1800.000000</ele>
			</trkpt>
			<trkpt lat="46.576865" lon="13.183792">
				<ele>1800.000000</ele>
			</trkpt>
			<trkpt lat="46.576852" lon="13.183810">
				<ele>1800.000000</ele>
			</trkpt>
			<trkpt lat="46.576846" lon="13.183828">
				<ele>1800.000000</ele>
			</trkpt>
			<trkpt lat="46.576834" lon="13.183836">
				<ele>1800.000000</ele>
			</trkpt>
			<trkpt lat="46.576821" lon="13.183855">
				<ele>1800.000000</ele>
			</trkpt>
			<trkpt lat="46.576803" lon="13.183873">
				<ele>1800.000000</ele>
			</trkpt>
			<trkpt lat="46.576796" lon="13.183882">
				<ele>1800.000000</ele>
			</trkpt>
			<trkpt lat="46.576790" lon="13.183890">
				<ele>1800.000000</ele>
			</trkpt>
			<trkpt lat="46.576778" lon="13.183926">
				<ele>1800.000000</ele>
			</trkpt>
			<trkpt lat="46.576778" lon="13.183953">
				<ele>1800.000000</ele>
			</trkpt>
			<trkpt lat="46.576765" lon="13.183989">
				<ele>1800.000000</ele>
			</trkpt>
			<trkpt lat="46.576759" lon="13.184016">
				<ele>1800.000000</ele>
			</trkpt>
			<trkpt lat="46.576753" lon="13.184043">
				<ele>1800.000000</ele>
			</trkpt>
			<trkpt lat="46.576741" lon="13.184062">
				<ele>1800.000000</ele>
			</trkpt>
			<trkpt lat="46.576735" lon="13.184079">
				<ele>1800.000000</ele>
			</trkpt>
			<trkpt lat="46.576722" lon="13.184115">
				<ele>1800.000000</ele>
			</trkpt>
			<trkpt lat="46.576735" lon="13.184152">
				<ele>1800.000000</ele>
			</trkpt>
			<trkpt lat="46.576729" lon="13.184196">
				<ele>1800.000000</ele>
			</trkpt>
			<trkpt lat="46.576729" lon="13.184223">
				<ele>1800.000000</ele>
			</trkpt>
			<trkpt lat="46.576722" lon="13.184259">
				<ele>1800.000000</ele>
			</trkpt>
			<trkpt lat="46.576716" lon="13.184276">
				<ele>1800.000000</ele>
			</trkpt>
			<trkpt lat="46.576710" lon="13.184295">
				<ele>1800.000000</ele>
			</trkpt>
			<trkpt lat="46.576692" lon="13.184322">
				<ele>1800.000000</ele>
			</trkpt>
			<trkpt lat="46.576686" lon="13.184331">
				<ele>1800.000000</ele>
			</trkpt>
			<trkpt lat="46.576673" lon="13.184349">
				<ele>1799.000000</ele>
			</trkpt>
			<trkpt lat="46.576667" lon="13.184385">
				<ele>1799.000000</ele>
			</trkpt>
			<trkpt lat="46.576667" lon="13.184421">
				<ele>1798.000000</ele>
			</trkpt>
			<trkpt lat="46.576667" lon="13.184439">
				<ele>1798.000000</ele>
			</trkpt>
			<trkpt lat="46.576655" lon="13.184456">
				<ele>1797.000000</ele>
			</trkpt>
			<trkpt lat="46.576648" lon="13.184475">
				<ele>1797.000000</ele>
			</trkpt>
			<trkpt lat="46.576642" lon="13.184492">
				<ele>1797.000000</ele>
			</trkpt>
			<trkpt lat="46.576636" lon="13.184519">
				<ele>1796.000000</ele>
			</trkpt>
			<trkpt lat="46.576636" lon="13.184538">
				<ele>1796.000000</ele>
			</trkpt>
			<trkpt lat="46.576630" lon="13.184555">
				<ele>1796.000000</ele>
			</trkpt>
			<trkpt lat="46.576623" lon="13.184592">
				<ele>1795.000000</ele>
			</trkpt>
			<trkpt lat="46.576617" lon="13.184609">
				<ele>1795.000000</ele>
			</trkpt>
			<trkpt lat="46.576611" lon="13.184645">
				<ele>1794.000000</ele>
			</trkpt>
			<trkpt lat="46.576599" lon="13.184672">
				<ele>1793.000000</ele>
			</trkpt>
			<trkpt lat="46.576580" lon="13.184699">
				<ele>1793.000000</ele>
			</trkpt>
			<trkpt lat="46.576568" lon="13.184726">
				<ele>1792.000000</ele>
			</trkpt>
			<trkpt lat="46.576562" lon="13.184744">
				<ele>1792.000000</ele>
			</trkpt>
			<trkpt lat="46.576556" lon="13.184762">
				<ele>1792.000000</ele>
			</trkpt>
			<trkpt lat="46.576543" lon="13.184798">
				<ele>1791.000000</ele>
			</trkpt>
			<trkpt lat="46.576537" lon="13.184834">
				<ele>1790.000000</ele>
			</trkpt>
			<trkpt lat="46.576537" lon="13.184852">
				<ele>1790.000000</ele>
			</trkpt>
			<trkpt lat="46.576531" lon="13.184879">
				<ele>1790.000000</ele>
			</trkpt>
			<trkpt lat="46.576531" lon="13.184897">
				<ele>1790.000000</ele>
			</trkpt>
			<trkpt lat="46.576525" lon="13.184924">
				<ele>1790.000000</ele>
			</trkpt>
			<trkpt lat="46.576500" lon="13.184942">
				<ele>1789.000000</ele>
			</trkpt>
			<trkpt lat="46.576482" lon="13.184968">
				<ele>1789.000000</ele>
			</trkpt>
			<trkpt lat="46.576469" lon="13.184995">
				<ele>1789.000000</ele>
			</trkpt>
			<trkpt lat="46.576463" lon="13.185022">
				<ele>1789.000000</ele>
			</trkpt>
			<trkpt lat="46.576451" lon="13.185041">
				<ele>1789.000000</ele>
			</trkpt>
			<trkpt lat="46.576438" lon="13.185050">
				<ele>1788.000000</ele>
			</trkpt>
			<trkpt lat="46.576432" lon="13.185068">
				<ele>1788.000000</ele>
			</trkpt>
			<trkpt lat="46.576426" lon="13.185085">
				<ele>1788.000000</ele>
			</trkpt>
			<trkpt lat="46.576420" lon="13.185104">
				<ele>1788.000000</ele>
			</trkpt>
			<trkpt lat="46.576407" lon="13.185139">
				<ele>1787.000000</ele>
			</trkpt>
			<trkpt lat="46.576401" lon="13.185148">
				<ele>1787.000000</ele>
			</trkpt>
			<trkpt lat="46.576389" lon="13.185167">
				<ele>1786.000000</ele>
			</trkpt>
			<trkpt lat="46.576389" lon="13.185184">
				<ele>1786.000000</ele>
			</trkpt>
			<trkpt lat="46.576383" lon="13.185211">
				<ele>1786.000000</ele>
			</trkpt>
			<trkpt lat="46.576376" lon="13.185229">
				<ele>1786.000000</ele>
			</trkpt>
			<trkpt lat="46.576358" lon="13.185247">
				<ele>1785.000000</ele>
			</trkpt>
			<trkpt lat="46.576346" lon="13.185257">
				<ele>1785.000000</ele>
			</trkpt>
			<trkpt lat="46.576334" lon="13.185274">
				<ele>1785.000000</ele>
			</trkpt>
			<trkpt lat="46.576315" lon="13.185292">
				<ele>1784.000000</ele>
			</trkpt>
			<trkpt lat="46.576290" lon="13.185318">
				<ele>1784.000000</ele>
			</trkpt>
			<trkpt lat="46.576284" lon="13.185328">
				<ele>1784.000000</ele>
			</trkpt>
			<trkpt lat="46.576259" lon="13.185347">
				<ele>1784.000000</ele>
			</trkpt>
			<trkpt lat="46.576247" lon="13.185364">
				<ele>1784.000000</ele>
			</trkpt>
			<trkpt lat="46.576241" lon="13.185337">
				<ele>1784.000000</ele>
			</trkpt>
			<trkpt lat="46.576228" lon="13.185355">
				<ele>1783.000000</ele>
			</trkpt>
			<trkpt lat="46.576210" lon="13.185381">
				<ele>1783.000000</ele>
			</trkpt>
			<trkpt lat="46.576197" lon="13.185436">
				<ele>1783.000000</ele>
			</trkpt>
			<trkpt lat="46.576191" lon="13.185463">
				<ele>1783.000000</ele>
			</trkpt>
			<trkpt lat="46.576191" lon="13.185498">
				<ele>1783.000000</ele>
			</trkpt>
			<trkpt lat="46.576185" lon="13.185534">
				<ele>1783.000000</ele>
			</trkpt>
			<trkpt lat="46.576167" lon="13.185561">
				<ele>1783.000000</ele>
			</trkpt>
			<trkpt lat="46.576136" lon="13.185588">
				<ele>1782.000000</ele>
			</trkpt>
			<trkpt lat="46.576117" lon="13.185607">
				<ele>1782.000000</ele>
			</trkpt>
			<trkpt lat="46.576099" lon="13.185624">
				<ele>1782.000000</ele>
			</trkpt>
			<trkpt lat="46.576086" lon="13.185634">
				<ele>1782.000000</ele>
			</trkpt>
			<trkpt lat="46.576068" lon="13.185651">
				<ele>1782.000000</ele>
			</trkpt>
			<trkpt lat="46.576037" lon="13.185678">
				<ele>1782.000000</ele>
			</trkpt>
			<trkpt lat="46.576030" lon="13.185697">
				<ele>1782.000000</ele>
			</trkpt>
			<trkpt lat="46.576030" lon="13.185733">
				<ele>1782.000000</ele>
			</trkpt>
			<trkpt lat="46.576024" lon="13.185768">
				<ele>1781.000000</ele>
			</trkpt>
			<trkpt lat="46.576018" lon="13.185804">
				<ele>1781.000000</ele>
			</trkpt>
			<trkpt lat="46.575994" lon="13.185831">
				<ele>1781.000000</ele>
			</trkpt>
			<trkpt lat="46.575994" lon="13.185867">
				<ele>1781.000000</ele>
			</trkpt>
			<trkpt lat="46.575982" lon="13.185894">
				<ele>1781.000000</ele>
			</trkpt>
			<trkpt lat="46.575969" lon="13.185930">
				<ele>1781.000000</ele>
			</trkpt>
			<trkpt lat="46.575957" lon="13.185947">
				<ele>1781.000000</ele>
			</trkpt>
			<trkpt lat="46.575951" lon="13.185993">
				<ele>1780.000000</ele>
			</trkpt>
			<trkpt lat="46.575951" lon="13.186010">
				<ele>1780.000000</ele>
			</trkpt>
			<trkpt lat="46.575951" lon="13.186029">
				<ele>1780.000000</ele>
			</trkpt>
			<trkpt lat="46.575951" lon="13.186056">
				<ele>1780.000000</ele>
			</trkpt>
			<trkpt lat="46.575945" lon="13.186073">
				<ele>1780.000000</ele>
			</trkpt>
			<trkpt lat="46.575938" lon="13.186100">
				<ele>1780.000000</ele>
			</trkpt>
			<trkpt lat="46.575932" lon="13.186127">
				<ele>1780.000000</ele>
			</trkpt>
			<trkpt lat="46.575926" lon="13.186154">
				<ele>1780.000000</ele>
			</trkpt>
			<trkpt lat="46.575920" lon="13.186181">
				<ele>1780.000000</ele>
			</trkpt>
			<trkpt lat="46.575901" lon="13.186190">
				<ele>1780.000000</ele>
			</trkpt>
			<trkpt lat="46.575889" lon="13.186209">
				<ele>1780.000000</ele>
			</trkpt>
			<trkpt lat="46.575876" lon="13.186217">
				<ele>1780.000000</ele>
			</trkpt>
			<trkpt lat="46.575864" lon="13.186226">
				<ele>1780.000000</ele>
			</trkpt>
			<trkpt lat="46.575845" lon="13.186236">
				<ele>1780.000000</ele>
			</trkpt>
			<trkpt lat="46.575815" lon="13.186253">
				<ele>1780.000000</ele>
			</trkpt>
			<trkpt lat="46.575796" lon="13.186280">
				<ele>1780.000000</ele>
			</trkpt>
			<trkpt lat="46.575796" lon="13.186299">
				<ele>1780.000000</ele>
			</trkpt>
			<trkpt lat="46.575790" lon="13.186316">
				<ele>1780.000000</ele>
			</trkpt>
			<trkpt lat="46.575784" lon="13.186326">
				<ele>1780.000000</ele>
			</trkpt>
			<trkpt lat="46.575759" lon="13.186334">
				<ele>1780.000000</ele>
			</trkpt>
			<trkpt lat="46.575741" lon="13.186352">
				<ele>1780.000000</ele>
			</trkpt>
			<trkpt lat="46.575722" lon="13.186379">
				<ele>1780.000000</ele>
			</trkpt>
			<trkpt lat="46.575710" lon="13.186406">
				<ele>1780.000000</ele>
			</trkpt>
			<trkpt lat="46.575691" lon="13.186423">
				<ele>1780.000000</ele>
			</trkpt>
			<trkpt lat="46.575679" lon="13.186442">
				<ele>1780.000000</ele>
			</trkpt>
			<trkpt lat="46.575654" lon="13.186433">
				<ele>1780.000000</ele>
			</trkpt>
			<trkpt lat="46.575636" lon="13.186450">
				<ele>1780.000000</ele>
			</trkpt>
			<trkpt lat="46.575611" lon="13.186450">
				<ele>1780.000000</ele>
			</trkpt>
			<trkpt lat="46.575580" lon="13.186478">
				<ele>1780.000000</ele>
			</trkpt>
			<trkpt lat="46.575506" lon="13.186450">
				<ele>1781.000000</ele>
			</trkpt>
			<trkpt lat="46.575487" lon="13.186450">
				<ele>1781.000000</ele>
			</trkpt>
			<trkpt lat="46.575463" lon="13.186450">
				<ele>1781.000000</ele>
			</trkpt>
			<trkpt lat="46.575420" lon="13.186540">
				<ele>1782.000000</ele>
			</trkpt>
			<trkpt lat="46.575420" lon="13.186576">
				<ele>1782.000000</ele>
			</trkpt>
			<trkpt lat="46.575432" lon="13.186613">
				<ele>1782.000000</ele>
			</trkpt>
			<trkpt lat="46.575432" lon="13.186639">
				<ele>1782.000000</ele>
			</trkpt>
			<trkpt lat="46.575438" lon="13.186729">
				<ele>1782.000000</ele>
			</trkpt>
			<trkpt lat="46.575426" lon="13.186765">
				<ele>1782.000000</ele>
			</trkpt>
			<trkpt lat="46.575420" lon="13.186828">
				<ele>1783.000000</ele>
			</trkpt>
			<trkpt lat="46.575414" lon="13.186892">
				<ele>1783.000000</ele>
			</trkpt>
			<trkpt lat="46.575389" lon="13.186926">
				<ele>1783.000000</ele>
			</trkpt>
			<trkpt lat="46.575383" lon="13.186936">
				<ele>1783.000000</ele>
			</trkpt>
			<trkpt lat="46.575370" lon="13.186955">
				<ele>1783.000000</ele>
			</trkpt>
			<trkpt lat="46.575358" lon="13.186981">
				<ele>1783.000000</ele>
			</trkpt>
			<trkpt lat="46.575358" lon="13.187035">
				<ele>1784.000000</ele>
			</trkpt>
			<trkpt lat="46.575376" lon="13.187071">
				<ele>1784.000000</ele>
			</trkpt>
			<trkpt lat="46.575376" lon="13.187098">
				<ele>1784.000000</ele>
			</trkpt>
			<trkpt lat="46.575376" lon="13.187125">
				<ele>1784.000000</ele>
			</trkpt>
			<trkpt lat="46.575364" lon="13.187152">
				<ele>1784.000000</ele>
			</trkpt>
			<trkpt lat="46.575339" lon="13.187205">
				<ele>1784.000000</ele>
			</trkpt>
			<trkpt lat="46.575333" lon="13.187232">
				<ele>1784.000000</ele>
			</trkpt>
			<trkpt lat="46.575320" lon="13.187295">
				<ele>1785.000000</ele>
			</trkpt>
			<trkpt lat="46.575308" lon="13.187431">
				<ele>1785.000000</ele>
			</trkpt>
			<trkpt lat="46.575296" lon="13.187457">
				<ele>1785.000000</ele>
			</trkpt>
			<trkpt lat="46.575277" lon="13.187565">
				<ele>1786.000000</ele>
			</trkpt>
			<trkpt lat="46.575265" lon="13.187601">
				<ele>1786.000000</ele>
			</trkpt>
			<trkpt lat="46.575247" lon="13.187618">
				<ele>1786.000000</ele>
			</trkpt>
			<trkpt lat="46.575241" lon="13.187637">
				<ele>1786.000000</ele>
			</trkpt>
			<trkpt lat="46.575234" lon="13.187664">
				<ele>1786.000000</ele>
			</trkpt>
			<trkpt lat="46.575234" lon="13.187727">
				<ele>1786.000000</ele>
			</trkpt>
			<trkpt lat="46.575228" lon="13.187754">
				<ele>1786.000000</ele>
			</trkpt>
			<trkpt lat="46.575222" lon="13.187808">
				<ele>1787.000000</ele>
			</trkpt>
			<trkpt lat="46.575210" lon="13.187825">
				<ele>1787.000000</ele>
			</trkpt>
			<trkpt lat="46.575185" lon="13.187844">
				<ele>1787.000000</ele>
			</trkpt>
			<trkpt lat="46.575160" lon="13.187888">
				<ele>1787.000000</ele>
			</trkpt>
			<trkpt lat="46.575123" lon="13.187924">
				<ele>1787.000000</ele>
			</trkpt>
			<trkpt lat="46.575104" lon="13.187934">
				<ele>1788.000000</ele>
			</trkpt>
			<trkpt lat="46.575086" lon="13.187951">
				<ele>1788.000000</ele>
			</trkpt>
			<trkpt lat="46.575074" lon="13.188014">
				<ele>1788.000000</ele>
			</trkpt>
			<trkpt lat="46.575062" lon="13.188031">
				<ele>1788.000000</ele>
			</trkpt>
			<trkpt lat="46.575055" lon="13.188068">
				<ele>1788.000000</ele>
			</trkpt>
			<trkpt lat="46.575062" lon="13.188094">
				<ele>1788.000000</ele>
			</trkpt>
			<trkpt lat="46.575062" lon="13.188121">
				<ele>1788.000000</ele>
			</trkpt>
			<trkpt lat="46.575037" lon="13.188184">
				<ele>1789.000000</ele>
			</trkpt>
			<trkpt lat="46.575037" lon="13.188211">
				<ele>1789.000000</ele>
			</trkpt>
			<trkpt lat="46.575031" lon="13.188247">
				<ele>1789.000000</ele>
			</trkpt>
			<trkpt lat="46.575000" lon="13.188284">
				<ele>1789.000000</ele>
			</trkpt>
			<trkpt lat="46.574975" lon="13.188337">
				<ele>1789.000000</ele>
			</trkpt>
			<trkpt lat="46.574969" lon="13.188355">
				<ele>1789.000000</ele>
			</trkpt>
			<trkpt lat="46.574962" lon="13.188383">
				<ele>1790.000000</ele>
			</trkpt>
			<trkpt lat="46.574956" lon="13.188445">
				<ele>1790.000000</ele>
			</trkpt>
			<trkpt lat="46.574950" lon="13.188454">
				<ele>1790.000000</ele>
			</trkpt>
			<trkpt lat="46.574956" lon="13.188490">
				<ele>1790.000000</ele>
			</trkpt>
			<trkpt lat="46.574956" lon="13.188526">
				<ele>1791.000000</ele>
			</trkpt>
			<trkpt lat="46.574931" lon="13.188526">
				<ele>1792.000000</ele>
			</trkpt>
			<trkpt lat="46.574895" lon="13.188563">
				<ele>1795.000000</ele>
			</trkpt>
			<trkpt lat="46.574876" lon="13.188580">
				<ele>1797.000000</ele>
			</trkpt>
			<trkpt lat="46.574852" lon="13.188589">
				<ele>1798.000000</ele>
			</trkpt>
			<trkpt lat="46.574833" lon="13.188616">
				<ele>1800.000000</ele>
			</trkpt>
			<trkpt lat="46.574827" lon="13.188652">
				<ele>1801.000000</ele>
			</trkpt>
			<trkpt lat="46.574802" lon="13.188679">
				<ele>1802.000000</ele>
			</trkpt>
			<trkpt lat="46.574808" lon="13.188687">
				<ele>1802.000000</ele>
			</trkpt>
			<trkpt lat="46.574808" lon="13.188733">
				<ele>1803.000000</ele>
			</trkpt>
			<trkpt lat="46.574827" lon="13.188813">
				<ele>1805.000000</ele>
			</trkpt>
			<trkpt lat="46.574802" lon="13.188813">
				<ele>1806.000000</ele>
			</trkpt>
			<trkpt lat="46.574758" lon="13.188832">
				<ele>1807.000000</ele>
			</trkpt>
			<trkpt lat="46.574758" lon="13.188867">
				<ele>1808.000000</ele>
			</trkpt>
			<trkpt lat="46.574740" lon="13.188894">
				<ele>1809.000000</ele>
			</trkpt>
			<trkpt lat="46.574728" lon="13.188930">
				<ele>1810.000000</ele>
			</trkpt>
			<trkpt lat="46.574703" lon="13.188939">
				<ele>1811.000000</ele>
			</trkpt>
			<trkpt lat="46.574679" lon="13.188939">
				<ele>1811.000000</ele>
			</trkpt>
			<trkpt lat="46.574654" lon="13.188957">
				<ele>1812.000000</ele>
			</trkpt>
			<trkpt lat="46.574648" lon="13.189002">
				<ele>1813.000000</ele>
			</trkpt>
			<trkpt lat="46.574641" lon="13.189020">
				<ele>1814.000000</ele>
			</trkpt>
			<trkpt lat="46.574623" lon="13.189002">
				<ele>1814.000000</ele>
			</trkpt>
			<trkpt lat="46.574598" lon="13.188993">
				<ele>1815.000000</ele>
			</trkpt>
			<trkpt lat="46.574579" lon="13.188993">
				<ele>1816.000000</ele>
			</trkpt>
			<trkpt lat="46.574573" lon="13.189020">
				<ele>1817.000000</ele>
			</trkpt>
			<trkpt lat="46.574567" lon="13.189047">
				<ele>1817.000000</ele>
			</trkpt>
			<trkpt lat="46.574567" lon="13.189083">
				<ele>1818.000000</ele>
			</trkpt>
			<trkpt lat="46.574561" lon="13.189110">
				<ele>1819.000000</ele>
			</trkpt>
			<trkpt lat="46.574549" lon="13.189137">
				<ele>1819.000000</ele>
			</trkpt>
			<trkpt lat="46.574506" lon="13.189218">
				<ele>1822.000000</ele>
			</trkpt>
			<trkpt lat="46.574493" lon="13.189245">
				<ele>1822.000000</ele>
			</trkpt>
			<trkpt lat="46.574475" lon="13.189299">
				<ele>1824.000000</ele>
			</trkpt>
			<trkpt lat="46.574462" lon="13.189326">
				<ele>1824.000000</ele>
			</trkpt>
			<trkpt lat="46.574450" lon="13.189352">
				<ele>1825.000000</ele>
			</trkpt>
			<trkpt lat="46.574419" lon="13.189406">
				<ele>1827.000000</ele>
			</trkpt>
			<trkpt lat="46.574406" lon="13.189433">
				<ele>1827.000000</ele>
			</trkpt>
			<trkpt lat="46.574382" lon="13.189452">
				<ele>1828.000000</ele>
			</trkpt>
			<trkpt lat="46.574345" lon="13.189469">
				<ele>1830.000000</ele>
			</trkpt>
			<trkpt lat="46.574327" lon="13.189487">
				<ele>1830.000000</ele>
			</trkpt>
			<trkpt lat="46.574308" lon="13.189515">
				<ele>1830.000000</ele>
			</trkpt>
			<trkpt lat="46.574302" lon="13.189568">
				<ele>1831.000000</ele>
			</trkpt>
			<trkpt lat="46.574290" lon="13.189595">
				<ele>1831.000000</ele>
			</trkpt>
			<trkpt lat="46.574277" lon="13.189613">
				<ele>1831.000000</ele>
			</trkpt>
			<trkpt lat="46.574258" lon="13.189631">
				<ele>1831.000000</ele>
			</trkpt>
			<trkpt lat="46.574209" lon="13.189666">
				<ele>1831.000000</ele>
			</trkpt>
			<trkpt lat="46.574184" lon="13.189702">
				<ele>1832.000000</ele>
			</trkpt>
			<trkpt lat="46.574172" lon="13.189802">
				<ele>1832.000000</ele>
			</trkpt>
			<trkpt lat="46.574172" lon="13.189838">
				<ele>1832.000000</ele>
			</trkpt>
			<trkpt lat="46.574166" lon="13.189892">
				<ele>1833.000000</ele>
			</trkpt>
			<trkpt lat="46.574172" lon="13.189955">
				<ele>1833.000000</ele>
			</trkpt>
			<trkpt lat="46.574172" lon="13.189991">
				<ele>1833.000000</ele>
			</trkpt>
			<trkpt lat="46.574166" lon="13.190018">
				<ele>1833.000000</ele>
			</trkpt>
			<trkpt lat="46.574148" lon="13.190035">
				<ele>1833.000000</ele>
			</trkpt>
			<trkpt lat="46.574148" lon="13.190081">
				<ele>1834.000000</ele>
			</trkpt>
			<trkpt lat="46.574142" lon="13.190107">
				<ele>1834.000000</ele>
			</trkpt>
			<trkpt lat="46.574129" lon="13.190142">
				<ele>1834.000000</ele>
			</trkpt>
			<trkpt lat="46.574123" lon="13.190171">
				<ele>1834.000000</ele>
			</trkpt>
			<trkpt lat="46.574110" lon="13.190205">
				<ele>1834.000000</ele>
			</trkpt>
			<trkpt lat="46.574098" lon="13.190242">
				<ele>1834.000000</ele>
			</trkpt>
			<trkpt lat="46.574079" lon="13.190278">
				<ele>1835.000000</ele>
			</trkpt>
			<trkpt lat="46.574073" lon="13.190278">
				<ele>1835.000000</ele>
			</trkpt>
			<trkpt lat="46.574055" lon="13.190305">
				<ele>1835.000000</ele>
			</trkpt>
			<trkpt lat="46.574036" lon="13.190331">
				<ele>1835.000000</ele>
			</trkpt>
			<trkpt lat="46.574017" lon="13.190358">
				<ele>1835.000000</ele>
			</trkpt>
			<trkpt lat="46.573999" lon="13.190377">
				<ele>1835.000000</ele>
			</trkpt>
			<trkpt lat="46.573969" lon="13.190421">
				<ele>1836.000000</ele>
			</trkpt>
			<trkpt lat="46.573956" lon="13.190448">
				<ele>1836.000000</ele>
			</trkpt>
			<trkpt lat="46.573919" lon="13.190502">
				<ele>1836.000000</ele>
			</trkpt>
			<trkpt lat="46.573888" lon="13.190574">
				<ele>1837.000000</ele>
			</trkpt>
			<trkpt lat="46.573876" lon="13.190601">
				<ele>1837.000000</ele>
			</trkpt>
			<trkpt lat="46.573869" lon="13.190637">
				<ele>1837.000000</ele>
			</trkpt>
			<trkpt lat="46.573857" lon="13.190664">
				<ele>1837.000000</ele>
			</trkpt>
			<trkpt lat="46.573832" lon="13.190673">
				<ele>1837.000000</ele>
			</trkpt>
			<trkpt lat="46.573820" lon="13.190673">
				<ele>1837.000000</ele>
			</trkpt>
			<trkpt lat="46.573820" lon="13.190718">
				<ele>1838.000000</ele>
			</trkpt>
			<trkpt lat="46.573814" lon="13.190745">
				<ele>1838.000000</ele>
			</trkpt>
			<trkpt lat="46.573802" lon="13.190790">
				<ele>1838.000000</ele>
			</trkpt>
			<trkpt lat="46.573789" lon="13.190861">
				<ele>1838.000000</ele>
			</trkpt>
			<trkpt lat="46.573771" lon="13.190907">
				<ele>1839.000000</ele>
			</trkpt>
			<trkpt lat="46.573752" lon="13.190924">
				<ele>1839.000000</ele>
			</trkpt>
			<trkpt lat="46.573740" lon="13.190960">
				<ele>1839.000000</ele>
			</trkpt>
			<trkpt lat="46.573721" lon="13.190987">
				<ele>1839.000000</ele>
			</trkpt>
			<trkpt lat="46.573703" lon="13.190997">
				<ele>1839.000000</ele>
			</trkpt>
			<trkpt lat="46.573684" lon="13.191005">
				<ele>1839.000000</ele>
			</trkpt>
			<trkpt lat="46.573659" lon="13.191014">
				<ele>1840.000000</ele>
			</trkpt>
			<trkpt lat="46.573635" lon="13.191050">
				<ele>1840.000000</ele>
			</trkpt>
			<trkpt lat="46.573616" lon="13.191095">
				<ele>1840.000000</ele>
			</trkpt>
			<trkpt lat="46.573592" lon="13.191123">
				<ele>1840.000000</ele>
			</trkpt>
			<trkpt lat="46.573561" lon="13.191176">
				<ele>1840.000000</ele>
			</trkpt>
			<trkpt lat="46.573542" lon="13.191194">
				<ele>1840.000000</ele>
			</trkpt>
			<trkpt lat="46.573530" lon="13.191230">
				<ele>1840.000000</ele>
			</trkpt>
			<trkpt lat="46.573505" lon="13.191274">
				<ele>1840.000000</ele>
			</trkpt>
			<trkpt lat="46.573480" lon="13.191329">
				<ele>1840.000000</ele>
			</trkpt>
			<trkpt lat="46.573462" lon="13.191356">
				<ele>1840.000000</ele>
			</trkpt>
			<trkpt lat="46.573413" lon="13.191419">
				<ele>1840.000000</ele>
			</trkpt>
			<trkpt lat="46.573369" lon="13.191482">
				<ele>1840.000000</ele>
			</trkpt>
			<trkpt lat="46.573363" lon="13.191526">
				<ele>1840.000000</ele>
			</trkpt>
			<trkpt lat="46.573351" lon="13.191553">
				<ele>1840.000000</ele>
			</trkpt>
			<trkpt lat="46.573320" lon="13.191599">
				<ele>1840.000000</ele>
			</trkpt>
			<trkpt lat="46.573301" lon="13.191616">
				<ele>1840.000000</ele>
			</trkpt>
			<trkpt lat="46.573289" lon="13.191652">
				<ele>1840.000000</ele>
			</trkpt>
			<trkpt lat="46.573277" lon="13.191670">
				<ele>1840.000000</ele>
			</trkpt>
			<trkpt lat="46.573252" lon="13.191689">
				<ele>1840.000000</ele>
			</trkpt>
			<trkpt lat="46.573234" lon="13.191706">
				<ele>1840.000000</ele>
			</trkpt>
			<trkpt lat="46.573228" lon="13.191742">
				<ele>1840.000000</ele>
			</trkpt>
			<trkpt lat="46.573228" lon="13.191769">
				<ele>1840.000000</ele>
			</trkpt>
			<trkpt lat="46.573228" lon="13.191805">
				<ele>1840.000000</ele>
			</trkpt>
			<trkpt lat="46.573228" lon="13.191832">
				<ele>1840.000000</ele>
			</trkpt>
			<trkpt lat="46.573228" lon="13.191859">
				<ele>1840.000000</ele>
			</trkpt>
			<trkpt lat="46.573209" lon="13.191886">
				<ele>1840.000000</ele>
			</trkpt>
			<trkpt lat="46.573190" lon="13.191903">
				<ele>1840.000000</ele>
			</trkpt>
			<trkpt lat="46.573172" lon="13.191922">
				<ele>1840.000000</ele>
			</trkpt>
			<trkpt lat="46.573153" lon="13.191939">
				<ele>1840.000000</ele>
			</trkpt>
			<trkpt lat="46.573141" lon="13.191966">
				<ele>1840.000000</ele>
			</trkpt>
			<trkpt lat="46.573128" lon="13.192002">
				<ele>1840.000000</ele>
			</trkpt>
			<trkpt lat="46.573122" lon="13.192039">
				<ele>1840.000000</ele>
			</trkpt>
			<trkpt lat="46.573122" lon="13.192056">
				<ele>1840.000000</ele>
			</trkpt>
			<trkpt lat="46.573122" lon="13.192083">
				<ele>1840.000000</ele>
			</trkpt>
			<trkpt lat="46.573122" lon="13.192110">
				<ele>1840.000000</ele>
			</trkpt>
			<trkpt lat="46.573122" lon="13.192146">
				<ele>1840.000000</ele>
			</trkpt>
			<trkpt lat="46.573110" lon="13.192173">
				<ele>1840.000000</ele>
			</trkpt>
			<trkpt lat="46.573085" lon="13.192218">
				<ele>1840.000000</ele>
			</trkpt>
			<trkpt lat="46.573073" lon="13.192245">
				<ele>1840.000000</ele>
			</trkpt>
			<trkpt lat="46.573073" lon="13.192272">
				<ele>1840.000000</ele>
			</trkpt>
			<trkpt lat="46.573061" lon="13.192299">
				<ele>1840.000000</ele>
			</trkpt>
			<trkpt lat="46.573011" lon="13.192371">
				<ele>1840.000000</ele>
			</trkpt>
			<trkpt lat="46.573005" lon="13.192398">
				<ele>1840.000000</ele>
			</trkpt>
			<trkpt lat="46.572986" lon="13.192425">
				<ele>1840.000000</ele>
			</trkpt>
			<trkpt lat="46.572968" lon="13.192442">
				<ele>1840.000000</ele>
			</trkpt>
			<trkpt lat="46.572949" lon="13.192461">
				<ele>1840.000000</ele>
			</trkpt>
			<trkpt lat="46.572931" lon="13.192469">
				<ele>1840.000000</ele>
			</trkpt>
			<trkpt lat="46.572912" lon="13.192496">
				<ele>1840.000000</ele>
			</trkpt>
			<trkpt lat="46.572900" lon="13.192524">
				<ele>1840.000000</ele>
			</trkpt>
			<trkpt lat="46.572894" lon="13.192551">
				<ele>1840.000000</ele>
			</trkpt>
			<trkpt lat="46.572857" lon="13.192622">
				<ele>1840.000000</ele>
			</trkpt>
			<trkpt lat="46.572826" lon="13.192668">
				<ele>1840.000000</ele>
			</trkpt>
			<trkpt lat="46.572807" lon="13.192685">
				<ele>1840.000000</ele>
			</trkpt>
			<trkpt lat="46.572795" lon="13.192712">
				<ele>1840.000000</ele>
			</trkpt>
			<trkpt lat="46.572782" lon="13.192748">
				<ele>1840.000000</ele>
			</trkpt>
			<trkpt lat="46.572758" lon="13.192784">
				<ele>1840.000000</ele>
			</trkpt>
			<trkpt lat="46.572751" lon="13.192802">
				<ele>1840.000000</ele>
			</trkpt>
			<trkpt lat="46.572739" lon="13.192829">
				<ele>1840.000000</ele>
			</trkpt>
			<trkpt lat="46.572715" lon="13.192882">
				<ele>1840.000000</ele>
			</trkpt>
			<trkpt lat="46.572709" lon="13.192910">
				<ele>1840.000000</ele>
			</trkpt>
			<trkpt lat="46.572684" lon="13.192972">
				<ele>1840.000000</ele>
			</trkpt>
			<trkpt lat="46.572666" lon="13.193035">
				<ele>1840.000000</ele>
			</trkpt>
			<trkpt lat="46.572659" lon="13.193098">
				<ele>1840.000000</ele>
			</trkpt>
			<trkpt lat="46.572653" lon="13.193171">
				<ele>1840.000000</ele>
			</trkpt>
			<trkpt lat="46.572653" lon="13.193207">
				<ele>1840.000000</ele>
			</trkpt>
			<trkpt lat="46.572641" lon="13.193268">
				<ele>1840.000000</ele>
			</trkpt>
			<trkpt lat="46.572641" lon="13.193377">
				<ele>1840.000000</ele>
			</trkpt>
			<trkpt lat="46.572634" lon="13.193404">
				<ele>1840.000000</ele>
			</trkpt>
			<trkpt lat="46.572634" lon="13.193440">
				<ele>1840.000000</ele>
			</trkpt>
			<trkpt lat="46.572641" lon="13.193467">
				<ele>1840.000000</ele>
			</trkpt>
			<trkpt lat="46.572628" lon="13.193574">
				<ele>1840.000000</ele>
			</trkpt>
			<trkpt lat="46.572610" lon="13.193593">
				<ele>1840.000000</ele>
			</trkpt>
			<trkpt lat="46.572566" lon="13.193637">
				<ele>1840.000000</ele>
			</trkpt>
			<trkpt lat="46.572536" lon="13.193683">
				<ele>1840.000000</ele>
			</trkpt>
			<trkpt lat="46.572523" lon="13.193700">
				<ele>1840.000000</ele>
			</trkpt>
			<trkpt lat="46.572517" lon="13.193727">
				<ele>1840.000000</ele>
			</trkpt>
			<trkpt lat="46.572517" lon="13.193754">
				<ele>1840.000000</ele>
			</trkpt>
			<trkpt lat="46.572505" lon="13.193790">
				<ele>1840.000000</ele>
			</trkpt>
			<trkpt lat="46.572499" lon="13.193808">
				<ele>1840.000000</ele>
			</trkpt>
			<trkpt lat="46.572480" lon="13.193826">
				<ele>1840.000000</ele>
			</trkpt>
			<trkpt lat="46.572468" lon="13.193844">
				<ele>1840.000000</ele>
			</trkpt>
			<trkpt lat="46.572455" lon="13.193880">
				<ele>1840.000000</ele>
			</trkpt>
			<trkpt lat="46.572437" lon="13.193897">
				<ele>1840.000000</ele>
			</trkpt>
			<trkpt lat="46.572412" lon="13.193907">
				<ele>1840.000000</ele>
			</trkpt>
			<trkpt lat="46.572400" lon="13.193924">
				<ele>1840.000000</ele>
			</trkpt>
			<trkpt lat="46.572387" lon="13.193943">
				<ele>1840.000000</ele>
			</trkpt>
			<trkpt lat="46.572363" lon="13.193987">
				<ele>1840.000000</ele>
			</trkpt>
			<trkpt lat="46.572350" lon="13.194033">
				<ele>1840.000000</ele>
			</trkpt>
			<trkpt lat="46.572350" lon="13.194069">
				<ele>1840.000000</ele>
			</trkpt>
			<trkpt lat="46.572357" lon="13.194132">
				<ele>1840.000000</ele>
			</trkpt>
			<trkpt lat="46.572375" lon="13.194167">
				<ele>1840.000000</ele>
			</trkpt>
			<trkpt lat="46.572357" lon="13.194230">
				<ele>1840.000000</ele>
			</trkpt>
			<trkpt lat="46.572350" lon="13.194284">
				<ele>1840.000000</ele>
			</trkpt>
			<trkpt lat="46.572344" lon="13.194302">
				<ele>1840.000000</ele>
			</trkpt>
			<trkpt lat="46.572332" lon="13.194347">
				<ele>1840.000000</ele>
			</trkpt>
			<trkpt lat="46.572314" lon="13.194400">
				<ele>1840.000000</ele>
			</trkpt>
			<trkpt lat="46.572295" lon="13.194429">
				<ele>1840.000000</ele>
			</trkpt>
			<trkpt lat="46.572276" lon="13.194446">
				<ele>1840.000000</ele>
			</trkpt>
			<trkpt lat="46.572264" lon="13.194455">
				<ele>1840.000000</ele>
			</trkpt>
			<trkpt lat="46.572251" lon="13.194482">
				<ele>1840.000000</ele>
			</trkpt>
			<trkpt lat="46.572251" lon="13.194518">
				<ele>1840.000000</ele>
			</trkpt>
			<trkpt lat="46.572239" lon="13.194580">
				<ele>1840.000000</ele>
			</trkpt>
			<trkpt lat="46.572220" lon="13.194608">
				<ele>1840.000000</ele>
			</trkpt>
			<trkpt lat="46.572214" lon="13.194626">
				<ele>1840.000000</ele>
			</trkpt>
			<trkpt lat="46.572202" lon="13.194652">
				<ele>1840.000000</ele>
			</trkpt>
			<trkpt lat="46.572196" lon="13.194679">
				<ele>1840.000000</ele>
			</trkpt>
			<trkpt lat="46.572184" lon="13.194706">
				<ele>1840.000000</ele>
			</trkpt>
			<trkpt lat="46.572177" lon="13.194742">
				<ele>1840.000000</ele>
			</trkpt>
			<trkpt lat="46.572177" lon="13.194769">
				<ele>1840.000000</ele>
			</trkpt>
			<trkpt lat="46.572177" lon="13.194805">
				<ele>1840.000000</ele>
			</trkpt>
			<trkpt lat="46.572171" lon="13.194832">
				<ele>1840.000000</ele>
			</trkpt>
			<trkpt lat="46.572165" lon="13.194868">
				<ele>1840.000000</ele>
			</trkpt>
			<trkpt lat="46.572165" lon="13.194913">
				<ele>1840.000000</ele>
			</trkpt>
			<trkpt lat="46.572153" lon="13.194985">
				<ele>1840.000000</ele>
			</trkpt>
			<trkpt lat="46.572153" lon="13.195039">
				<ele>1840.000000</ele>
			</trkpt>
			<trkpt lat="46.572165" lon="13.195075">
				<ele>1840.000000</ele>
			</trkpt>
			<trkpt lat="46.572171" lon="13.195111">
				<ele>1840.000000</ele>
			</trkpt>
			<trkpt lat="46.572184" lon="13.195146">
				<ele>1840.000000</ele>
			</trkpt>
			<trkpt lat="46.572214" lon="13.195201">
				<ele>1840.000000</ele>
			</trkpt>
			<trkpt lat="46.572220" lon="13.195236">
				<ele>1840.000000</ele>
			</trkpt>
			<trkpt lat="46.572233" lon="13.195264">
				<ele>1840.000000</ele>
			</trkpt>
			<trkpt lat="46.572239" lon="13.195371">
				<ele>1840.000000</ele>
			</trkpt>
			<trkpt lat="46.572239" lon="13.195408">
				<ele>1840.000000</ele>
			</trkpt>
			<trkpt lat="46.572239" lon="13.195434">
				<ele>1840.000000</ele>
			</trkpt>
			<trkpt lat="46.572239" lon="13.195461">
				<ele>1840.000000</ele>
			</trkpt>
			<trkpt lat="46.572239" lon="13.195524">
				<ele>1840.000000</ele>
			</trkpt>
			<trkpt lat="46.572239" lon="13.195560">
				<ele>1840.000000</ele>
			</trkpt>
			<trkpt lat="46.572239" lon="13.195587">
				<ele>1840.000000</ele>
			</trkpt>
			<trkpt lat="46.572227" lon="13.195632">
				<ele>1840.000000</ele>
			</trkpt>
			<trkpt lat="46.572220" lon="13.195641">
				<ele>1840.000000</ele>
			</trkpt>
			<trkpt lat="46.572220" lon="13.195731">
				<ele>1840.000000</ele>
			</trkpt>
			<trkpt lat="46.572227" lon="13.195758">
				<ele>1840.000000</ele>
			</trkpt>
			<trkpt lat="46.572227" lon="13.195784">
				<ele>1840.000000</ele>
			</trkpt>
			<trkpt lat="46.572220" lon="13.195811">
				<ele>1840.000000</ele>
			</trkpt>
			<trkpt lat="46.572227" lon="13.195847">
				<ele>1840.000000</ele>
			</trkpt>
			<trkpt lat="46.572227" lon="13.195874">
				<ele>1840.000000</ele>
			</trkpt>
			<trkpt lat="46.572202" lon="13.195919">
				<ele>1840.000000</ele>
			</trkpt>
			<trkpt lat="46.572196" lon="13.195947">
				<ele>1840.000000</ele>
			</trkpt>
			<trkpt lat="46.572190" lon="13.195982">
				<ele>1840.000000</ele>
			</trkpt>
			<trkpt lat="46.572177" lon="13.196008">
				<ele>1840.000000</ele>
			</trkpt>
			<trkpt lat="46.572165" lon="13.196037">
				<ele>1840.000000</ele>
			</trkpt>
			<trkpt lat="46.572135" lon="13.196098">
				<ele>1840.000000</ele>
			</trkpt>
			<trkpt lat="46.572103" lon="13.196126">
				<ele>1840.000000</ele>
			</trkpt>
			<trkpt lat="46.572091" lon="13.196153">
				<ele>1840.000000</ele>
			</trkpt>
			<trkpt lat="46.572072" lon="13.196180">
				<ele>1840.000000</ele>
			</trkpt>
			<trkpt lat="46.572054" lon="13.196197">
				<ele>1840.000000</ele>
			</trkpt>
			<trkpt lat="46.572035" lon="13.196207">
				<ele>1840.000000</ele>
			</trkpt>
			<trkpt lat="46.572023" lon="13.196234">
				<ele>1840.000000</ele>
			</trkpt>
			<trkpt lat="46.571998" lon="13.196243">
				<ele>1840.000000</ele>
			</trkpt>
			<trkpt lat="46.571962" lon="13.196287">
				<ele>1841.000000</ele>
			</trkpt>
			<trkpt lat="46.571949" lon="13.196314">
				<ele>1841.000000</ele>
			</trkpt>
			<trkpt lat="46.571949" lon="13.196360">
				<ele>1842.000000</ele>
			</trkpt>
			<trkpt lat="46.571955" lon="13.196387">
				<ele>1842.000000</ele>
			</trkpt>
			<trkpt lat="46.571955" lon="13.196440">
				<ele>1843.000000</ele>
			</trkpt>
			<trkpt lat="46.571955" lon="13.196476">
				<ele>1843.000000</ele>
			</trkpt>
			<trkpt lat="46.571949" lon="13.196539">
				<ele>1844.000000</ele>
			</trkpt>
			<trkpt lat="46.571943" lon="13.196584">
				<ele>1844.000000</ele>
			</trkpt>
			<trkpt lat="46.571943" lon="13.196656">
				<ele>1845.000000</ele>
			</trkpt>
			<trkpt lat="46.571931" lon="13.196692">
				<ele>1845.000000</ele>
			</trkpt>
			<trkpt lat="46.571931" lon="13.196727">
				<ele>1845.000000</ele>
			</trkpt>
			<trkpt lat="46.571918" lon="13.196763">
				<ele>1846.000000</ele>
			</trkpt>
			<trkpt lat="46.571906" lon="13.196800">
				<ele>1846.000000</ele>
			</trkpt>
			<trkpt lat="46.571893" lon="13.196826">
				<ele>1847.000000</ele>
			</trkpt>
			<trkpt lat="46.571881" lon="13.196863">
				<ele>1847.000000</ele>
			</trkpt>
			<trkpt lat="46.571881" lon="13.196907">
				<ele>1847.000000</ele>
			</trkpt>
			<trkpt lat="46.571881" lon="13.196970">
				<ele>1848.000000</ele>
			</trkpt>
			<trkpt lat="46.571868" lon="13.197033">
				<ele>1849.000000</ele>
			</trkpt>
			<trkpt lat="46.571850" lon="13.197060">
				<ele>1849.000000</ele>
			</trkpt>
			<trkpt lat="46.571844" lon="13.197096">
				<ele>1849.000000</ele>
			</trkpt>
			<trkpt lat="46.571831" lon="13.197123">
				<ele>1850.000000</ele>
			</trkpt>
			<trkpt lat="46.571801" lon="13.197150">
				<ele>1850.000000</ele>
			</trkpt>
			<trkpt lat="46.571795" lon="13.197150">
				<ele>1850.000000</ele>
			</trkpt>
			<trkpt lat="46.571776" lon="13.197168">
				<ele>1851.000000</ele>
			</trkpt>
			<trkpt lat="46.571758" lon="13.197176">
				<ele>1851.000000</ele>
			</trkpt>
			<trkpt lat="46.571745" lon="13.197213">
				<ele>1851.000000</ele>
			</trkpt>
			<trkpt lat="46.571733" lon="13.197230">
				<ele>1852.000000</ele>
			</trkpt>
			<trkpt lat="46.571720" lon="13.197258">
				<ele>1852.000000</ele>
			</trkpt>
			<trkpt lat="46.571696" lon="13.197266">
				<ele>1852.000000</ele>
			</trkpt>
			<trkpt lat="46.571665" lon="13.197276">
				<ele>1853.000000</ele>
			</trkpt>
			<trkpt lat="46.571646" lon="13.197320">
				<ele>1853.000000</ele>
			</trkpt>
			<trkpt lat="46.571622" lon="13.197348">
				<ele>1854.000000</ele>
			</trkpt>
			<trkpt lat="46.571616" lon="13.197383">
				<ele>1854.000000</ele>
			</trkpt>
			<trkpt lat="46.571610" lon="13.197410">
				<ele>1854.000000</ele>
			</trkpt>
			<trkpt lat="46.571603" lon="13.197437">
				<ele>1855.000000</ele>
			</trkpt>
			<trkpt lat="46.571603" lon="13.197473">
				<ele>1855.000000</ele>
			</trkpt>
			<trkpt lat="46.571603" lon="13.197545">
				<ele>1856.000000</ele>
			</trkpt>
			<trkpt lat="46.571591" lon="13.197572">
				<ele>1856.000000</ele>
			</trkpt>
			<trkpt lat="46.571572" lon="13.197590">
				<ele>1856.000000</ele>
			</trkpt>
			<trkpt lat="46.571572" lon="13.197635">
				<ele>1857.000000</ele>
			</trkpt>
			<trkpt lat="46.571572" lon="13.197662">
				<ele>1857.000000</ele>
			</trkpt>
			<trkpt lat="46.571597" lon="13.197716">
				<ele>1858.000000</ele>
			</trkpt>
			<trkpt lat="46.571597" lon="13.197742">
				<ele>1858.000000</ele>
			</trkpt>
			<trkpt lat="46.571610" lon="13.197769">
				<ele>1858.000000</ele>
			</trkpt>
			<trkpt lat="46.571622" lon="13.197805">
				<ele>1859.000000</ele>
			</trkpt>
			<trkpt lat="46.571622" lon="13.197832">
				<ele>1859.000000</ele>
			</trkpt>
			<trkpt lat="46.571622" lon="13.197878">
				<ele>1859.000000</ele>
			</trkpt>
			<trkpt lat="46.571652" lon="13.197914">
				<ele>1860.000000</ele>
			</trkpt>
			<trkpt lat="46.571665" lon="13.197931">
				<ele>1860.000000</ele>
			</trkpt>
			<trkpt lat="46.571665" lon="13.197968">
				<ele>1861.000000</ele>
			</trkpt>
			<trkpt lat="46.571652" lon="13.197995">
				<ele>1861.000000</ele>
			</trkpt>
			<trkpt lat="46.571646" lon="13.198031">
				<ele>1861.000000</ele>
			</trkpt>
			<trkpt lat="46.571640" lon="13.198066">
				<ele>1862.000000</ele>
			</trkpt>
			<trkpt lat="46.571646" lon="13.198102">
				<ele>1862.000000</ele>
			</trkpt>
			<trkpt lat="46.571646" lon="13.198138">
				<ele>1863.000000</ele>
			</trkpt>
			<trkpt lat="46.571640" lon="13.198174">
				<ele>1863.000000</ele>
			</trkpt>
			<trkpt lat="46.571628" lon="13.198245">
				<ele>1864.000000</ele>
			</trkpt>
			<trkpt lat="46.571610" lon="13.198264">
				<ele>1864.000000</ele>
			</trkpt>
			<trkpt lat="46.571591" lon="13.198318">
				<ele>1865.000000</ele>
			</trkpt>
			<trkpt lat="46.571579" lon="13.198354">
				<ele>1866.000000</ele>
			</trkpt>
			<trkpt lat="46.571579" lon="13.198371">
				<ele>1866.000000</ele>
			</trkpt>
			<trkpt lat="46.571572" lon="13.198390">
				<ele>1866.000000</ele>
			</trkpt>
			<trkpt lat="46.571560" lon="13.198398">
				<ele>1866.000000</ele>
			</trkpt>
			<trkpt lat="46.571554" lon="13.198434">
				<ele>1867.000000</ele>
			</trkpt>
			<trkpt lat="46.571541" lon="13.198480">
				<ele>1867.000000</ele>
			</trkpt>
			<trkpt lat="46.571523" lon="13.198569">
				<ele>1868.000000</ele>
			</trkpt>
			<trkpt lat="46.571517" lon="13.198597">
				<ele>1869.000000</ele>
			</trkpt>
			<trkpt lat="46.571517" lon="13.198641">
				<ele>1869.000000</ele>
			</trkpt>
			<trkpt lat="46.571529" lon="13.198668">
				<ele>1869.000000</ele>
			</trkpt>
			<trkpt lat="46.571529" lon="13.198731">
				<ele>1870.000000</ele>
			</trkpt>
			<trkpt lat="46.571510" lon="13.198811">
				<ele>1870.000000</ele>
			</trkpt>
			<trkpt lat="46.571510" lon="13.198857">
				<ele>1870.000000</ele>
			</trkpt>
			<trkpt lat="46.571504" lon="13.198911">
				<ele>1870.000000</ele>
			</trkpt>
			<trkpt lat="46.571437" lon="13.199010">
				<ele>1873.000000</ele>
			</trkpt>
			<trkpt lat="46.571344" lon="13.199144">
				<ele>1874.000000</ele>
			</trkpt>
			<trkpt lat="46.571288" lon="13.199314">
				<ele>1874.000000</ele>
			</trkpt>
			<trkpt lat="46.571294" lon="13.199360">
				<ele>1875.000000</ele>
			</trkpt>
			<trkpt lat="46.571282" lon="13.199404">
				<ele>1875.000000</ele>
			</trkpt>
			<trkpt lat="46.571282" lon="13.199467">
				<ele>1875.000000</ele>
			</trkpt>
			<trkpt lat="46.571251" lon="13.199513">
				<ele>1875.000000</ele>
			</trkpt>
			<trkpt lat="46.571214" lon="13.199539">
				<ele>1876.000000</ele>
			</trkpt>
			<trkpt lat="46.571189" lon="13.199584">
				<ele>1876.000000</ele>
			</trkpt>
			<trkpt lat="46.571165" lon="13.199666">
				<ele>1876.000000</ele>
			</trkpt>
			<trkpt lat="46.571127" lon="13.199729">
				<ele>1877.000000</ele>
			</trkpt>
			<trkpt lat="46.571097" lon="13.199773">
				<ele>1877.000000</ele>
			</trkpt>
			<trkpt lat="46.571035" lon="13.199890">
				<ele>1877.000000</ele>
			</trkpt>
			<trkpt lat="46.571041" lon="13.199943">
				<ele>1878.000000</ele>
			</trkpt>
			<trkpt lat="46.571060" lon="13.199979">
				<ele>1878.000000</ele>
			</trkpt>
			<trkpt lat="46.571066" lon="13.200025">
				<ele>1878.000000</ele>
			</trkpt>
			<trkpt lat="46.570998" lon="13.200186">
				<ele>1879.000000</ele>
			</trkpt>
			<trkpt lat="46.570942" lon="13.200285">
				<ele>1879.000000</ele>
			</trkpt>
			<trkpt lat="46.570875" lon="13.200348">
				<ele>1880.000000</ele>
			</trkpt>
			<trkpt lat="46.570609" lon="13.200482">
				<ele>1880.000000</ele>
			</trkpt>
			<trkpt lat="46.570523" lon="13.200572">
				<ele>1881.000000</ele>
			</trkpt>
			<trkpt lat="46.570510" lon="13.200716">
				<ele>1883.000000</ele>
			</trkpt>
			<trkpt lat="46.570479" lon="13.200860">
				<ele>1885.000000</ele>
			</trkpt>
			<trkpt lat="46.570492" lon="13.200887">
				<ele>1885.000000</ele>
			</trkpt>
			<trkpt lat="46.570517" lon="13.200878">
				<ele>1886.000000</ele>
			</trkpt>
			<trkpt lat="46.570541" lon="13.200895">
				<ele>1886.000000</ele>
			</trkpt>
			<trkpt lat="46.570553" lon="13.200895">
				<ele>1887.000000</ele>
			</trkpt>
			<trkpt lat="46.570565" lon="13.200869">
				<ele>1887.000000</ele>
			</trkpt>
			<trkpt lat="46.570590" lon="13.200788">
				<ele>1888.000000</ele>
			</trkpt>
			<trkpt lat="46.570634" lon="13.200752">
				<ele>1889.000000</ele>
			</trkpt>
			<trkpt lat="46.570757" lon="13.200752">
				<ele>1892.000000</ele>
			</trkpt>
			<trkpt lat="46.570788" lon="13.200752">
				<ele>1892.000000</ele>
			</trkpt>
			<trkpt lat="46.570831" lon="13.200725">
				<ele>1893.000000</ele>
			</trkpt>
			<trkpt lat="46.570875" lon="13.200716">
				<ele>1894.000000</ele>
			</trkpt>
			<trkpt lat="46.570887" lon="13.200725">
				<ele>1895.000000</ele>
			</trkpt>
			<trkpt lat="46.570862" lon="13.200771">
				<ele>1895.000000</ele>
			</trkpt>
			<trkpt lat="46.570813" lon="13.200851">
				<ele>1897.000000</ele>
			</trkpt>
			<trkpt lat="46.570738" lon="13.200914">
				<ele>1899.000000</ele>
			</trkpt>
			<trkpt lat="46.570732" lon="13.201219">
				<ele>1904.000000</ele>
			</trkpt>
			<trkpt lat="46.570621" lon="13.201471">
				<ele>1909.000000</ele>
			</trkpt>
			<trkpt lat="46.570584" lon="13.201587">
				<ele>1912.000000</ele>
			</trkpt>
			<trkpt lat="46.570553" lon="13.201839">
				<ele>1918.000000</ele>
			</trkpt>
			<trkpt lat="46.570596" lon="13.202046">
				<ele>1922.000000</ele>
			</trkpt>
			<trkpt lat="46.570529" lon="13.202163">
				<ele>1924.000000</ele>
			</trkpt>
			<trkpt lat="46.570523" lon="13.202180">
				<ele>1924.000000</ele>
			</trkpt>
			<trkpt lat="46.570510" lon="13.202253">
				<ele>1925.000000</ele>
			</trkpt>
			<trkpt lat="46.570442" lon="13.202369">
				<ele>1927.000000</ele>
			</trkpt>
			<trkpt lat="46.570337" lon="13.202620">
				<ele>1930.000000</ele>
			</trkpt>
			<trkpt lat="46.570269" lon="13.202908">
				<ele>1934.000000</ele>
			</trkpt>
			<trkpt lat="46.570164" lon="13.203105">
				<ele>1937.000000</ele>
			</trkpt>
			<trkpt lat="46.570040" lon="13.203465">
				<ele>1942.000000</ele>
			</trkpt>
			<trkpt lat="46.569868" lon="13.203905">
				<ele>1946.000000</ele>
			</trkpt>
			<trkpt lat="46.569738" lon="13.204516">
				<ele>1950.000000</ele>
			</trkpt>
			<trkpt lat="46.569645" lon="13.204776">
				<ele>1950.000000</ele>
			</trkpt>
			<trkpt lat="46.569485" lon="13.205109">
				<ele>1950.000000</ele>
			</trkpt>
			<trkpt lat="46.569454" lon="13.205208">
				<ele>1950.000000</ele>
			</trkpt>
			<trkpt lat="46.569442" lon="13.205477">
				<ele>1951.000000</ele>
			</trkpt>
			<trkpt lat="46.569399" lon="13.205621">
				<ele>1951.000000</ele>
			</trkpt>
			<trkpt lat="46.569355" lon="13.205719">
				<ele>1952.000000</ele>
			</trkpt>
			<trkpt lat="46.569318" lon="13.205746">
				<ele>1952.000000</ele>
			</trkpt>
			<trkpt lat="46.569047" lon="13.205828">
				<ele>1954.000000</ele>
			</trkpt>
			<trkpt lat="46.568985" lon="13.205872">
				<ele>1954.000000</ele>
			</trkpt>
			<trkpt lat="46.568855" lon="13.206008">
				<ele>1955.000000</ele>
			</trkpt>
			<trkpt lat="46.568540" lon="13.206430">
				<ele>1958.000000</ele>
			</trkpt>
			<trkpt lat="46.568478" lon="13.206608">
				<ele>1959.000000</ele>
			</trkpt>
			<trkpt lat="46.568441" lon="13.206914">
				<ele>1963.000000</ele>
			</trkpt>
			<trkpt lat="46.568337" lon="13.207184">
				<ele>1970.000000</ele>
			</trkpt>
			<trkpt lat="46.568089" lon="13.207300">
				<ele>1967.000000</ele>
			</trkpt>
			<trkpt lat="46.567997" lon="13.207327">
				<ele>1966.000000</ele>
			</trkpt>
			<trkpt lat="46.567793" lon="13.207444">
				<ele>1963.000000</ele>
			</trkpt>
			<trkpt lat="46.567669" lon="13.207499">
				<ele>1962.000000</ele>
			</trkpt>
			<trkpt lat="46.567614" lon="13.207480">
				<ele>1961.000000</ele>
			</trkpt>
			<trkpt lat="46.567391" lon="13.207553">
				<ele>1958.000000</ele>
			</trkpt>
			<trkpt lat="46.567329" lon="13.207616">
				<ele>1958.000000</ele>
			</trkpt>
			<trkpt lat="46.567237" lon="13.207597">
				<ele>1956.000000</ele>
			</trkpt>
			<trkpt lat="46.566922" lon="13.207777">
				<ele>1953.000000</ele>
			</trkpt>
			<trkpt lat="46.566904" lon="13.207786">
				<ele>1952.000000</ele>
			</trkpt>
			<trkpt lat="46.566829" lon="13.207740">
				<ele>1951.000000</ele>
			</trkpt>
			<trkpt lat="46.566570" lon="13.207768">
				<ele>1950.000000</ele>
			</trkpt>
			<trkpt lat="46.566521" lon="13.207777">
				<ele>1950.000000</ele>
			</trkpt>
			<trkpt lat="46.566483" lon="13.207813">
				<ele>1950.000000</ele>
			</trkpt>
			<trkpt lat="46.566465" lon="13.207893">
				<ele>1950.000000</ele>
			</trkpt>
			<trkpt lat="46.566440" lon="13.208073">
				<ele>1950.000000</ele>
			</trkpt>
			<trkpt lat="46.566415" lon="13.208109">
				<ele>1950.000000</ele>
			</trkpt>
			<trkpt lat="46.566397" lon="13.208155">
				<ele>1950.000000</ele>
			</trkpt>
			<trkpt lat="46.566385" lon="13.208190">
				<ele>1950.000000</ele>
			</trkpt>
			<trkpt lat="46.566373" lon="13.208245">
				<ele>1950.000000</ele>
			</trkpt>
			<trkpt lat="46.566366" lon="13.208262">
				<ele>1950.000000</ele>
			</trkpt>
			<trkpt lat="46.566354" lon="13.208298">
				<ele>1950.000000</ele>
			</trkpt>
			<trkpt lat="46.566348" lon="13.208325">
				<ele>1950.000000</ele>
			</trkpt>
			<trkpt lat="46.566342" lon="13.208361">
				<ele>1950.000000</ele>
			</trkpt>
			<trkpt lat="46.566335" lon="13.208388">
				<ele>1950.000000</ele>
			</trkpt>
			<trkpt lat="46.566323" lon="13.208415">
				<ele>1950.000000</ele>
			</trkpt>
			<trkpt lat="46.566317" lon="13.208442">
				<ele>1950.000000</ele>
			</trkpt>
			<trkpt lat="46.566304" lon="13.208478">
				<ele>1950.000000</ele>
			</trkpt>
			<trkpt lat="46.566292" lon="13.208522">
				<ele>1950.000000</ele>
			</trkpt>
			<trkpt lat="46.566280" lon="13.208549">
				<ele>1950.000000</ele>
			</trkpt>
			<trkpt lat="46.566273" lon="13.208568">
				<ele>1950.000000</ele>
			</trkpt>
			<trkpt lat="46.566267" lon="13.208595">
				<ele>1950.000000</ele>
			</trkpt>
			<trkpt lat="46.566255" lon="13.208631">
				<ele>1950.000000</ele>
			</trkpt>
			<trkpt lat="46.566248" lon="13.208666">
				<ele>1950.000000</ele>
			</trkpt>
			<trkpt lat="46.566242" lon="13.208702">
				<ele>1950.000000</ele>
			</trkpt>
			<trkpt lat="46.566236" lon="13.208738">
				<ele>1950.000000</ele>
			</trkpt>
			<trkpt lat="46.566236" lon="13.208774">
				<ele>1950.000000</ele>
			</trkpt>
			<trkpt lat="46.566224" lon="13.208811">
				<ele>1950.000000</ele>
			</trkpt>
			<trkpt lat="46.566224" lon="13.208845">
				<ele>1950.000000</ele>
			</trkpt>
			<trkpt lat="46.566218" lon="13.208900">
				<ele>1950.000000</ele>
			</trkpt>
			<trkpt lat="46.566218" lon="13.208945">
				<ele>1950.000000</ele>
			</trkpt>
			<trkpt lat="46.566212" lon="13.208971">
				<ele>1950.000000</ele>
			</trkpt>
			<trkpt lat="46.566212" lon="13.209025">
				<ele>1950.000000</ele>
			</trkpt>
			<trkpt lat="46.566200" lon="13.209061">
				<ele>1950.000000</ele>
			</trkpt>
			<trkpt lat="46.566193" lon="13.209098">
				<ele>1950.000000</ele>
			</trkpt>
			<trkpt lat="46.566181" lon="13.209124">
				<ele>1950.000000</ele>
			</trkpt>
			<trkpt lat="46.566175" lon="13.209161">
				<ele>1950.000000</ele>
			</trkpt>
			<trkpt lat="46.566163" lon="13.209178">
				<ele>1950.000000</ele>
			</trkpt>
			<trkpt lat="46.566150" lon="13.209205">
				<ele>1950.000000</ele>
			</trkpt>
			<trkpt lat="46.566138" lon="13.209258">
				<ele>1950.000000</ele>
			</trkpt>
			<trkpt lat="46.566131" lon="13.209295">
				<ele>1950.000000</ele>
			</trkpt>
			<trkpt lat="46.566119" lon="13.209340">
				<ele>1950.000000</ele>
			</trkpt>
			<trkpt lat="46.566113" lon="13.209394">
				<ele>1950.000000</ele>
			</trkpt>
			<trkpt lat="46.566107" lon="13.209466">
				<ele>1950.000000</ele>
			</trkpt>
			<trkpt lat="46.566100" lon="13.209528">
				<ele>1950.000000</ele>
			</trkpt>
			<trkpt lat="46.566082" lon="13.209591">
				<ele>1950.000000</ele>
			</trkpt>
			<trkpt lat="46.566069" lon="13.209637">
				<ele>1950.000000</ele>
			</trkpt>
			<trkpt lat="46.566051" lon="13.209690">
				<ele>1950.000000</ele>
			</trkpt>
			<trkpt lat="46.566033" lon="13.209727">
				<ele>1950.000000</ele>
			</trkpt>
			<trkpt lat="46.566020" lon="13.209798">
				<ele>1950.000000</ele>
			</trkpt>
			<trkpt lat="46.566014" lon="13.209834">
				<ele>1950.000000</ele>
			</trkpt>
			<trkpt lat="46.565996" lon="13.209853">
				<ele>1950.000000</ele>
			</trkpt>
			<trkpt lat="46.565990" lon="13.209870">
				<ele>1950.000000</ele>
			</trkpt>
			<trkpt lat="46.565983" lon="13.209897">
				<ele>1950.000000</ele>
			</trkpt>
			<trkpt lat="46.565977" lon="13.209924">
				<ele>1950.000000</ele>
			</trkpt>
			<trkpt lat="46.565971" lon="13.209977">
				<ele>1950.000000</ele>
			</trkpt>
			<trkpt lat="46.565952" lon="13.210032">
				<ele>1950.000000</ele>
			</trkpt>
			<trkpt lat="46.565946" lon="13.210059">
				<ele>1950.000000</ele>
			</trkpt>
			<trkpt lat="46.565940" lon="13.210103">
				<ele>1950.000000</ele>
			</trkpt>
			<trkpt lat="46.565934" lon="13.210122">
				<ele>1950.000000</ele>
			</trkpt>
			<trkpt lat="46.565928" lon="13.210149">
				<ele>1950.000000</ele>
			</trkpt>
			<trkpt lat="46.565928" lon="13.210193">
				<ele>1950.000000</ele>
			</trkpt>
			<trkpt lat="46.565921" lon="13.210256">
				<ele>1950.000000</ele>
			</trkpt>
			<trkpt lat="46.565921" lon="13.210310">
				<ele>1950.000000</ele>
			</trkpt>
			<trkpt lat="46.565915" lon="13.210373">
				<ele>1950.000000</ele>
			</trkpt>
			<trkpt lat="46.565915" lon="13.210400">
				<ele>1950.000000</ele>
			</trkpt>
			<trkpt lat="46.565921" lon="13.210463">
				<ele>1950.000000</ele>
			</trkpt>
			<trkpt lat="46.565928" lon="13.210499">
				<ele>1950.000000</ele>
			</trkpt>
			<trkpt lat="46.565909" lon="13.210543">
				<ele>1950.000000</ele>
			</trkpt>
			<trkpt lat="46.565909" lon="13.210579">
				<ele>1950.000000</ele>
			</trkpt>
			<trkpt lat="46.565903" lon="13.210633">
				<ele>1950.000000</ele>
			</trkpt>
			<trkpt lat="46.565896" lon="13.210660">
				<ele>1950.000000</ele>
			</trkpt>
			<trkpt lat="46.565896" lon="13.210688">
				<ele>1950.000000</ele>
			</trkpt>
			<trkpt lat="46.565884" lon="13.210723">
				<ele>1950.000000</ele>
			</trkpt>
			<trkpt lat="46.565866" lon="13.210769">
				<ele>1950.000000</ele>
			</trkpt>
			<trkpt lat="46.565847" lon="13.210822">
				<ele>1950.000000</ele>
			</trkpt>
			<trkpt lat="46.565841" lon="13.210832">
				<ele>1950.000000</ele>
			</trkpt>
			<trkpt lat="46.565829" lon="13.210849">
				<ele>1949.000000</ele>
			</trkpt>
			<trkpt lat="46.565823" lon="13.210858">
				<ele>1949.000000</ele>
			</trkpt>
			<trkpt lat="46.565811" lon="13.210895">
				<ele>1949.000000</ele>
			</trkpt>
			<trkpt lat="46.565804" lon="13.210912">
				<ele>1948.000000</ele>
			</trkpt>
			<trkpt lat="46.565786" lon="13.210929">
				<ele>1948.000000</ele>
			</trkpt>
			<trkpt lat="46.565767" lon="13.210984">
				<ele>1947.000000</ele>
			</trkpt>
			<trkpt lat="46.565755" lon="13.211046">
				<ele>1946.000000</ele>
			</trkpt>
			<trkpt lat="46.565736" lon="13.211082">
				<ele>1946.000000</ele>
			</trkpt>
			<trkpt lat="46.565730" lon="13.211119">
				<ele>1945.000000</ele>
			</trkpt>
			<trkpt lat="46.565730" lon="13.211182">
				<ele>1944.000000</ele>
			</trkpt>
			<trkpt lat="46.565724" lon="13.211218">
				<ele>1944.000000</ele>
			</trkpt>
			<trkpt lat="46.565717" lon="13.211254">
				<ele>1943.000000</ele>
			</trkpt>
			<trkpt lat="46.565705" lon="13.211281">
				<ele>1943.000000</ele>
			</trkpt>
			<trkpt lat="46.565687" lon="13.211334">
				<ele>1942.000000</ele>
			</trkpt>
			<trkpt lat="46.565668" lon="13.211361">
				<ele>1941.000000</ele>
			</trkpt>
			<trkpt lat="46.565662" lon="13.211415">
				<ele>1941.000000</ele>
			</trkpt>
			<trkpt lat="46.565656" lon="13.211442">
				<ele>1940.000000</ele>
			</trkpt>
			<trkpt lat="46.565631" lon="13.211495">
				<ele>1940.000000</ele>
			</trkpt>
			<trkpt lat="46.565619" lon="13.211514">
				<ele>1939.000000</ele>
			</trkpt>
			<trkpt lat="46.565607" lon="13.211541">
				<ele>1939.000000</ele>
			</trkpt>
			<trkpt lat="46.565594" lon="13.211595">
				<ele>1939.000000</ele>
			</trkpt>
			<trkpt lat="46.565582" lon="13.211612">
				<ele>1939.000000</ele>
			</trkpt>
			<trkpt lat="46.565569" lon="13.211658">
				<ele>1938.000000</ele>
			</trkpt>
			<trkpt lat="46.565563" lon="13.211675">
				<ele>1938.000000</ele>
			</trkpt>
			<trkpt lat="46.565563" lon="13.211730">
				<ele>1938.000000</ele>
			</trkpt>
			<trkpt lat="46.565563" lon="13.211765">
				<ele>1938.000000</ele>
			</trkpt>
			<trkpt lat="46.565557" lon="13.211801">
				<ele>1937.000000</ele>
			</trkpt>
			<trkpt lat="46.565544" lon="13.211847">
				<ele>1937.000000</ele>
			</trkpt>
			<trkpt lat="46.565538" lon="13.211891">
				<ele>1937.000000</ele>
			</trkpt>
			<trkpt lat="46.565538" lon="13.211945">
				<ele>1936.000000</ele>
			</trkpt>
			<trkpt lat="46.565532" lon="13.212027">
				<ele>1936.000000</ele>
			</trkpt>
			<trkpt lat="46.565538" lon="13.212061">
				<ele>1935.000000</ele>
			</trkpt>
			<trkpt lat="46.565526" lon="13.212107">
				<ele>1935.000000</ele>
			</trkpt>
			<trkpt lat="46.565526" lon="13.212178">
				<ele>1935.000000</ele>
			</trkpt>
			<trkpt lat="46.565508" lon="13.212233">
				<ele>1934.000000</ele>
			</trkpt>
			<trkpt lat="46.565501" lon="13.212260">
				<ele>1934.000000</ele>
			</trkpt>
			<trkpt lat="46.565489" lon="13.212296">
				<ele>1934.000000</ele>
			</trkpt>
			<trkpt lat="46.565495" lon="13.212340">
				<ele>1933.000000</ele>
			</trkpt>
			<trkpt lat="46.565489" lon="13.212386">
				<ele>1933.000000</ele>
			</trkpt>
			<trkpt lat="46.565465" lon="13.212466">
				<ele>1932.000000</ele>
			</trkpt>
			<trkpt lat="46.565465" lon="13.212503">
				<ele>1932.000000</ele>
			</trkpt>
			<trkpt lat="46.565465" lon="13.212537">
				<ele>1932.000000</ele>
			</trkpt>
			<trkpt lat="46.565471" lon="13.212574">
				<ele>1932.000000</ele>
			</trkpt>
			<trkpt lat="46.565459" lon="13.212637">
				<ele>1931.000000</ele>
			</trkpt>
			<trkpt lat="46.565459" lon="13.212664">
				<ele>1931.000000</ele>
			</trkpt>
			<trkpt lat="46.565452" lon="13.212709">
				<ele>1931.000000</ele>
			</trkpt>
			<trkpt lat="46.565434" lon="13.212753">
				<ele>1930.000000</ele>
			</trkpt>
			<trkpt lat="46.565421" lon="13.212790">
				<ele>1930.000000</ele>
			</trkpt>
			<trkpt lat="46.565409" lon="13.212807">
				<ele>1930.000000</ele>
			</trkpt>
			<trkpt lat="46.565403" lon="13.212834">
				<ele>1930.000000</ele>
			</trkpt>
			<trkpt lat="46.565409" lon="13.212889">
				<ele>1930.000000</ele>
			</trkpt>
			<trkpt lat="46.565409" lon="13.212924">
				<ele>1930.000000</ele>
			</trkpt>
			<trkpt lat="46.565409" lon="13.212942">
				<ele>1930.000000</ele>
			</trkpt>
			<trkpt lat="46.565415" lon="13.212979">
				<ele>1930.000000</ele>
			</trkpt>
			<trkpt lat="46.565409" lon="13.213006">
				<ele>1930.000000</ele>
			</trkpt>
			<trkpt lat="46.565409" lon="13.213040">
				<ele>1930.000000</ele>
			</trkpt>
			<trkpt lat="46.565409" lon="13.213077">
				<ele>1930.000000</ele>
			</trkpt>
			<trkpt lat="46.565409" lon="13.213113">
				<ele>1930.000000</ele>
			</trkpt>
			<trkpt lat="46.565390" lon="13.213140">
				<ele>1930.000000</ele>
			</trkpt>
			<trkpt lat="46.565390" lon="13.213176">
				<ele>1930.000000</ele>
			</trkpt>
			<trkpt lat="46.565378" lon="13.213203">
				<ele>1930.000000</ele>
			</trkpt>
			<trkpt lat="46.565378" lon="13.213239">
				<ele>1930.000000</ele>
			</trkpt>
			<trkpt lat="46.565372" lon="13.213256">
				<ele>1930.000000</ele>
			</trkpt>
			<trkpt lat="46.565353" lon="13.213319">
				<ele>1930.000000</ele>
			</trkpt>
			<trkpt lat="46.565347" lon="13.213338">
				<ele>1930.000000</ele>
			</trkpt>
			<trkpt lat="46.565341" lon="13.213400">
				<ele>1930.000000</ele>
			</trkpt>
			<trkpt lat="46.565334" lon="13.213436">
				<ele>1930.000000</ele>
			</trkpt>
			<trkpt lat="46.565322" lon="13.213472">
				<ele>1930.000000</ele>
			</trkpt>
			<trkpt lat="46.565310" lon="13.213516">
				<ele>1930.000000</ele>
			</trkpt>
			<trkpt lat="46.565310" lon="13.213545">
				<ele>1930.000000</ele>
			</trkpt>
			<trkpt lat="46.565310" lon="13.213571">
				<ele>1930.000000</ele>
			</trkpt>
			<trkpt lat="46.565298" lon="13.213598">
				<ele>1930.000000</ele>
			</trkpt>
			<trkpt lat="46.565298" lon="13.213634">
				<ele>1930.000000</ele>
			</trkpt>
			<trkpt lat="46.565279" lon="13.213706">
				<ele>1930.000000</ele>
			</trkpt>
			<trkpt lat="46.565279" lon="13.213732">
				<ele>1930.000000</ele>
			</trkpt>
			<trkpt lat="46.565273" lon="13.213769">
				<ele>1930.000000</ele>
			</trkpt>
			<trkpt lat="46.565267" lon="13.213805">
				<ele>1930.000000</ele>
			</trkpt>
			<trkpt lat="46.565273" lon="13.213876">
				<ele>1930.000000</ele>
			</trkpt>
			<trkpt lat="46.565267" lon="13.213921">
				<ele>1930.000000</ele>
			</trkpt>
			<trkpt lat="46.565255" lon="13.213958">
				<ele>1930.000000</ele>
			</trkpt>
			<trkpt lat="46.565261" lon="13.214002">
				<ele>1930.000000</ele>
			</trkpt>
			<trkpt lat="46.565255" lon="13.214021">
				<ele>1930.000000</ele>
			</trkpt>
			<trkpt lat="46.565248" lon="13.214065">
				<ele>1930.000000</ele>
			</trkpt>
			<trkpt lat="46.565248" lon="13.214101">
				<ele>1930.000000</ele>
			</trkpt>
			<trkpt lat="46.565242" lon="13.214119">
				<ele>1930.000000</ele>
			</trkpt>
			<trkpt lat="46.565230" lon="13.214137">
				<ele>1930.000000</ele>
			</trkpt>
			<trkpt lat="46.565217" lon="13.214164">
				<ele>1930.000000</ele>
			</trkpt>
			<trkpt lat="46.565205" lon="13.214191">
				<ele>1930.000000</ele>
			</trkpt>
			<trkpt lat="46.565199" lon="13.214218">
				<ele>1930.000000</ele>
			</trkpt>
			<trkpt lat="46.565199" lon="13.214245">
				<ele>1930.000000</ele>
			</trkpt>
			<trkpt lat="46.565180" lon="13.214262">
				<ele>1930.000000</ele>
			</trkpt>
			<trkpt lat="46.565180" lon="13.214290">
				<ele>1930.000000</ele>
			</trkpt>
			<trkpt lat="46.565174" lon="13.214317">
				<ele>1930.000000</ele>
			</trkpt>
			<trkpt lat="46.565168" lon="13.214352">
				<ele>1930.000000</ele>
			</trkpt>
			<trkpt lat="46.565161" lon="13.214380">
				<ele>1930.000000</ele>
			</trkpt>
			<trkpt lat="46.565155" lon="13.214407">
				<ele>1930.000000</ele>
			</trkpt>
			<trkpt lat="46.565143" lon="13.214424">
				<ele>1930.000000</ele>
			</trkpt>
			<trkpt lat="46.565137" lon="13.214461">
				<ele>1930.000000</ele>
			</trkpt>
			<trkpt lat="46.565125" lon="13.214478">
				<ele>1930.000000</ele>
			</trkpt>
			<trkpt lat="46.565125" lon="13.214505">
				<ele>1930.000000</ele>
			</trkpt>
			<trkpt lat="46.565113" lon="13.214560">
				<ele>1931.000000</ele>
			</trkpt>
			<trkpt lat="46.565088" lon="13.214622">
				<ele>1932.000000</ele>
			</trkpt>
			<trkpt lat="46.565075" lon="13.214648">
				<ele>1932.000000</ele>
			</trkpt>
			<trkpt lat="46.565044" lon="13.214730">
				<ele>1933.000000</ele>
			</trkpt>
			<trkpt lat="46.565038" lon="13.214766">
				<ele>1934.000000</ele>
			</trkpt>
			<trkpt lat="46.565038" lon="13.214793">
				<ele>1934.000000</ele>
			</trkpt>
			<trkpt lat="46.565026" lon="13.214820">
				<ele>1934.000000</ele>
			</trkpt>
			<trkpt lat="46.565020" lon="13.214927">
				<ele>1935.000000</ele>
			</trkpt>
			<trkpt lat="46.565007" lon="13.214954">
				<ele>1936.000000</ele>
			</trkpt>
			<trkpt lat="46.564995" lon="13.214981">
				<ele>1936.000000</ele>
			</trkpt>
			<trkpt lat="46.564982" lon="13.215000">
				<ele>1936.000000</ele>
			</trkpt>
			<trkpt lat="46.564982" lon="13.215036">
				<ele>1937.000000</ele>
			</trkpt>
			<trkpt lat="46.564970" lon="13.215107">
				<ele>1938.000000</ele>
			</trkpt>
			<trkpt lat="46.564958" lon="13.215179">
				<ele>1938.000000</ele>
			</trkpt>
			<trkpt lat="46.564946" lon="13.215233">
				<ele>1939.000000</ele>
			</trkpt>
			<trkpt lat="46.564946" lon="13.215269">
				<ele>1940.000000</ele>
			</trkpt>
			<trkpt lat="46.564946" lon="13.215277">
				<ele>1940.000000</ele>
			</trkpt>
			<trkpt lat="46.564934" lon="13.215323">
				<ele>1940.000000</ele>
			</trkpt>
			<trkpt lat="46.564934" lon="13.215350">
				<ele>1940.000000</ele>
			</trkpt>
			<trkpt lat="46.564934" lon="13.215386">
				<ele>1941.000000</ele>
			</trkpt>
			<trkpt lat="46.564921" lon="13.215413">
				<ele>1941.000000</ele>
			</trkpt>
			<trkpt lat="46.564896" lon="13.215466">
				<ele>1942.000000</ele>
			</trkpt>
			<trkpt lat="46.564865" lon="13.215512">
				<ele>1943.000000</ele>
			</trkpt>
			<trkpt lat="46.564840" lon="13.215566">
				<ele>1943.000000</ele>
			</trkpt>
			<trkpt lat="46.564809" lon="13.215602">
				<ele>1944.000000</ele>
			</trkpt>
			<trkpt lat="46.564791" lon="13.215629">
				<ele>1944.000000</ele>
			</trkpt>
			<trkpt lat="46.564779" lon="13.215656">
				<ele>1945.000000</ele>
			</trkpt>
			<trkpt lat="46.564767" lon="13.215682">
				<ele>1945.000000</ele>
			</trkpt>
			<trkpt lat="46.564761" lon="13.215745">
				<ele>1946.000000</ele>
			</trkpt>
			<trkpt lat="46.564761" lon="13.215780">
				<ele>1946.000000</ele>
			</trkpt>
			<trkpt lat="46.564773" lon="13.215826">
				<ele>1947.000000</ele>
			</trkpt>
			<trkpt lat="46.564779" lon="13.215870">
				<ele>1947.000000</ele>
			</trkpt>
			<trkpt lat="46.564803" lon="13.215906">
				<ele>1948.000000</ele>
			</trkpt>
			<trkpt lat="46.564828" lon="13.215996">
				<ele>1949.000000</ele>
			</trkpt>
			<trkpt lat="46.564853" lon="13.216050">
				<ele>1950.000000</ele>
			</trkpt>
			<trkpt lat="46.564878" lon="13.216132">
				<ele>1950.000000</ele>
			</trkpt>
			<trkpt lat="46.564890" lon="13.216195">
				<ele>1951.000000</ele>
			</trkpt>
			<trkpt lat="46.564903" lon="13.216239">
				<ele>1951.000000</ele>
			</trkpt>
			<trkpt lat="46.564921" lon="13.216293">
				<ele>1952.000000</ele>
			</trkpt>
			<trkpt lat="46.564927" lon="13.216329">
				<ele>1952.000000</ele>
			</trkpt>
			<trkpt lat="46.564946" lon="13.216382">
				<ele>1952.000000</ele>
			</trkpt>
			<trkpt lat="46.564946" lon="13.216445">
				<ele>1953.000000</ele>
			</trkpt>
			<trkpt lat="46.564940" lon="13.216482">
				<ele>1953.000000</ele>
			</trkpt>
			<trkpt lat="46.564934" lon="13.216545">
				<ele>1954.000000</ele>
			</trkpt>
			<trkpt lat="46.564934" lon="13.216616">
				<ele>1954.000000</ele>
			</trkpt>
			<trkpt lat="46.564934" lon="13.216635">
				<ele>1954.000000</ele>
			</trkpt>
			<trkpt lat="46.564946" lon="13.216688">
				<ele>1955.000000</ele>
			</trkpt>
			<trkpt lat="46.564934" lon="13.216742">
				<ele>1955.000000</ele>
			</trkpt>
			<trkpt lat="46.564915" lon="13.216778">
				<ele>1956.000000</ele>
			</trkpt>
			<trkpt lat="46.564896" lon="13.216814">
				<ele>1956.000000</ele>
			</trkpt>
			<trkpt lat="46.564878" lon="13.216868">
				<ele>1956.000000</ele>
			</trkpt>
			<trkpt lat="46.564884" lon="13.216948">
				<ele>1957.000000</ele>
			</trkpt>
			<trkpt lat="46.564896" lon="13.216975">
				<ele>1957.000000</ele>
			</trkpt>
			<trkpt lat="46.564903" lon="13.216994">
				<ele>1957.000000</ele>
			</trkpt>
			<trkpt lat="46.564934" lon="13.217084">
				<ele>1958.000000</ele>
			</trkpt>
			<trkpt lat="46.564940" lon="13.217155">
				<ele>1959.000000</ele>
			</trkpt>
			<trkpt lat="46.564940" lon="13.217191">
				<ele>1959.000000</ele>
			</trkpt>
			<trkpt lat="46.564952" lon="13.217218">
				<ele>1959.000000</ele>
			</trkpt>
			<trkpt lat="46.564952" lon="13.217254">
				<ele>1959.000000</ele>
			</trkpt>
			<trkpt lat="46.564958" lon="13.217281">
				<ele>1960.000000</ele>
			</trkpt>
			<trkpt lat="46.564964" lon="13.217317">
				<ele>1960.000000</ele>
			</trkpt>
			<trkpt lat="46.564970" lon="13.217353">
				<ele>1960.000000</ele>
			</trkpt>
			<trkpt lat="46.564976" lon="13.217388">
				<ele>1960.000000</ele>
			</trkpt>
			<trkpt lat="46.564982" lon="13.217416">
				<ele>1960.000000</ele>
			</trkpt>
			<trkpt lat="46.564989" lon="13.217461">
				<ele>1960.000000</ele>
			</trkpt>
			<trkpt lat="46.564995" lon="13.217487">
				<ele>1960.000000</ele>
			</trkpt>
			<trkpt lat="46.565001" lon="13.217551">
				<ele>1960.000000</ele>
			</trkpt>
			<trkpt lat="46.565013" lon="13.217604">
				<ele>1960.000000</ele>
			</trkpt>
			<trkpt lat="46.565026" lon="13.217721">
				<ele>1960.000000</ele>
			</trkpt>
			<trkpt lat="46.565044" lon="13.217766">
				<ele>1960.000000</ele>
			</trkpt>
			<trkpt lat="46.565051" lon="13.217803">
				<ele>1960.000000</ele>
			</trkpt>
			<trkpt lat="46.565051" lon="13.217820">
				<ele>1960.000000</ele>
			</trkpt>
			<trkpt lat="46.565044" lon="13.217874">
				<ele>1960.000000</ele>
			</trkpt>
			<trkpt lat="46.565044" lon="13.217946">
				<ele>1960.000000</ele>
			</trkpt>
			<trkpt lat="46.565044" lon="13.218044">
				<ele>1960.000000</ele>
			</trkpt>
			<trkpt lat="46.565044" lon="13.218072">
				<ele>1960.000000</ele>
			</trkpt>
			<trkpt lat="46.565044" lon="13.218107">
				<ele>1960.000000</ele>
			</trkpt>
			<trkpt lat="46.565044" lon="13.218143">
				<ele>1960.000000</ele>
			</trkpt>
			<trkpt lat="46.565044" lon="13.218153">
				<ele>1960.000000</ele>
			</trkpt>
			<trkpt lat="46.565075" lon="13.218206">
				<ele>1960.000000</ele>
			</trkpt>
			<trkpt lat="46.565082" lon="13.218243">
				<ele>1960.000000</ele>
			</trkpt>
			<trkpt lat="46.565082" lon="13.218269">
				<ele>1960.000000</ele>
			</trkpt>
			<trkpt lat="46.565082" lon="13.218296">
				<ele>1960.000000</ele>
			</trkpt>
			<trkpt lat="46.565063" lon="13.218332">
				<ele>1960.000000</ele>
			</trkpt>
			<trkpt lat="46.565051" lon="13.218350">
				<ele>1960.000000</ele>
			</trkpt>
			<trkpt lat="46.565038" lon="13.218377">
				<ele>1960.000000</ele>
			</trkpt>
			<trkpt lat="46.565038" lon="13.218395">
				<ele>1960.000000</ele>
			</trkpt>
			<trkpt lat="46.565051" lon="13.218485">
				<ele>1960.000000</ele>
			</trkpt>
			<trkpt lat="46.565051" lon="13.218512">
				<ele>1960.000000</ele>
			</trkpt>
			<trkpt lat="46.565044" lon="13.218520">
				<ele>1960.000000</ele>
			</trkpt>
			<trkpt lat="46.565044" lon="13.218575">
				<ele>1960.000000</ele>
			</trkpt>
			<trkpt lat="46.565032" lon="13.218602">
				<ele>1960.000000</ele>
			</trkpt>
			<trkpt lat="46.565013" lon="13.218646">
				<ele>1960.000000</ele>
			</trkpt>
			<trkpt lat="46.565007" lon="13.218665">
				<ele>1960.000000</ele>
			</trkpt>
			<trkpt lat="46.564989" lon="13.218682">
				<ele>1960.000000</ele>
			</trkpt>
			<trkpt lat="46.564982" lon="13.218692">
				<ele>1960.000000</ele>
			</trkpt>
			<trkpt lat="46.564970" lon="13.218728">
				<ele>1960.000000</ele>
			</trkpt>
			<trkpt lat="46.564952" lon="13.218782">
				<ele>1960.000000</ele>
			</trkpt>
			<trkpt lat="46.564946" lon="13.218790">
				<ele>1960.000000</ele>
			</trkpt>
			<trkpt lat="46.564927" lon="13.218818">
				<ele>1960.000000</ele>
			</trkpt>
			<trkpt lat="46.564903" lon="13.218906">
				<ele>1960.000000</ele>
			</trkpt>
			<trkpt lat="46.564884" lon="13.218935">
				<ele>1960.000000</ele>
			</trkpt>
			<trkpt lat="46.564878" lon="13.218952">
				<ele>1960.000000</ele>
			</trkpt>
			<trkpt lat="46.564865" lon="13.219015">
				<ele>1960.000000</ele>
			</trkpt>
			<trkpt lat="46.564865" lon="13.219051">
				<ele>1960.000000</ele>
			</trkpt>
			<trkpt lat="46.564878" lon="13.219078">
				<ele>1960.000000</ele>
			</trkpt>
			<trkpt lat="46.564878" lon="13.219222">
				<ele>1960.000000</ele>
			</trkpt>
			<trkpt lat="46.564834" lon="13.219411">
				<ele>1960.000000</ele>
			</trkpt>
			<trkpt lat="46.564834" lon="13.219464">
				<ele>1960.000000</ele>
			</trkpt>
			<trkpt lat="46.564847" lon="13.219590">
				<ele>1960.000000</ele>
			</trkpt>
			<trkpt lat="46.564903" lon="13.219805">
				<ele>1964.000000</ele>
			</trkpt>
			<trkpt lat="46.564853" lon="13.219958">
				<ele>1967.000000</ele>
			</trkpt>
			<trkpt lat="46.564853" lon="13.219994">
				<ele>1968.000000</ele>
			</trkpt>
			<trkpt lat="46.564909" lon="13.220074">
				<ele>1970.000000</ele>
			</trkpt>
			<trkpt lat="46.564964" lon="13.220093">
				<ele>1971.000000</ele>
			</trkpt>
			<trkpt lat="46.565001" lon="13.220461">
				<ele>1978.000000</ele>
			</trkpt>
			<trkpt lat="46.565032" lon="13.220596">
				<ele>1980.000000</ele>
			</trkpt>
			<trkpt lat="46.565082" lon="13.220722">
				<ele>1980.000000</ele>
			</trkpt>
			<trkpt lat="46.565094" lon="13.220812">
				<ele>1980.000000</ele>
			</trkpt>
			<trkpt lat="46.565075" lon="13.220973">
				<ele>1980.000000</ele>
			</trkpt>
			<trkpt lat="46.565044" lon="13.221045">
				<ele>1980.000000</ele>
			</trkpt>
			<trkpt lat="46.565038" lon="13.221090">
				<ele>1980.000000</ele>
			</trkpt>
			<trkpt lat="46.565100" lon="13.221323">
				<ele>1980.000000</ele>
			</trkpt>
			<trkpt lat="46.565119" lon="13.221585">
				<ele>1980.000000</ele>
			</trkpt>
			<trkpt lat="46.565113" lon="13.221682">
				<ele>1980.000000</ele>
			</trkpt>
			<trkpt lat="46.565107" lon="13.221719">
				<ele>1980.000000</ele>
			</trkpt>
			<trkpt lat="46.565100" lon="13.221799">
				<ele>1980.000000</ele>
			</trkpt>
			<trkpt lat="46.565082" lon="13.221898">
				<ele>1980.000000</ele>
			</trkpt>
			<trkpt lat="46.565082" lon="13.221988">
				<ele>1980.000000</ele>
			</trkpt>
			<trkpt lat="46.565069" lon="13.222051">
				<ele>1980.000000</ele>
			</trkpt>
			<trkpt lat="46.565063" lon="13.222122">
				<ele>1980.000000</ele>
			</trkpt>
			<trkpt lat="46.564952" lon="13.222627">
				<ele>1980.000000</ele>
			</trkpt>
			<trkpt lat="46.564927" lon="13.223120">
				<ele>1980.000000</ele>
			</trkpt>
			<trkpt lat="46.564859" lon="13.223336">
				<ele>1980.000000</ele>
			</trkpt>
			<trkpt lat="46.564816" lon="13.223426">
				<ele>1980.000000</ele>
			</trkpt>
			<trkpt lat="46.564624" lon="13.223686">
				<ele>1980.000000</ele>
			</trkpt>
			<trkpt lat="46.564495" lon="13.224036">
				<ele>1980.000000</ele>
			</trkpt>
			<trkpt lat="46.564415" lon="13.224818">
				<ele>1980.000000</ele>
			</trkpt>
			<trkpt lat="46.564396" lon="13.224908">
				<ele>1980.000000</ele>
			</trkpt>
			<trkpt lat="46.564353" lon="13.225034">
				<ele>1980.000000</ele>
			</trkpt>
			<trkpt lat="46.564272" lon="13.225375">
				<ele>1980.000000</ele>
			</trkpt>
			<trkpt lat="46.564155" lon="13.225590">
				<ele>1980.000000</ele>
			</trkpt>
			<trkpt lat="46.563964" lon="13.225806">
				<ele>1980.000000</ele>
			</trkpt>
			<trkpt lat="46.563877" lon="13.225977">
				<ele>1980.000000</ele>
			</trkpt>
			<trkpt lat="46.563847" lon="13.226166">
				<ele>1980.000000</ele>
			</trkpt>
			<trkpt lat="46.563766" lon="13.226282">
				<ele>1980.000000</ele>
			</trkpt>
			<trkpt lat="46.563704" lon="13.226409">
				<ele>1980.000000</ele>
			</trkpt>
			<trkpt lat="46.563667" lon="13.226732">
				<ele>1980.000000</ele>
			</trkpt>
			<trkpt lat="46.563636" lon="13.226839">
				<ele>1980.000000</ele>
			</trkpt>
			<trkpt lat="46.563513" lon="13.226938">
				<ele>1980.000000</ele>
			</trkpt>
			<trkpt lat="46.563426" lon="13.227099">
				<ele>1980.000000</ele>
			</trkpt>
			<trkpt lat="46.563389" lon="13.227208">
				<ele>1980.000000</ele>
			</trkpt>
			<trkpt lat="46.563284" lon="13.227225">
				<ele>1980.000000</ele>
			</trkpt>
			<trkpt lat="46.563118" lon="13.227361">
				<ele>1980.000000</ele>
			</trkpt>
			<trkpt lat="46.563031" lon="13.227369">
				<ele>1980.000000</ele>
			</trkpt>
			<trkpt lat="46.562901" lon="13.227459">
				<ele>1980.000000</ele>
			</trkpt>
			<trkpt lat="46.562772" lon="13.227485">
				<ele>1980.000000</ele>
			</trkpt>
			<trkpt lat="46.562611" lon="13.227657">
				<ele>1980.000000</ele>
			</trkpt>
			<trkpt lat="46.562524" lon="13.227701">
				<ele>1980.000000</ele>
			</trkpt>
			<trkpt lat="46.562203" lon="13.228051">
				<ele>1980.000000</ele>
			</trkpt>
			<trkpt lat="46.562110" lon="13.228214">
				<ele>1980.000000</ele>
			</trkpt>
			<trkpt lat="46.561962" lon="13.228313">
				<ele>1980.000000</ele>
			</trkpt>
			<trkpt lat="46.561808" lon="13.228340">
				<ele>1980.000000</ele>
			</trkpt>
			<trkpt lat="46.561555" lon="13.228466">
				<ele>1980.000000</ele>
			</trkpt>
			<trkpt lat="46.561406" lon="13.228510">
				<ele>1980.000000</ele>
			</trkpt>
			<trkpt lat="46.561295" lon="13.228654">
				<ele>1980.000000</ele>
			</trkpt>
			<trkpt lat="46.561135" lon="13.228743">
				<ele>1980.000000</ele>
			</trkpt>
			<trkpt lat="46.561079" lon="13.228843">
				<ele>1980.000000</ele>
			</trkpt>
			<trkpt lat="46.560937" lon="13.228950">
				<ele>1980.000000</ele>
			</trkpt>
			<trkpt lat="46.560881" lon="13.229067">
				<ele>1980.000000</ele>
			</trkpt>
			<trkpt lat="46.560678" lon="13.229722">
				<ele>1980.000000</ele>
			</trkpt>
			<trkpt lat="46.560591" lon="13.229812">
				<ele>1980.000000</ele>
			</trkpt>
			<trkpt lat="46.560449" lon="13.230055">
				<ele>1980.000000</ele>
			</trkpt>
			<trkpt lat="46.560369" lon="13.230262">
				<ele>1978.000000</ele>
			</trkpt>
			<trkpt lat="46.560258" lon="13.230441">
				<ele>1976.000000</ele>
			</trkpt>
			<trkpt lat="46.560202" lon="13.230585">
				<ele>1975.000000</ele>
			</trkpt>
			<trkpt lat="46.560177" lon="13.230701">
				<ele>1974.000000</ele>
			</trkpt>
			<trkpt lat="46.560122" lon="13.230864">
				<ele>1973.000000</ele>
			</trkpt>
			<trkpt lat="46.559844" lon="13.231313">
				<ele>1968.000000</ele>
			</trkpt>
			<trkpt lat="46.559634" lon="13.231367">
				<ele>1965.000000</ele>
			</trkpt>
			<trkpt lat="46.559541" lon="13.231430">
				<ele>1964.000000</ele>
			</trkpt>
			<trkpt lat="46.559356" lon="13.231699">
				<ele>1960.000000</ele>
			</trkpt>
			<trkpt lat="46.559319" lon="13.231726">
				<ele>1960.000000</ele>
			</trkpt>
			<trkpt lat="46.559263" lon="13.231852">
				<ele>1959.000000</ele>
			</trkpt>
			<trkpt lat="46.559171" lon="13.231933">
				<ele>1957.000000</ele>
			</trkpt>
			<trkpt lat="46.559164" lon="13.231978">
				<ele>1957.000000</ele>
			</trkpt>
			<trkpt lat="46.559115" lon="13.232022">
				<ele>1956.000000</ele>
			</trkpt>
			<trkpt lat="46.559078" lon="13.232166">
				<ele>1954.000000</ele>
			</trkpt>
			<trkpt lat="46.559053" lon="13.232193">
				<ele>1954.000000</ele>
			</trkpt>
			<trkpt lat="46.558769" lon="13.232346">
				<ele>1949.000000</ele>
			</trkpt>
			<trkpt lat="46.558720" lon="13.232292">
				<ele>1948.000000</ele>
			</trkpt>
			<trkpt lat="46.558658" lon="13.232319">
				<ele>1948.000000</ele>
			</trkpt>
			<trkpt lat="46.558504" lon="13.232309">
				<ele>1945.000000</ele>
			</trkpt>
			<trkpt lat="46.558467" lon="13.232328">
				<ele>1945.000000</ele>
			</trkpt>
			<trkpt lat="46.558404" lon="13.232364">
				<ele>1944.000000</ele>
			</trkpt>
			<trkpt lat="46.558349" lon="13.232372">
				<ele>1943.000000</ele>
			</trkpt>
			<trkpt lat="46.558225" lon="13.232391">
				<ele>1942.000000</ele>
			</trkpt>
			<trkpt lat="46.558182" lon="13.232364">
				<ele>1941.000000</ele>
			</trkpt>
			<trkpt lat="46.558108" lon="13.232382">
				<ele>1940.000000</ele>
			</trkpt>
			<trkpt lat="46.558040" lon="13.232426">
				<ele>1940.000000</ele>
			</trkpt>
			<trkpt lat="46.557985" lon="13.232435">
				<ele>1940.000000</ele>
			</trkpt>
			<trkpt lat="46.557960" lon="13.232418">
				<ele>1940.000000</ele>
			</trkpt>
			<trkpt lat="46.557879" lon="13.232382">
				<ele>1940.000000</ele>
			</trkpt>
			<trkpt lat="46.557836" lon="13.232409">
				<ele>1940.000000</ele>
			</trkpt>
			<trkpt lat="46.557787" lon="13.232462">
				<ele>1940.000000</ele>
			</trkpt>
			<trkpt lat="46.557756" lon="13.232481">
				<ele>1940.000000</ele>
			</trkpt>
			<trkpt lat="46.557675" lon="13.232525">
				<ele>1940.000000</ele>
			</trkpt>
			<trkpt lat="46.557633" lon="13.232606">
				<ele>1940.000000</ele>
			</trkpt>
			<trkpt lat="46.557620" lon="13.232724">
				<ele>1940.000000</ele>
			</trkpt>
			<trkpt lat="46.557608" lon="13.232812">
				<ele>1940.000000</ele>
			</trkpt>
			<trkpt lat="46.557596" lon="13.232867">
				<ele>1940.000000</ele>
			</trkpt>
			<trkpt lat="46.557614" lon="13.232885">
				<ele>1940.000000</ele>
			</trkpt>
			<trkpt lat="46.557663" lon="13.232875">
				<ele>1940.000000</ele>
			</trkpt>
			<trkpt lat="46.557719" lon="13.232867">
				<ele>1938.000000</ele>
			</trkpt>
			<trkpt lat="46.557781" lon="13.232902">
				<ele>1936.000000</ele>
			</trkpt>
			<trkpt lat="46.557756" lon="13.233038">
				<ele>1932.000000</ele>
			</trkpt>
			<trkpt lat="46.557806" lon="13.233074">
				<ele>1930.000000</ele>
			</trkpt>
			<trkpt lat="46.557861" lon="13.233074">
				<ele>1929.000000</ele>
			</trkpt>
			<trkpt lat="46.557923" lon="13.233055">
				<ele>1927.000000</ele>
			</trkpt>
			<trkpt lat="46.558015" lon="13.233082">
				<ele>1925.000000</ele>
			</trkpt>
			<trkpt lat="46.558152" lon="13.233118">
				<ele>1922.000000</ele>
			</trkpt>
			<trkpt lat="46.558250" lon="13.233172">
				<ele>1919.000000</ele>
			</trkpt>
			<trkpt lat="46.558312" lon="13.233200">
				<ele>1917.000000</ele>
			</trkpt>
			<trkpt lat="46.558331" lon="13.233227">
				<ele>1917.000000</ele>
			</trkpt>
			<trkpt lat="46.558269" lon="13.233262">
				<ele>1915.000000</ele>
			</trkpt>
			<trkpt lat="46.558238" lon="13.233317">
				<ele>1914.000000</ele>
			</trkpt>
			<trkpt lat="46.558219" lon="13.233378">
				<ele>1912.000000</ele>
			</trkpt>
			<trkpt lat="46.558231" lon="13.233468">
				<ele>1911.000000</ele>
			</trkpt>
			<trkpt lat="46.558361" lon="13.233594">
				<ele>1907.000000</ele>
			</trkpt>
			<trkpt lat="46.558411" lon="13.233621">
				<ele>1905.000000</ele>
			</trkpt>
			<trkpt lat="46.558485" lon="13.233720">
				<ele>1903.000000</ele>
			</trkpt>
			<trkpt lat="46.558540" lon="13.233738">
				<ele>1901.000000</ele>
			</trkpt>
			<trkpt lat="46.558633" lon="13.233730">
				<ele>1899.000000</ele>
			</trkpt>
			<trkpt lat="46.558732" lon="13.233801">
				<ele>1895.000000</ele>
			</trkpt>
			<trkpt lat="46.558683" lon="13.233891">
				<ele>1893.000000</ele>
			</trkpt>
			<trkpt lat="46.558726" lon="13.233963">
				<ele>1891.000000</ele>
			</trkpt>
			<trkpt lat="46.558788" lon="13.234007">
				<ele>1889.000000</ele>
			</trkpt>
			<trkpt lat="46.558886" lon="13.233999">
				<ele>1887.000000</ele>
			</trkpt>
			<trkpt lat="46.558868" lon="13.234089">
				<ele>1886.000000</ele>
			</trkpt>
			<trkpt lat="46.558899" lon="13.234143">
				<ele>1885.000000</ele>
			</trkpt>
			<trkpt lat="46.558998" lon="13.234179">
				<ele>1883.000000</ele>
			</trkpt>
			<trkpt lat="46.559084" lon="13.234169">
				<ele>1881.000000</ele>
			</trkpt>
			<trkpt lat="46.559121" lon="13.234223">
				<ele>1880.000000</ele>
			</trkpt>
			<trkpt lat="46.559102" lon="13.234349">
				<ele>1878.000000</ele>
			</trkpt>
			<trkpt lat="46.559263" lon="13.234448">
				<ele>1872.000000</ele>
			</trkpt>
			<trkpt lat="46.559381" lon="13.234600">
				<ele>1867.000000</ele>
			</trkpt>
			<trkpt lat="46.559350" lon="13.234709">
				<ele>1864.000000</ele>
			</trkpt>
			<trkpt lat="46.559393" lon="13.234816">
				<ele>1860.000000</ele>
			</trkpt>
			<trkpt lat="46.559442" lon="13.234852">
				<ele>1859.000000</ele>
			</trkpt>
			<trkpt lat="46.559510" lon="13.234925">
				<ele>1857.000000</ele>
			</trkpt>
			<trkpt lat="46.559578" lon="13.234996">
				<ele>1854.000000</ele>
			</trkpt>
			<trkpt lat="46.559578" lon="13.235175">
				<ele>1851.000000</ele>
			</trkpt>
			<trkpt lat="46.559689" lon="13.235292">
				<ele>1846.000000</ele>
			</trkpt>
			<trkpt lat="46.559702" lon="13.235525">
				<ele>1840.000000</ele>
			</trkpt>
			<trkpt lat="46.559782" lon="13.235338">
				<ele>1838.000000</ele>
			</trkpt>
			<trkpt lat="46.559838" lon="13.235139">
				<ele>1836.000000</ele>
			</trkpt>
			<trkpt lat="46.559955" lon="13.235076">
				<ele>1834.000000</ele>
			</trkpt>
			<trkpt lat="46.560054" lon="13.235068">
				<ele>1833.000000</ele>
			</trkpt>
			<trkpt lat="46.560214" lon="13.235005">
				<ele>1830.000000</ele>
			</trkpt>
			<trkpt lat="46.560277" lon="13.235022">
				<ele>1830.000000</ele>
			</trkpt>
			<trkpt lat="46.560325" lon="13.234898">
				<ele>1829.000000</ele>
			</trkpt>
			<trkpt lat="46.560356" lon="13.234835">
				<ele>1829.000000</ele>
			</trkpt>
			<trkpt lat="46.560462" lon="13.234780">
				<ele>1827.000000</ele>
			</trkpt>
			<trkpt lat="46.560573" lon="13.234798">
				<ele>1826.000000</ele>
			</trkpt>
			<trkpt lat="46.560696" lon="13.234888">
				<ele>1824.000000</ele>
			</trkpt>
			<trkpt lat="46.560696" lon="13.235032">
				<ele>1823.000000</ele>
			</trkpt>
			<trkpt lat="46.560795" lon="13.235158">
				<ele>1822.000000</ele>
			</trkpt>
			<trkpt lat="46.560906" lon="13.235202">
				<ele>1820.000000</ele>
			</trkpt>
			<trkpt lat="46.560999" lon="13.235265">
				<ele>1818.000000</ele>
			</trkpt>
			<trkpt lat="46.561154" lon="13.235229">
				<ele>1816.000000</ele>
			</trkpt>
			<trkpt lat="46.561326" lon="13.235301">
				<ele>1813.000000</ele>
			</trkpt>
			<trkpt lat="46.561431" lon="13.235338">
				<ele>1811.000000</ele>
			</trkpt>
			<trkpt lat="46.561493" lon="13.235435">
				<ele>1809.000000</ele>
			</trkpt>
			<trkpt lat="46.561616" lon="13.235588">
				<ele>1805.000000</ele>
			</trkpt>
			<trkpt lat="46.561610" lon="13.235607">
				<ele>1805.000000</ele>
			</trkpt>
			<trkpt lat="46.561777" lon="13.235705">
				<ele>1801.000000</ele>
			</trkpt>
			<trkpt lat="46.561950" lon="13.235795">
				<ele>1796.000000</ele>
			</trkpt>
			<trkpt lat="46.562216" lon="13.235877">
				<ele>1789.000000</ele>
			</trkpt>
			<trkpt lat="46.562543" lon="13.236028">
				<ele>1782.000000</ele>
			</trkpt>
			<trkpt lat="46.562766" lon="13.236154">
				<ele>1778.000000</ele>
			</trkpt>
			<trkpt lat="46.563099" lon="13.236217">
				<ele>1773.000000</ele>
			</trkpt>
			<trkpt lat="46.563556" lon="13.236433">
				<ele>1764.000000</ele>
			</trkpt>
			<trkpt lat="46.563883" lon="13.236613">
				<ele>1758.000000</ele>
			</trkpt>
			<trkpt lat="46.564044" lon="13.236766">
				<ele>1754.000000</ele>
			</trkpt>
			<trkpt lat="46.564241" lon="13.237043">
				<ele>1749.000000</ele>
			</trkpt>
			<trkpt lat="46.564513" lon="13.237359">
				<ele>1742.000000</ele>
			</trkpt>
			<trkpt lat="46.564692" lon="13.237628">
				<ele>1735.000000</ele>
			</trkpt>
			<trkpt lat="46.564878" lon="13.237726">
				<ele>1729.000000</ele>
			</trkpt>
			<trkpt lat="46.564982" lon="13.237655">
				<ele>1728.000000</ele>
			</trkpt>
			<trkpt lat="46.565063" lon="13.237412">
				<ele>1726.000000</ele>
			</trkpt>
			<trkpt lat="46.565168" lon="13.237278">
				<ele>1724.000000</ele>
			</trkpt>
			<trkpt lat="46.565310" lon="13.237242">
				<ele>1722.000000</ele>
			</trkpt>
			<trkpt lat="46.565483" lon="13.237359">
				<ele>1720.000000</ele>
			</trkpt>
			<trkpt lat="46.565631" lon="13.237493">
				<ele>1716.000000</ele>
			</trkpt>
			<trkpt lat="46.565755" lon="13.237646">
				<ele>1714.000000</ele>
			</trkpt>
			<trkpt lat="46.565896" lon="13.237548">
				<ele>1711.000000</ele>
			</trkpt>
			<trkpt lat="46.565983" lon="13.237332">
				<ele>1709.000000</ele>
			</trkpt>
			<trkpt lat="46.566027" lon="13.237296">
				<ele>1709.000000</ele>
			</trkpt>
			<trkpt lat="46.566076" lon="13.237286">
				<ele>1708.000000</ele>
			</trkpt>
			<trkpt lat="46.566119" lon="13.237278">
				<ele>1708.000000</ele>
			</trkpt>
			<trkpt lat="46.566317" lon="13.237322">
				<ele>1706.000000</ele>
			</trkpt>
			<trkpt lat="46.566471" lon="13.237448">
				<ele>1704.000000</ele>
			</trkpt>
			<trkpt lat="46.567132" lon="13.237754">
				<ele>1692.000000</ele>
			</trkpt>
			<trkpt lat="46.567280" lon="13.237871">
				<ele>1689.000000</ele>
			</trkpt>
			<trkpt lat="46.567410" lon="13.237835">
				<ele>1687.000000</ele>
			</trkpt>
			<trkpt lat="46.567645" lon="13.237745">
				<ele>1683.000000</ele>
			</trkpt>
			<trkpt lat="46.567725" lon="13.237745">
				<ele>1681.000000</ele>
			</trkpt>
			<trkpt lat="46.567774" lon="13.237745">
				<ele>1681.000000</ele>
			</trkpt>
			<trkpt lat="46.567879" lon="13.237781">
				<ele>1679.000000</ele>
			</trkpt>
			<trkpt lat="46.567910" lon="13.237808">
				<ele>1678.000000</ele>
			</trkpt>
			<trkpt lat="46.567929" lon="13.237844">
				<ele>1678.000000</ele>
			</trkpt>
			<trkpt lat="46.567947" lon="13.237898">
				<ele>1677.000000</ele>
			</trkpt>
			<trkpt lat="46.567947" lon="13.237961">
				<ele>1676.000000</ele>
			</trkpt>
			<trkpt lat="46.567935" lon="13.238014">
				<ele>1676.000000</ele>
			</trkpt>
			<trkpt lat="46.567910" lon="13.238068">
				<ele>1675.000000</ele>
			</trkpt>
			<trkpt lat="46.567842" lon="13.238158">
				<ele>1674.000000</ele>
			</trkpt>
			<trkpt lat="46.567805" lon="13.238185">
				<ele>1673.000000</ele>
			</trkpt>
			<trkpt lat="46.567762" lon="13.238212">
				<ele>1672.000000</ele>
			</trkpt>
			<trkpt lat="46.567669" lon="13.238238">
				<ele>1671.000000</ele>
			</trkpt>
			<trkpt lat="46.567651" lon="13.238257">
				<ele>1670.000000</ele>
			</trkpt>
			<trkpt lat="46.567645" lon="13.238284">
				<ele>1670.000000</ele>
			</trkpt>
			<trkpt lat="46.567657" lon="13.238311">
				<ele>1670.000000</ele>
			</trkpt>
			<trkpt lat="46.567694" lon="13.238338">
				<ele>1669.000000</ele>
			</trkpt>
			<trkpt lat="46.567854" lon="13.238374">
				<ele>1665.000000</ele>
			</trkpt>
			<trkpt lat="46.567916" lon="13.238374">
				<ele>1663.000000</ele>
			</trkpt>
			<trkpt lat="46.568052" lon="13.238328">
				<ele>1660.000000</ele>
			</trkpt>
			<trkpt lat="46.568151" lon="13.238284">
				<ele>1658.000000</ele>
			</trkpt>
			<trkpt lat="46.568379" lon="13.238167">
				<ele>1652.000000</ele>
			</trkpt>
			<trkpt lat="46.568516" lon="13.238051">
				<ele>1650.000000</ele>
			</trkpt>
			<trkpt lat="46.568664" lon="13.237906">
				<ele>1649.000000</ele>
			</trkpt>
			<trkpt lat="46.568799" lon="13.237879">
				<ele>1647.000000</ele>
			</trkpt>
			<trkpt lat="46.569120" lon="13.237978">
				<ele>1641.000000</ele>
			</trkpt>
			<trkpt lat="46.569738" lon="13.238122">
				<ele>1633.000000</ele>
			</trkpt>
			<trkpt lat="46.570213" lon="13.238355">
				<ele>1629.000000</ele>
			</trkpt>
			<trkpt lat="46.570436" lon="13.238382">
				<ele>1627.000000</ele>
			</trkpt>
			<trkpt lat="46.570677" lon="13.238238">
				<ele>1625.000000</ele>
			</trkpt>
			<trkpt lat="46.570819" lon="13.238167">
				<ele>1624.000000</ele>
			</trkpt>
		</trkseg>
	</trk>
</gpx>

